[
{
  "fields": {
    "email": "81plj5@example.com"
  },
  "model": "hwdoc.email",
  "pk": 41
},
{
  "fields": {
    "email": "mzz2f00ft@example.com"
  },
  "model": "hwdoc.email",
  "pk": 42
},
{
  "fields": {
    "email": "z49mrkrp@example.com"
  },
  "model": "hwdoc.email",
  "pk": 43
},
{
  "fields": {
    "email": "m9fxd1@example.com"
  },
  "model": "hwdoc.email",
  "pk": 44
},
{
  "fields": {
    "email": "50vhb5vje@example.com"
  },
  "model": "hwdoc.email",
  "pk": 45
},
{
  "fields": {
    "email": "2szq92z4lb@example.com"
  },
  "model": "hwdoc.email",
  "pk": 46
},
{
  "fields": {
    "email": "co95zd2@example.com"
  },
  "model": "hwdoc.email",
  "pk": 47
},
{
  "fields": {
    "email": "a7ux24y6@example.com"
  },
  "model": "hwdoc.email",
  "pk": 48
},
{
  "fields": {
    "email": "ph88c6@example.com"
  },
  "model": "hwdoc.email",
  "pk": 49
},
{
  "fields": {
    "email": "tu2n49d@example.com"
  },
  "model": "hwdoc.email",
  "pk": 50
},
{
  "fields": {
    "email": "3tlczgu2r@example.com"
  },
  "model": "hwdoc.email",
  "pk": 51
},
{
  "fields": {
    "email": "xxgyb3l1h@example.com"
  },
  "model": "hwdoc.email",
  "pk": 52
},
{
  "fields": {
    "email": "zcef148a@example.com"
  },
  "model": "hwdoc.email",
  "pk": 53
},
{
  "fields": {
    "email": "nzg4vlr@example.com"
  },
  "model": "hwdoc.email",
  "pk": 54
},
{
  "fields": {
    "email": "xxmtmvqa@example.com"
  },
  "model": "hwdoc.email",
  "pk": 55
},
{
  "fields": {
    "email": "mgs5rki9@example.com"
  },
  "model": "hwdoc.email",
  "pk": 56
},
{
  "fields": {
    "email": "rk1ag2f5@example.com"
  },
  "model": "hwdoc.email",
  "pk": 57
},
{
  "fields": {
    "email": "mq8j5sij@example.com"
  },
  "model": "hwdoc.email",
  "pk": 58
},
{
  "fields": {
    "email": "re6p3e0hm@example.com"
  },
  "model": "hwdoc.email",
  "pk": 59
},
{
  "fields": {
    "email": "v29ycn9gx@example.com"
  },
  "model": "hwdoc.email",
  "pk": 60
},
{
  "fields": {
    "number": "4718112287"
  },
  "model": "hwdoc.phone",
  "pk": 41
},
{
  "fields": {
    "number": "5726503674"
  },
  "model": "hwdoc.phone",
  "pk": 42
},
{
  "fields": {
    "number": "8220996239"
  },
  "model": "hwdoc.phone",
  "pk": 43
},
{
  "fields": {
    "number": "4269106347"
  },
  "model": "hwdoc.phone",
  "pk": 44
},
{
  "fields": {
    "number": "2815320913"
  },
  "model": "hwdoc.phone",
  "pk": 45
},
{
  "fields": {
    "number": "1669036389"
  },
  "model": "hwdoc.phone",
  "pk": 46
},
{
  "fields": {
    "number": "8649406761"
  },
  "model": "hwdoc.phone",
  "pk": 47
},
{
  "fields": {
    "number": "0166867654"
  },
  "model": "hwdoc.phone",
  "pk": 48
},
{
  "fields": {
    "number": "2342949909"
  },
  "model": "hwdoc.phone",
  "pk": 49
},
{
  "fields": {
    "number": "6115430906"
  },
  "model": "hwdoc.phone",
  "pk": 50
},
{
  "fields": {
    "number": "0405547309"
  },
  "model": "hwdoc.phone",
  "pk": 51
},
{
  "fields": {
    "number": "1724179555"
  },
  "model": "hwdoc.phone",
  "pk": 52
},
{
  "fields": {
    "number": "5593267631"
  },
  "model": "hwdoc.phone",
  "pk": 53
},
{
  "fields": {
    "number": "8300571771"
  },
  "model": "hwdoc.phone",
  "pk": 54
},
{
  "fields": {
    "number": "5791911273"
  },
  "model": "hwdoc.phone",
  "pk": 55
},
{
  "fields": {
    "number": "7177286835"
  },
  "model": "hwdoc.phone",
  "pk": 56
},
{
  "fields": {
    "number": "4122199312"
  },
  "model": "hwdoc.phone",
  "pk": 57
},
{
  "fields": {
    "number": "9574337167"
  },
  "model": "hwdoc.phone",
  "pk": 58
},
{
  "fields": {
    "number": "2412920992"
  },
  "model": "hwdoc.phone",
  "pk": 59
},
{
  "fields": {
    "number": "1693171750"
  },
  "model": "hwdoc.phone",
  "pk": 60
},
{
  "fields": {
    "phones": [
      47
    ],
    "surname": "60nln81",
    "name": "Bh27jse",
    "emails": [
      45,
      57
    ]
  },
  "model": "hwdoc.person",
  "pk": 41
},
{
  "fields": {
    "phones": [
      41,
      43,
      55
    ],
    "surname": "Cyn",
    "name": "6pshvf5ar",
    "emails": [
      55,
      58
    ]
  },
  "model": "hwdoc.person",
  "pk": 42
},
{
  "fields": {
    "phones": [
      52
    ],
    "surname": "Wmnvg3",
    "name": "Rz0bm",
    "emails": [
      42,
      45
    ]
  },
  "model": "hwdoc.person",
  "pk": 43
},
{
  "fields": {
    "phones": [
      48
    ],
    "surname": "Po2fdhr",
    "name": "089a9ep",
    "emails": [
      47,
      48
    ]
  },
  "model": "hwdoc.person",
  "pk": 44
},
{
  "fields": {
    "phones": [
      44
    ],
    "surname": "91xsrt",
    "name": "Wde288ji",
    "emails": [
      51,
      57
    ]
  },
  "model": "hwdoc.person",
  "pk": 45
},
{
  "fields": {
    "phones": [
      45,
      50,
      60
    ],
    "surname": "49w9e",
    "name": "Uu1v2",
    "emails": [
      57
    ]
  },
  "model": "hwdoc.person",
  "pk": 46
},
{
  "fields": {
    "phones": [
      51,
      58
    ],
    "surname": "H0g3hjvaua",
    "name": "Pqez",
    "emails": [
      57,
      60
    ]
  },
  "model": "hwdoc.person",
  "pk": 47
},
{
  "fields": {
    "phones": [
      58
    ],
    "surname": "280",
    "name": "3xfqfwpib7",
    "emails": [
      53
    ]
  },
  "model": "hwdoc.person",
  "pk": 48
},
{
  "fields": {
    "phones": [
      42,
      48,
      51
    ],
    "surname": "Fkd1gn4e",
    "name": "41wzo5qinx",
    "emails": [
      59
    ]
  },
  "model": "hwdoc.person",
  "pk": 49
},
{
  "fields": {
    "phones": [
      46,
      53
    ],
    "surname": "2jimuzdbm",
    "name": "1vh00n",
    "emails": [
      45,
      47
    ]
  },
  "model": "hwdoc.person",
  "pk": 50
},
{
  "fields": {
    "phones": [
      44,
      50
    ],
    "surname": "Ymdg",
    "name": "Hcn0",
    "emails": [
      56
    ]
  },
  "model": "hwdoc.person",
  "pk": 51
},
{
  "fields": {
    "phones": [
      55,
      60
    ],
    "surname": "Jzim",
    "name": "R1ah6",
    "emails": [
      50
    ]
  },
  "model": "hwdoc.person",
  "pk": 52
},
{
  "fields": {
    "phones": [
      54
    ],
    "surname": "F4n8wa3ohw",
    "name": "84hlsg7",
    "emails": [
      47,
      53
    ]
  },
  "model": "hwdoc.person",
  "pk": 53
},
{
  "fields": {
    "phones": [
      60
    ],
    "surname": "1cf",
    "name": "Ibhm21nmkc",
    "emails": [
      46,
      57
    ]
  },
  "model": "hwdoc.person",
  "pk": 54
},
{
  "fields": {
    "phones": [
      52,
      54,
      59
    ],
    "surname": "Yxbok1l",
    "name": "B03gkakjg0",
    "emails": [
      46,
      57
    ]
  },
  "model": "hwdoc.person",
  "pk": 55
},
{
  "fields": {
    "phones": [
      49,
      53
    ],
    "surname": "Kn6tn7ixwf",
    "name": "Bik775s5v",
    "emails": [
      47,
      50
    ]
  },
  "model": "hwdoc.person",
  "pk": 56
},
{
  "fields": {
    "phones": [
      41,
      43
    ],
    "surname": "Inepb1l9",
    "name": "Jf2eugc",
    "emails": [
      41,
      54
    ]
  },
  "model": "hwdoc.person",
  "pk": 57
},
{
  "fields": {
    "phones": [
      43,
      60
    ],
    "surname": "I7eog",
    "name": "Nmi5iybcb",
    "emails": [
      49
    ]
  },
  "model": "hwdoc.person",
  "pk": 58
},
{
  "fields": {
    "phones": [
      43,
      44,
      46
    ],
    "surname": "3q6ffj",
    "name": "Nmjf",
    "emails": [
      58,
      59
    ]
  },
  "model": "hwdoc.person",
  "pk": 59
},
{
  "fields": {
    "phones": [
      43
    ],
    "surname": "32kt1w1u1",
    "name": "Xq7b",
    "emails": [
      56,
      60
    ]
  },
  "model": "hwdoc.person",
  "pk": 60
},
{
  "fields": {
    "name": "O116vk0r"
  },
  "model": "hwdoc.project",
  "pk": 41
},
{
  "fields": {
    "name": "V3i6slp"
  },
  "model": "hwdoc.project",
  "pk": 42
},
{
  "fields": {
    "name": "Zn3mes"
  },
  "model": "hwdoc.project",
  "pk": 43
},
{
  "fields": {
    "name": "W8g2b99"
  },
  "model": "hwdoc.project",
  "pk": 44
},
{
  "fields": {
    "name": "A6m1c1vz6"
  },
  "model": "hwdoc.project",
  "pk": 45
},
{
  "fields": {
    "name": "Hulvzb9"
  },
  "model": "hwdoc.project",
  "pk": 46
},
{
  "fields": {
    "name": "5lupdye"
  },
  "model": "hwdoc.project",
  "pk": 47
},
{
  "fields": {
    "name": "Lljeh96x"
  },
  "model": "hwdoc.project",
  "pk": 48
},
{
  "fields": {
    "name": "Gdbrrkwwo"
  },
  "model": "hwdoc.project",
  "pk": 49
},
{
  "fields": {
    "name": "2k620m3ae"
  },
  "model": "hwdoc.project",
  "pk": 50
},
{
  "fields": {
    "name": "J7zpi3xju0"
  },
  "model": "hwdoc.project",
  "pk": 51
},
{
  "fields": {
    "name": "Bhiwb9fa6"
  },
  "model": "hwdoc.project",
  "pk": 52
},
{
  "fields": {
    "name": "4wmtwio9"
  },
  "model": "hwdoc.project",
  "pk": 53
},
{
  "fields": {
    "name": "Jxgr9k71gz"
  },
  "model": "hwdoc.project",
  "pk": 54
},
{
  "fields": {
    "name": "E1qlff3un"
  },
  "model": "hwdoc.project",
  "pk": 55
},
{
  "fields": {
    "name": "Rpibdu8zh"
  },
  "model": "hwdoc.project",
  "pk": 56
},
{
  "fields": {
    "name": "E5zxnfrw"
  },
  "model": "hwdoc.project",
  "pk": 57
},
{
  "fields": {
    "name": "Jicivf"
  },
  "model": "hwdoc.project",
  "pk": 58
},
{
  "fields": {
    "name": "6lnun3kdxh"
  },
  "model": "hwdoc.project",
  "pk": 59
},
{
  "fields": {
    "name": "Phye6b"
  },
  "model": "hwdoc.project",
  "pk": 60
},
{
  "fields": {
    "project": 44,
    "person": 59,
    "role": "manager"
  },
  "model": "hwdoc.role",
  "pk": 24
},
{
  "fields": {
    "project": 45,
    "person": 56,
    "role": "manager"
  },
  "model": "hwdoc.role",
  "pk": 25
},
{
  "fields": {
    "project": 46,
    "person": 53,
    "role": "manager"
  },
  "model": "hwdoc.role",
  "pk": 26
},
{
  "fields": {
    "project": 48,
    "person": 44,
    "role": "manager"
  },
  "model": "hwdoc.role",
  "pk": 27
},
{
  "fields": {
    "project": 49,
    "person": 54,
    "role": "manager"
  },
  "model": "hwdoc.role",
  "pk": 28
},
{
  "fields": {
    "project": 51,
    "person": 55,
    "role": "manager"
  },
  "model": "hwdoc.role",
  "pk": 29
},
{
  "fields": {
    "project": 53,
    "person": 46,
    "role": "manager"
  },
  "model": "hwdoc.role",
  "pk": 30
},
{
  "fields": {
    "project": 54,
    "person": 56,
    "role": "manager"
  },
  "model": "hwdoc.role",
  "pk": 31
},
{
  "fields": {
    "project": 56,
    "person": 50,
    "role": "manager"
  },
  "model": "hwdoc.role",
  "pk": 32
},
{
  "fields": {
    "project": 59,
    "person": 49,
    "role": "manager"
  },
  "model": "hwdoc.role",
  "pk": 33
},
{
  "fields": {
    "project": 60,
    "person": 57,
    "role": "manager"
  },
  "model": "hwdoc.role",
  "pk": 34
},
{
  "fields": {
    "name": "5w67myl"
  },
  "model": "hwdoc.datacenter",
  "pk": 11
},
{
  "fields": {
    "name": "Xwbo0j9nbh"
  },
  "model": "hwdoc.datacenter",
  "pk": 12
},
{
  "fields": {
    "name": "Ariv4k5qfc"
  },
  "model": "hwdoc.datacenter",
  "pk": 13
},
{
  "fields": {
    "name": "3ind2qmut"
  },
  "model": "hwdoc.datacenter",
  "pk": 14
},
{
  "fields": {
    "name": "Jcj8dngq"
  },
  "model": "hwdoc.datacenter",
  "pk": 15
},
{
  "fields": {
    "name": "IBM"
  },
  "model": "hwdoc.vendor",
  "pk": 11
},
{
  "fields": {
    "name": "HP"
  },
  "model": "hwdoc.vendor",
  "pk": 12
},
{
  "fields": {
    "name": "Fujitsu"
  },
  "model": "hwdoc.vendor",
  "pk": 13
},
{
  "fields": {
    "name": "Someother"
  },
  "model": "hwdoc.vendor",
  "pk": 14
},
{
  "fields": {
    "name": "Dell"
  },
  "model": "hwdoc.vendor",
  "pk": 15
},
{
  "fields": {
    "min_mounting_depth": 25,
    "vendor": 11,
    "name": "f5ah4tnd",
    "inrow_ac": false,
    "height": 40,
    "width": 60,
    "max_mounting_depth": 50
  },
  "model": "hwdoc.rackmodel",
  "pk": 41
},
{
  "fields": {
    "min_mounting_depth": 25,
    "vendor": 13,
    "name": "0qx7q2f9o5",
    "inrow_ac": false,
    "height": 52,
    "width": 50,
    "max_mounting_depth": 60
  },
  "model": "hwdoc.rackmodel",
  "pk": 42
},
{
  "fields": {
    "min_mounting_depth": 40,
    "vendor": 12,
    "name": "bi3ca0u",
    "inrow_ac": false,
    "height": 42,
    "width": 40,
    "max_mounting_depth": 60
  },
  "model": "hwdoc.rackmodel",
  "pk": 43
},
{
  "fields": {
    "min_mounting_depth": 25,
    "vendor": 12,
    "name": "96eaq42v",
    "inrow_ac": true,
    "height": 40,
    "width": 40,
    "max_mounting_depth": 50
  },
  "model": "hwdoc.rackmodel",
  "pk": 44
},
{
  "fields": {
    "min_mounting_depth": 35,
    "vendor": 14,
    "name": "zqpv2f6",
    "inrow_ac": true,
    "height": 30,
    "width": 40,
    "max_mounting_depth": 60
  },
  "model": "hwdoc.rackmodel",
  "pk": 45
},
{
  "fields": {
    "min_mounting_depth": 25,
    "vendor": 11,
    "name": "l6k4z54jr4",
    "inrow_ac": false,
    "height": 52,
    "width": 60,
    "max_mounting_depth": 50
  },
  "model": "hwdoc.rackmodel",
  "pk": 46
},
{
  "fields": {
    "min_mounting_depth": 25,
    "vendor": 15,
    "name": "u7s4uf8uh",
    "inrow_ac": false,
    "height": 30,
    "width": 50,
    "max_mounting_depth": 40
  },
  "model": "hwdoc.rackmodel",
  "pk": 47
},
{
  "fields": {
    "min_mounting_depth": 20,
    "vendor": 13,
    "name": "twhr1a6p",
    "inrow_ac": false,
    "height": 30,
    "width": 40,
    "max_mounting_depth": 40
  },
  "model": "hwdoc.rackmodel",
  "pk": 48
},
{
  "fields": {
    "min_mounting_depth": 35,
    "vendor": 15,
    "name": "0u51gnv4",
    "inrow_ac": false,
    "height": 30,
    "width": 60,
    "max_mounting_depth": 60
  },
  "model": "hwdoc.rackmodel",
  "pk": 49
},
{
  "fields": {
    "min_mounting_depth": 40,
    "vendor": 11,
    "name": "e76h5jshft",
    "inrow_ac": false,
    "height": 50,
    "width": 60,
    "max_mounting_depth": 40
  },
  "model": "hwdoc.rackmodel",
  "pk": 50
},
{
  "fields": {
    "min_mounting_depth": 25,
    "vendor": 12,
    "name": "9nlkrs",
    "inrow_ac": true,
    "height": 30,
    "width": 50,
    "max_mounting_depth": 50
  },
  "model": "hwdoc.rackmodel",
  "pk": 51
},
{
  "fields": {
    "min_mounting_depth": 35,
    "vendor": 11,
    "name": "sk4hjs",
    "inrow_ac": true,
    "height": 42,
    "width": 40,
    "max_mounting_depth": 50
  },
  "model": "hwdoc.rackmodel",
  "pk": 52
},
{
  "fields": {
    "min_mounting_depth": 35,
    "vendor": 13,
    "name": "x5q8eytxk6",
    "inrow_ac": true,
    "height": 50,
    "width": 60,
    "max_mounting_depth": 60
  },
  "model": "hwdoc.rackmodel",
  "pk": 53
},
{
  "fields": {
    "min_mounting_depth": 20,
    "vendor": 12,
    "name": "zocdsw7n",
    "inrow_ac": false,
    "height": 42,
    "width": 40,
    "max_mounting_depth": 40
  },
  "model": "hwdoc.rackmodel",
  "pk": 54
},
{
  "fields": {
    "min_mounting_depth": 35,
    "vendor": 15,
    "name": "7rxdcdjpv",
    "inrow_ac": false,
    "height": 42,
    "width": 40,
    "max_mounting_depth": 40
  },
  "model": "hwdoc.rackmodel",
  "pk": 55
},
{
  "fields": {
    "min_mounting_depth": 35,
    "vendor": 13,
    "name": "kuqcbmuyrt",
    "inrow_ac": true,
    "height": 52,
    "width": 40,
    "max_mounting_depth": 40
  },
  "model": "hwdoc.rackmodel",
  "pk": 56
},
{
  "fields": {
    "min_mounting_depth": 20,
    "vendor": 15,
    "name": "19ep28ms7x",
    "inrow_ac": false,
    "height": 52,
    "width": 40,
    "max_mounting_depth": 40
  },
  "model": "hwdoc.rackmodel",
  "pk": 57
},
{
  "fields": {
    "min_mounting_depth": 25,
    "vendor": 14,
    "name": "cug7mdv80p",
    "inrow_ac": false,
    "height": 52,
    "width": 40,
    "max_mounting_depth": 60
  },
  "model": "hwdoc.rackmodel",
  "pk": 58
},
{
  "fields": {
    "min_mounting_depth": 25,
    "vendor": 11,
    "name": "krzw65ogz",
    "inrow_ac": false,
    "height": 42,
    "width": 40,
    "max_mounting_depth": 60
  },
  "model": "hwdoc.rackmodel",
  "pk": 59
},
{
  "fields": {
    "min_mounting_depth": 40,
    "vendor": 15,
    "name": "37fhhiam",
    "inrow_ac": false,
    "height": 50,
    "width": 60,
    "max_mounting_depth": 60
  },
  "model": "hwdoc.rackmodel",
  "pk": 60
},
{
  "fields": {
    "model": 48,
    "name": "9O0PN",
    "mounted_depth": 60
  },
  "model": "hwdoc.rack",
  "pk": 161
},
{
  "fields": {
    "model": 41,
    "name": "XZ0UH21W",
    "mounted_depth": 60
  },
  "model": "hwdoc.rack",
  "pk": 162
},
{
  "fields": {
    "model": 51,
    "name": "9572AA",
    "mounted_depth": 60
  },
  "model": "hwdoc.rack",
  "pk": 163
},
{
  "fields": {
    "model": 42,
    "name": "M70HW",
    "mounted_depth": 60
  },
  "model": "hwdoc.rack",
  "pk": 164
},
{
  "fields": {
    "model": 46,
    "name": "DWM8CU",
    "mounted_depth": 60
  },
  "model": "hwdoc.rack",
  "pk": 165
},
{
  "fields": {
    "model": 41,
    "name": "AY8R5I3",
    "mounted_depth": 60
  },
  "model": "hwdoc.rack",
  "pk": 166
},
{
  "fields": {
    "model": 53,
    "name": "WLL7EK",
    "mounted_depth": 60
  },
  "model": "hwdoc.rack",
  "pk": 167
},
{
  "fields": {
    "model": 51,
    "name": "AYUHB",
    "mounted_depth": 60
  },
  "model": "hwdoc.rack",
  "pk": 168
},
{
  "fields": {
    "model": 58,
    "name": "A3W97",
    "mounted_depth": 60
  },
  "model": "hwdoc.rack",
  "pk": 169
},
{
  "fields": {
    "model": 57,
    "name": "6KHOP9U",
    "mounted_depth": 60
  },
  "model": "hwdoc.rack",
  "pk": 170
},
{
  "fields": {
    "model": 48,
    "name": "CXOTK",
    "mounted_depth": 60
  },
  "model": "hwdoc.rack",
  "pk": 171
},
{
  "fields": {
    "model": 50,
    "name": "CFNVDKY",
    "mounted_depth": 60
  },
  "model": "hwdoc.rack",
  "pk": 172
},
{
  "fields": {
    "model": 57,
    "name": "WAK0EZEG",
    "mounted_depth": 60
  },
  "model": "hwdoc.rack",
  "pk": 173
},
{
  "fields": {
    "model": 42,
    "name": "4GLHR",
    "mounted_depth": 60
  },
  "model": "hwdoc.rack",
  "pk": 174
},
{
  "fields": {
    "model": 47,
    "name": "WZ29K62",
    "mounted_depth": 60
  },
  "model": "hwdoc.rack",
  "pk": 175
},
{
  "fields": {
    "model": 50,
    "name": "GPY0XY5N",
    "mounted_depth": 60
  },
  "model": "hwdoc.rack",
  "pk": 176
},
{
  "fields": {
    "model": 57,
    "name": "PR14FM",
    "mounted_depth": 60
  },
  "model": "hwdoc.rack",
  "pk": 177
},
{
  "fields": {
    "model": 57,
    "name": "J802",
    "mounted_depth": 60
  },
  "model": "hwdoc.rack",
  "pk": 178
},
{
  "fields": {
    "model": 48,
    "name": "D7A7JT",
    "mounted_depth": 60
  },
  "model": "hwdoc.rack",
  "pk": 179
},
{
  "fields": {
    "model": 57,
    "name": "H6AJM7Q8",
    "mounted_depth": 60
  },
  "model": "hwdoc.rack",
  "pk": 180
},
{
  "fields": {
    "model": 43,
    "name": "2HIGB",
    "mounted_depth": 60
  },
  "model": "hwdoc.rack",
  "pk": 181
},
{
  "fields": {
    "model": 46,
    "name": "VB2QKWF",
    "mounted_depth": 60
  },
  "model": "hwdoc.rack",
  "pk": 182
},
{
  "fields": {
    "model": 58,
    "name": "FA9CJS1",
    "mounted_depth": 60
  },
  "model": "hwdoc.rack",
  "pk": 183
},
{
  "fields": {
    "model": 50,
    "name": "KPJ7B",
    "mounted_depth": 60
  },
  "model": "hwdoc.rack",
  "pk": 184
},
{
  "fields": {
    "model": 44,
    "name": "X0JMY5MT",
    "mounted_depth": 60
  },
  "model": "hwdoc.rack",
  "pk": 185
},
{
  "fields": {
    "model": 44,
    "name": "422YUK",
    "mounted_depth": 60
  },
  "model": "hwdoc.rack",
  "pk": 186
},
{
  "fields": {
    "model": 41,
    "name": "5EVIHD",
    "mounted_depth": 60
  },
  "model": "hwdoc.rack",
  "pk": 187
},
{
  "fields": {
    "model": 57,
    "name": "QJLXONR9",
    "mounted_depth": 60
  },
  "model": "hwdoc.rack",
  "pk": 188
},
{
  "fields": {
    "model": 52,
    "name": "5RJGDI",
    "mounted_depth": 60
  },
  "model": "hwdoc.rack",
  "pk": 189
},
{
  "fields": {
    "model": 55,
    "name": "5A905PM",
    "mounted_depth": 60
  },
  "model": "hwdoc.rack",
  "pk": 190
},
{
  "fields": {
    "model": 55,
    "name": "2Q3V8U",
    "mounted_depth": 60
  },
  "model": "hwdoc.rack",
  "pk": 191
},
{
  "fields": {
    "model": 54,
    "name": "PTSQ",
    "mounted_depth": 60
  },
  "model": "hwdoc.rack",
  "pk": 192
},
{
  "fields": {
    "model": 59,
    "name": "MEFMBF",
    "mounted_depth": 60
  },
  "model": "hwdoc.rack",
  "pk": 193
},
{
  "fields": {
    "model": 47,
    "name": "LC8R",
    "mounted_depth": 60
  },
  "model": "hwdoc.rack",
  "pk": 194
},
{
  "fields": {
    "model": 60,
    "name": "PIJSM",
    "mounted_depth": 60
  },
  "model": "hwdoc.rack",
  "pk": 195
},
{
  "fields": {
    "model": 52,
    "name": "F0P5B",
    "mounted_depth": 60
  },
  "model": "hwdoc.rack",
  "pk": 196
},
{
  "fields": {
    "model": 48,
    "name": "ZP72IQ",
    "mounted_depth": 60
  },
  "model": "hwdoc.rack",
  "pk": 197
},
{
  "fields": {
    "model": 43,
    "name": "YFUV5I",
    "mounted_depth": 60
  },
  "model": "hwdoc.rack",
  "pk": 198
},
{
  "fields": {
    "model": 52,
    "name": "FUQC9",
    "mounted_depth": 60
  },
  "model": "hwdoc.rack",
  "pk": 199
},
{
  "fields": {
    "model": 41,
    "name": "TQZDX8",
    "mounted_depth": 60
  },
  "model": "hwdoc.rack",
  "pk": 200
},
{
  "fields": {
    "model": 55,
    "name": "AQVZR",
    "mounted_depth": 60
  },
  "model": "hwdoc.rack",
  "pk": 201
},
{
  "fields": {
    "model": 43,
    "name": "KU8H2",
    "mounted_depth": 60
  },
  "model": "hwdoc.rack",
  "pk": 202
},
{
  "fields": {
    "model": 56,
    "name": "R2SZBLQ",
    "mounted_depth": 60
  },
  "model": "hwdoc.rack",
  "pk": 203
},
{
  "fields": {
    "model": 47,
    "name": "1AU18",
    "mounted_depth": 60
  },
  "model": "hwdoc.rack",
  "pk": 204
},
{
  "fields": {
    "model": 60,
    "name": "SFDP",
    "mounted_depth": 60
  },
  "model": "hwdoc.rack",
  "pk": 205
},
{
  "fields": {
    "model": 41,
    "name": "JDOB",
    "mounted_depth": 60
  },
  "model": "hwdoc.rack",
  "pk": 206
},
{
  "fields": {
    "model": 43,
    "name": "L9683",
    "mounted_depth": 60
  },
  "model": "hwdoc.rack",
  "pk": 207
},
{
  "fields": {
    "model": 59,
    "name": "B6DICB",
    "mounted_depth": 60
  },
  "model": "hwdoc.rack",
  "pk": 208
},
{
  "fields": {
    "model": 47,
    "name": "EJ2PA7T9",
    "mounted_depth": 60
  },
  "model": "hwdoc.rack",
  "pk": 209
},
{
  "fields": {
    "model": 47,
    "name": "PS390OFK",
    "mounted_depth": 60
  },
  "model": "hwdoc.rack",
  "pk": 210
},
{
  "fields": {
    "model": 48,
    "name": "4BL5R",
    "mounted_depth": 60
  },
  "model": "hwdoc.rack",
  "pk": 211
},
{
  "fields": {
    "model": 50,
    "name": "PYNIWTSR",
    "mounted_depth": 60
  },
  "model": "hwdoc.rack",
  "pk": 212
},
{
  "fields": {
    "model": 56,
    "name": "FR6X0",
    "mounted_depth": 60
  },
  "model": "hwdoc.rack",
  "pk": 213
},
{
  "fields": {
    "model": 47,
    "name": "V4F8",
    "mounted_depth": 60
  },
  "model": "hwdoc.rack",
  "pk": 214
},
{
  "fields": {
    "model": 48,
    "name": "DVA2ZOZ",
    "mounted_depth": 60
  },
  "model": "hwdoc.rack",
  "pk": 215
},
{
  "fields": {
    "model": 46,
    "name": "A7NEEQJ",
    "mounted_depth": 60
  },
  "model": "hwdoc.rack",
  "pk": 216
},
{
  "fields": {
    "model": 46,
    "name": "05X3",
    "mounted_depth": 60
  },
  "model": "hwdoc.rack",
  "pk": 217
},
{
  "fields": {
    "model": 45,
    "name": "KFBBFL",
    "mounted_depth": 60
  },
  "model": "hwdoc.rack",
  "pk": 218
},
{
  "fields": {
    "model": 60,
    "name": "UZZ9O0L1",
    "mounted_depth": 60
  },
  "model": "hwdoc.rack",
  "pk": 219
},
{
  "fields": {
    "model": 46,
    "name": "967XV69P",
    "mounted_depth": 60
  },
  "model": "hwdoc.rack",
  "pk": 220
},
{
  "fields": {
    "model": 53,
    "name": "2O2V9686",
    "mounted_depth": 60
  },
  "model": "hwdoc.rack",
  "pk": 221
},
{
  "fields": {
    "model": 54,
    "name": "J0NO",
    "mounted_depth": 60
  },
  "model": "hwdoc.rack",
  "pk": 222
},
{
  "fields": {
    "model": 53,
    "name": "I17KW3TN",
    "mounted_depth": 60
  },
  "model": "hwdoc.rack",
  "pk": 223
},
{
  "fields": {
    "model": 53,
    "name": "9TU0Y",
    "mounted_depth": 60
  },
  "model": "hwdoc.rack",
  "pk": 224
},
{
  "fields": {
    "model": 59,
    "name": "UK14VF",
    "mounted_depth": 60
  },
  "model": "hwdoc.rack",
  "pk": 225
},
{
  "fields": {
    "model": 44,
    "name": "PJQS",
    "mounted_depth": 60
  },
  "model": "hwdoc.rack",
  "pk": 226
},
{
  "fields": {
    "model": 55,
    "name": "1GOKE",
    "mounted_depth": 60
  },
  "model": "hwdoc.rack",
  "pk": 227
},
{
  "fields": {
    "model": 44,
    "name": "VIIQQI",
    "mounted_depth": 60
  },
  "model": "hwdoc.rack",
  "pk": 228
},
{
  "fields": {
    "model": 58,
    "name": "UXWL",
    "mounted_depth": 60
  },
  "model": "hwdoc.rack",
  "pk": 229
},
{
  "fields": {
    "model": 60,
    "name": "2M48FZY",
    "mounted_depth": 60
  },
  "model": "hwdoc.rack",
  "pk": 230
},
{
  "fields": {
    "model": 48,
    "name": "1QBI10",
    "mounted_depth": 60
  },
  "model": "hwdoc.rack",
  "pk": 231
},
{
  "fields": {
    "model": 46,
    "name": "D0ODYQO",
    "mounted_depth": 60
  },
  "model": "hwdoc.rack",
  "pk": 232
},
{
  "fields": {
    "model": 46,
    "name": "JGG61",
    "mounted_depth": 60
  },
  "model": "hwdoc.rack",
  "pk": 233
},
{
  "fields": {
    "model": 46,
    "name": "4QVA",
    "mounted_depth": 60
  },
  "model": "hwdoc.rack",
  "pk": 234
},
{
  "fields": {
    "model": 56,
    "name": "TFWUW0G",
    "mounted_depth": 60
  },
  "model": "hwdoc.rack",
  "pk": 235
},
{
  "fields": {
    "model": 60,
    "name": "6YQYEOK",
    "mounted_depth": 60
  },
  "model": "hwdoc.rack",
  "pk": 236
},
{
  "fields": {
    "model": 59,
    "name": "399KIK",
    "mounted_depth": 60
  },
  "model": "hwdoc.rack",
  "pk": 237
},
{
  "fields": {
    "model": 45,
    "name": "2FPHHZ57",
    "mounted_depth": 60
  },
  "model": "hwdoc.rack",
  "pk": 238
},
{
  "fields": {
    "model": 46,
    "name": "7ZND",
    "mounted_depth": 60
  },
  "model": "hwdoc.rack",
  "pk": 239
},
{
  "fields": {
    "model": 56,
    "name": "B7G6",
    "mounted_depth": 60
  },
  "model": "hwdoc.rack",
  "pk": 240
},
{
  "fields": {
    "name": "RXOIEOC",
    "dc": 11
  },
  "model": "hwdoc.rackrow",
  "pk": 41
},
{
  "fields": {
    "name": "GFEX8ZAUSB",
    "dc": 11
  },
  "model": "hwdoc.rackrow",
  "pk": 42
},
{
  "fields": {
    "name": "Z6ZHM5PUD",
    "dc": 15
  },
  "model": "hwdoc.rackrow",
  "pk": 43
},
{
  "fields": {
    "name": "YOCJIJI7EE",
    "dc": 12
  },
  "model": "hwdoc.rackrow",
  "pk": 44
},
{
  "fields": {
    "name": "38R01F7UZ",
    "dc": 14
  },
  "model": "hwdoc.rackrow",
  "pk": 45
},
{
  "fields": {
    "name": "XEQUSMT1",
    "dc": 13
  },
  "model": "hwdoc.rackrow",
  "pk": 46
},
{
  "fields": {
    "name": "PSLJFFTE",
    "dc": 15
  },
  "model": "hwdoc.rackrow",
  "pk": 47
},
{
  "fields": {
    "name": "KEX74357BK",
    "dc": 13
  },
  "model": "hwdoc.rackrow",
  "pk": 48
},
{
  "fields": {
    "name": "TWON8NZ6U",
    "dc": 15
  },
  "model": "hwdoc.rackrow",
  "pk": 49
},
{
  "fields": {
    "name": "RJII6PYOZ",
    "dc": 12
  },
  "model": "hwdoc.rackrow",
  "pk": 50
},
{
  "fields": {
    "name": "VRVDKB7M",
    "dc": 14
  },
  "model": "hwdoc.rackrow",
  "pk": 51
},
{
  "fields": {
    "name": "PHFGP004V",
    "dc": 11
  },
  "model": "hwdoc.rackrow",
  "pk": 52
},
{
  "fields": {
    "name": "S5YQ5AD8W",
    "dc": 14
  },
  "model": "hwdoc.rackrow",
  "pk": 53
},
{
  "fields": {
    "name": "X88XVXA",
    "dc": 12
  },
  "model": "hwdoc.rackrow",
  "pk": 54
},
{
  "fields": {
    "name": "CA0F59C",
    "dc": 15
  },
  "model": "hwdoc.rackrow",
  "pk": 55
},
{
  "fields": {
    "name": "1H02UK6",
    "dc": 11
  },
  "model": "hwdoc.rackrow",
  "pk": 56
},
{
  "fields": {
    "name": "YNK908BG",
    "dc": 13
  },
  "model": "hwdoc.rackrow",
  "pk": 57
},
{
  "fields": {
    "name": "PFZPPH",
    "dc": 11
  },
  "model": "hwdoc.rackrow",
  "pk": 58
},
{
  "fields": {
    "name": "NVLPRAJZQ",
    "dc": 11
  },
  "model": "hwdoc.rackrow",
  "pk": 59
},
{
  "fields": {
    "name": "Q0H2INLF",
    "dc": 15
  },
  "model": "hwdoc.rackrow",
  "pk": 60
},
{
  "fields": {
    "name": "Ki69862",
    "dc": 13
  },
  "model": "hwdoc.storage",
  "pk": 15
},
{
  "fields": {
    "name": "L01pnvhlr",
    "dc": 14
  },
  "model": "hwdoc.storage",
  "pk": 16
},
{
  "fields": {
    "name": "1nk4az",
    "dc": 15
  },
  "model": "hwdoc.storage",
  "pk": 17
},
{
  "fields": {
    "name": "S7sbqb2",
    "dc": 13
  },
  "model": "hwdoc.storage",
  "pk": 18
},
{
  "fields": {
    "name": "6knhn7xid",
    "dc": 13
  },
  "model": "hwdoc.storage",
  "pk": 19
},
{
  "fields": {
    "name": "Kjivyzraoh",
    "dc": 12
  },
  "model": "hwdoc.storage",
  "pk": 20
},
{
  "fields": {
    "name": "Rxdxrf7f6",
    "dc": 11
  },
  "model": "hwdoc.storage",
  "pk": 21
},
{
  "fields": {
    "position": 0,
    "rack": 161,
    "rr": 60
  },
  "model": "hwdoc.rackposition",
  "pk": 161
},
{
  "fields": {
    "position": 7,
    "rack": 162,
    "rr": 59
  },
  "model": "hwdoc.rackposition",
  "pk": 162
},
{
  "fields": {
    "position": 8,
    "rack": 163,
    "rr": 49
  },
  "model": "hwdoc.rackposition",
  "pk": 163
},
{
  "fields": {
    "position": 7,
    "rack": 164,
    "rr": 41
  },
  "model": "hwdoc.rackposition",
  "pk": 164
},
{
  "fields": {
    "position": 6,
    "rack": 165,
    "rr": 47
  },
  "model": "hwdoc.rackposition",
  "pk": 165
},
{
  "fields": {
    "position": 4,
    "rack": 166,
    "rr": 41
  },
  "model": "hwdoc.rackposition",
  "pk": 166
},
{
  "fields": {
    "position": 7,
    "rack": 167,
    "rr": 47
  },
  "model": "hwdoc.rackposition",
  "pk": 167
},
{
  "fields": {
    "position": 2,
    "rack": 168,
    "rr": 55
  },
  "model": "hwdoc.rackposition",
  "pk": 168
},
{
  "fields": {
    "position": 7,
    "rack": 169,
    "rr": 52
  },
  "model": "hwdoc.rackposition",
  "pk": 169
},
{
  "fields": {
    "position": 6,
    "rack": 170,
    "rr": 50
  },
  "model": "hwdoc.rackposition",
  "pk": 170
},
{
  "fields": {
    "position": 3,
    "rack": 171,
    "rr": 56
  },
  "model": "hwdoc.rackposition",
  "pk": 171
},
{
  "fields": {
    "position": 3,
    "rack": 172,
    "rr": 58
  },
  "model": "hwdoc.rackposition",
  "pk": 172
},
{
  "fields": {
    "position": 7,
    "rack": 173,
    "rr": 46
  },
  "model": "hwdoc.rackposition",
  "pk": 173
},
{
  "fields": {
    "position": 5,
    "rack": 174,
    "rr": 43
  },
  "model": "hwdoc.rackposition",
  "pk": 174
},
{
  "fields": {
    "position": 6,
    "rack": 175,
    "rr": 46
  },
  "model": "hwdoc.rackposition",
  "pk": 175
},
{
  "fields": {
    "position": 0,
    "rack": 176,
    "rr": 53
  },
  "model": "hwdoc.rackposition",
  "pk": 176
},
{
  "fields": {
    "position": 0,
    "rack": 177,
    "rr": 60
  },
  "model": "hwdoc.rackposition",
  "pk": 177
},
{
  "fields": {
    "position": 3,
    "rack": 178,
    "rr": 53
  },
  "model": "hwdoc.rackposition",
  "pk": 178
},
{
  "fields": {
    "position": 1,
    "rack": 179,
    "rr": 47
  },
  "model": "hwdoc.rackposition",
  "pk": 179
},
{
  "fields": {
    "position": 6,
    "rack": 180,
    "rr": 47
  },
  "model": "hwdoc.rackposition",
  "pk": 180
},
{
  "fields": {
    "position": 2,
    "rack": 181,
    "rr": 53
  },
  "model": "hwdoc.rackposition",
  "pk": 181
},
{
  "fields": {
    "position": 5,
    "rack": 182,
    "rr": 49
  },
  "model": "hwdoc.rackposition",
  "pk": 182
},
{
  "fields": {
    "position": 2,
    "rack": 183,
    "rr": 57
  },
  "model": "hwdoc.rackposition",
  "pk": 183
},
{
  "fields": {
    "position": 5,
    "rack": 184,
    "rr": 47
  },
  "model": "hwdoc.rackposition",
  "pk": 184
},
{
  "fields": {
    "position": 6,
    "rack": 185,
    "rr": 46
  },
  "model": "hwdoc.rackposition",
  "pk": 185
},
{
  "fields": {
    "position": 8,
    "rack": 186,
    "rr": 60
  },
  "model": "hwdoc.rackposition",
  "pk": 186
},
{
  "fields": {
    "position": 3,
    "rack": 187,
    "rr": 42
  },
  "model": "hwdoc.rackposition",
  "pk": 187
},
{
  "fields": {
    "position": 3,
    "rack": 188,
    "rr": 45
  },
  "model": "hwdoc.rackposition",
  "pk": 188
},
{
  "fields": {
    "position": 2,
    "rack": 189,
    "rr": 59
  },
  "model": "hwdoc.rackposition",
  "pk": 189
},
{
  "fields": {
    "position": 5,
    "rack": 190,
    "rr": 58
  },
  "model": "hwdoc.rackposition",
  "pk": 190
},
{
  "fields": {
    "position": 7,
    "rack": 191,
    "rr": 48
  },
  "model": "hwdoc.rackposition",
  "pk": 191
},
{
  "fields": {
    "position": 6,
    "rack": 192,
    "rr": 54
  },
  "model": "hwdoc.rackposition",
  "pk": 192
},
{
  "fields": {
    "position": 0,
    "rack": 193,
    "rr": 57
  },
  "model": "hwdoc.rackposition",
  "pk": 193
},
{
  "fields": {
    "position": 3,
    "rack": 194,
    "rr": 54
  },
  "model": "hwdoc.rackposition",
  "pk": 194
},
{
  "fields": {
    "position": 7,
    "rack": 195,
    "rr": 45
  },
  "model": "hwdoc.rackposition",
  "pk": 195
},
{
  "fields": {
    "position": 5,
    "rack": 196,
    "rr": 42
  },
  "model": "hwdoc.rackposition",
  "pk": 196
},
{
  "fields": {
    "position": 1,
    "rack": 197,
    "rr": 50
  },
  "model": "hwdoc.rackposition",
  "pk": 197
},
{
  "fields": {
    "position": 2,
    "rack": 198,
    "rr": 51
  },
  "model": "hwdoc.rackposition",
  "pk": 198
},
{
  "fields": {
    "position": 8,
    "rack": 199,
    "rr": 60
  },
  "model": "hwdoc.rackposition",
  "pk": 199
},
{
  "fields": {
    "position": 6,
    "rack": 200,
    "rr": 49
  },
  "model": "hwdoc.rackposition",
  "pk": 200
},
{
  "fields": {
    "position": 0,
    "rack": 201,
    "rr": 55
  },
  "model": "hwdoc.rackposition",
  "pk": 201
},
{
  "fields": {
    "position": 5,
    "rack": 202,
    "rr": 59
  },
  "model": "hwdoc.rackposition",
  "pk": 202
},
{
  "fields": {
    "position": 8,
    "rack": 203,
    "rr": 52
  },
  "model": "hwdoc.rackposition",
  "pk": 203
},
{
  "fields": {
    "position": 6,
    "rack": 204,
    "rr": 48
  },
  "model": "hwdoc.rackposition",
  "pk": 204
},
{
  "fields": {
    "position": 5,
    "rack": 205,
    "rr": 47
  },
  "model": "hwdoc.rackposition",
  "pk": 205
},
{
  "fields": {
    "position": 2,
    "rack": 206,
    "rr": 50
  },
  "model": "hwdoc.rackposition",
  "pk": 206
},
{
  "fields": {
    "position": 0,
    "rack": 207,
    "rr": 53
  },
  "model": "hwdoc.rackposition",
  "pk": 207
},
{
  "fields": {
    "position": 3,
    "rack": 208,
    "rr": 56
  },
  "model": "hwdoc.rackposition",
  "pk": 208
},
{
  "fields": {
    "position": 4,
    "rack": 209,
    "rr": 42
  },
  "model": "hwdoc.rackposition",
  "pk": 209
},
{
  "fields": {
    "position": 7,
    "rack": 210,
    "rr": 60
  },
  "model": "hwdoc.rackposition",
  "pk": 210
},
{
  "fields": {
    "position": 5,
    "rack": 211,
    "rr": 57
  },
  "model": "hwdoc.rackposition",
  "pk": 211
},
{
  "fields": {
    "position": 2,
    "rack": 212,
    "rr": 46
  },
  "model": "hwdoc.rackposition",
  "pk": 212
},
{
  "fields": {
    "position": 2,
    "rack": 213,
    "rr": 55
  },
  "model": "hwdoc.rackposition",
  "pk": 213
},
{
  "fields": {
    "position": 4,
    "rack": 214,
    "rr": 42
  },
  "model": "hwdoc.rackposition",
  "pk": 214
},
{
  "fields": {
    "position": 6,
    "rack": 215,
    "rr": 56
  },
  "model": "hwdoc.rackposition",
  "pk": 215
},
{
  "fields": {
    "position": 3,
    "rack": 216,
    "rr": 58
  },
  "model": "hwdoc.rackposition",
  "pk": 216
},
{
  "fields": {
    "position": 4,
    "rack": 217,
    "rr": 47
  },
  "model": "hwdoc.rackposition",
  "pk": 217
},
{
  "fields": {
    "position": 4,
    "rack": 218,
    "rr": 59
  },
  "model": "hwdoc.rackposition",
  "pk": 218
},
{
  "fields": {
    "position": 0,
    "rack": 219,
    "rr": 43
  },
  "model": "hwdoc.rackposition",
  "pk": 219
},
{
  "fields": {
    "position": 2,
    "rack": 220,
    "rr": 60
  },
  "model": "hwdoc.rackposition",
  "pk": 220
},
{
  "fields": {
    "position": 0,
    "rack": 221,
    "rr": 56
  },
  "model": "hwdoc.rackposition",
  "pk": 221
},
{
  "fields": {
    "position": 6,
    "rack": 222,
    "rr": 55
  },
  "model": "hwdoc.rackposition",
  "pk": 222
},
{
  "fields": {
    "position": 5,
    "rack": 223,
    "rr": 60
  },
  "model": "hwdoc.rackposition",
  "pk": 223
},
{
  "fields": {
    "position": 6,
    "rack": 224,
    "rr": 59
  },
  "model": "hwdoc.rackposition",
  "pk": 224
},
{
  "fields": {
    "position": 3,
    "rack": 225,
    "rr": 43
  },
  "model": "hwdoc.rackposition",
  "pk": 225
},
{
  "fields": {
    "position": 0,
    "rack": 226,
    "rr": 56
  },
  "model": "hwdoc.rackposition",
  "pk": 226
},
{
  "fields": {
    "position": 3,
    "rack": 227,
    "rr": 56
  },
  "model": "hwdoc.rackposition",
  "pk": 227
},
{
  "fields": {
    "position": 2,
    "rack": 228,
    "rr": 44
  },
  "model": "hwdoc.rackposition",
  "pk": 228
},
{
  "fields": {
    "position": 7,
    "rack": 229,
    "rr": 43
  },
  "model": "hwdoc.rackposition",
  "pk": 229
},
{
  "fields": {
    "position": 0,
    "rack": 230,
    "rr": 47
  },
  "model": "hwdoc.rackposition",
  "pk": 230
},
{
  "fields": {
    "position": 7,
    "rack": 231,
    "rr": 46
  },
  "model": "hwdoc.rackposition",
  "pk": 231
},
{
  "fields": {
    "position": 8,
    "rack": 232,
    "rr": 44
  },
  "model": "hwdoc.rackposition",
  "pk": 232
},
{
  "fields": {
    "position": 8,
    "rack": 233,
    "rr": 52
  },
  "model": "hwdoc.rackposition",
  "pk": 233
},
{
  "fields": {
    "position": 2,
    "rack": 234,
    "rr": 48
  },
  "model": "hwdoc.rackposition",
  "pk": 234
},
{
  "fields": {
    "position": 8,
    "rack": 235,
    "rr": 48
  },
  "model": "hwdoc.rackposition",
  "pk": 235
},
{
  "fields": {
    "position": 0,
    "rack": 236,
    "rr": 55
  },
  "model": "hwdoc.rackposition",
  "pk": 236
},
{
  "fields": {
    "position": 7,
    "rack": 237,
    "rr": 44
  },
  "model": "hwdoc.rackposition",
  "pk": 237
},
{
  "fields": {
    "position": 6,
    "rack": 238,
    "rr": 42
  },
  "model": "hwdoc.rackposition",
  "pk": 238
},
{
  "fields": {
    "position": 5,
    "rack": 239,
    "rr": 60
  },
  "model": "hwdoc.rackposition",
  "pk": 239
},
{
  "fields": {
    "position": 4,
    "rack": 240,
    "rr": 53
  },
  "model": "hwdoc.rackposition",
  "pk": 240
},
{
  "fields": {
    "u": 3,
    "vendor": 12,
    "name": "Proliant DL380 G4"
  },
  "model": "hwdoc.equipmentmodel",
  "pk": 221
},
{
  "fields": {
    "u": 2,
    "vendor": 14,
    "name": "Random model 4"
  },
  "model": "hwdoc.equipmentmodel",
  "pk": 222
},
{
  "fields": {
    "u": 6,
    "vendor": 12,
    "name": "Proliant DL385 G5"
  },
  "model": "hwdoc.equipmentmodel",
  "pk": 223
},
{
  "fields": {
    "u": 10,
    "vendor": 12,
    "name": "Proliant DL380 G1"
  },
  "model": "hwdoc.equipmentmodel",
  "pk": 224
},
{
  "fields": {
    "u": 7,
    "vendor": 14,
    "name": "Random model 3"
  },
  "model": "hwdoc.equipmentmodel",
  "pk": 225
},
{
  "fields": {
    "u": 2,
    "vendor": 12,
    "name": "Proliant DL385 G3"
  },
  "model": "hwdoc.equipmentmodel",
  "pk": 226
},
{
  "fields": {
    "u": 4,
    "vendor": 15,
    "name": "PowerEdge 1950"
  },
  "model": "hwdoc.equipmentmodel",
  "pk": 227
},
{
  "fields": {
    "u": 4,
    "vendor": 12,
    "name": "Proliant DL380 G3"
  },
  "model": "hwdoc.equipmentmodel",
  "pk": 228
},
{
  "fields": {
    "u": 10,
    "vendor": 12,
    "name": "Proliant DL380 G5"
  },
  "model": "hwdoc.equipmentmodel",
  "pk": 229
},
{
  "fields": {
    "u": 10,
    "vendor": 11,
    "name": "System x3550"
  },
  "model": "hwdoc.equipmentmodel",
  "pk": 230
},
{
  "fields": {
    "u": 4,
    "vendor": 12,
    "name": "Proliant DL380 G2"
  },
  "model": "hwdoc.equipmentmodel",
  "pk": 231
},
{
  "fields": {
    "u": 8,
    "vendor": 15,
    "name": "Poweredge R820"
  },
  "model": "hwdoc.equipmentmodel",
  "pk": 232
},
{
  "fields": {
    "u": 10,
    "vendor": 15,
    "name": "PowerEdge 2950"
  },
  "model": "hwdoc.equipmentmodel",
  "pk": 233
},
{
  "fields": {
    "u": 8,
    "vendor": 13,
    "name": "PRIMERGY RX200 S5"
  },
  "model": "hwdoc.equipmentmodel",
  "pk": 234
},
{
  "fields": {
    "u": 1,
    "vendor": 15,
    "name": "Poweredge R610"
  },
  "model": "hwdoc.equipmentmodel",
  "pk": 235
},
{
  "fields": {
    "u": 2,
    "vendor": 13,
    "name": "PRIMERGY RX200 S7"
  },
  "model": "hwdoc.equipmentmodel",
  "pk": 236
},
{
  "fields": {
    "u": 4,
    "vendor": 13,
    "name": "PRIMERGY RX200 S6"
  },
  "model": "hwdoc.equipmentmodel",
  "pk": 237
},
{
  "fields": {
    "u": 3,
    "vendor": 12,
    "name": "Proliant DL385 G4"
  },
  "model": "hwdoc.equipmentmodel",
  "pk": 238
},
{
  "fields": {
    "u": 3,
    "vendor": 14,
    "name": "Random model 2"
  },
  "model": "hwdoc.equipmentmodel",
  "pk": 239
},
{
  "fields": {
    "u": 7,
    "vendor": 14,
    "name": "Random model 1"
  },
  "model": "hwdoc.equipmentmodel",
  "pk": 240
},
{
  "fields": {
    "updated": "2015-10-10T18:51:51.263Z",
    "rack_front": true,
    "orientation": "Front",
    "storage": null,
    "comments": "",
    "rack": 198,
    "allocation": 50,
    "added": "2015-10-10T18:51:51.263Z",
    "rack_back": true,
    "purpose": "",
    "rack_interior": true,
    "model": 230,
    "serial": "YCJENSV",
    "unit": 30
  },
  "model": "hwdoc.equipment",
  "pk": 401
},
{
  "fields": {
    "updated": "2015-10-10T18:51:51.263Z",
    "rack_front": true,
    "orientation": "Front",
    "storage": null,
    "comments": "",
    "rack": 200,
    "allocation": 44,
    "added": "2015-10-10T18:51:51.263Z",
    "rack_back": true,
    "purpose": "",
    "rack_interior": true,
    "model": 223,
    "serial": "L3B8NR7D9X5X",
    "unit": 2
  },
  "model": "hwdoc.equipment",
  "pk": 402
},
{
  "fields": {
    "updated": "2015-10-10T18:51:51.263Z",
    "rack_front": true,
    "orientation": "Front",
    "storage": null,
    "comments": "",
    "rack": 214,
    "allocation": null,
    "added": "2015-10-10T18:51:51.263Z",
    "rack_back": true,
    "purpose": "",
    "rack_interior": true,
    "model": 224,
    "serial": "6RN001KZ66BC9W",
    "unit": 4
  },
  "model": "hwdoc.equipment",
  "pk": 403
},
{
  "fields": {
    "updated": "2015-10-10T18:51:51.263Z",
    "rack_front": true,
    "orientation": "Front",
    "storage": null,
    "comments": "",
    "rack": 166,
    "allocation": null,
    "added": "2015-10-10T18:51:51.263Z",
    "rack_back": true,
    "purpose": "",
    "rack_interior": true,
    "model": 230,
    "serial": "8W5OVP9J901LNH",
    "unit": 17
  },
  "model": "hwdoc.equipment",
  "pk": 404
},
{
  "fields": {
    "updated": "2015-10-10T18:51:51.263Z",
    "rack_front": true,
    "orientation": "Front",
    "storage": null,
    "comments": "Test comment",
    "rack": 209,
    "allocation": 41,
    "added": "2015-10-10T18:51:51.263Z",
    "rack_back": true,
    "purpose": "",
    "rack_interior": true,
    "model": 234,
    "serial": "A3VYMY5DS470",
    "unit": 19
  },
  "model": "hwdoc.equipment",
  "pk": 405
},
{
  "fields": {
    "updated": "2015-10-10T18:51:51.263Z",
    "rack_front": true,
    "orientation": "Front",
    "storage": null,
    "comments": "Test comment",
    "rack": null,
    "allocation": 44,
    "added": "2015-10-10T18:51:51.263Z",
    "rack_back": true,
    "purpose": "",
    "rack_interior": true,
    "model": 237,
    "serial": "KBX8Q3S",
    "unit": null
  },
  "model": "hwdoc.equipment",
  "pk": 406
},
{
  "fields": {
    "updated": "2015-10-10T18:51:51.263Z",
    "rack_front": true,
    "orientation": "Front",
    "storage": null,
    "comments": "",
    "rack": 182,
    "allocation": null,
    "added": "2015-10-10T18:51:51.263Z",
    "rack_back": true,
    "purpose": "",
    "rack_interior": true,
    "model": 239,
    "serial": "OCUW9VIW",
    "unit": 46
  },
  "model": "hwdoc.equipment",
  "pk": 407
},
{
  "fields": {
    "updated": "2015-10-10T18:51:51.263Z",
    "rack_front": true,
    "orientation": "Front",
    "storage": null,
    "comments": "Test comment",
    "rack": 173,
    "allocation": null,
    "added": "2015-10-10T18:51:51.263Z",
    "rack_back": true,
    "purpose": "",
    "rack_interior": true,
    "model": 232,
    "serial": "PJHQ2A2DR67NOW1",
    "unit": 19
  },
  "model": "hwdoc.equipment",
  "pk": 408
},
{
  "fields": {
    "updated": "2015-10-10T18:51:51.264Z",
    "rack_front": true,
    "orientation": "Front",
    "storage": null,
    "comments": "",
    "rack": 194,
    "allocation": null,
    "added": "2015-10-10T18:51:51.263Z",
    "rack_back": true,
    "purpose": "",
    "rack_interior": true,
    "model": 222,
    "serial": "91S7S2U4",
    "unit": 12
  },
  "model": "hwdoc.equipment",
  "pk": 409
},
{
  "fields": {
    "updated": "2015-10-10T18:51:51.264Z",
    "rack_front": true,
    "orientation": "Front",
    "storage": null,
    "comments": "",
    "rack": 166,
    "allocation": 49,
    "added": "2015-10-10T18:51:51.264Z",
    "rack_back": true,
    "purpose": "",
    "rack_interior": true,
    "model": 236,
    "serial": "7GPZ6G43QM",
    "unit": 7
  },
  "model": "hwdoc.equipment",
  "pk": 410
},
{
  "fields": {
    "updated": "2015-10-10T18:51:51.264Z",
    "rack_front": true,
    "orientation": "Front",
    "storage": 19,
    "comments": "",
    "rack": null,
    "allocation": null,
    "added": "2015-10-10T18:51:51.264Z",
    "rack_back": true,
    "purpose": "",
    "rack_interior": true,
    "model": 230,
    "serial": "J2NGLV6D7IY1",
    "unit": null
  },
  "model": "hwdoc.equipment",
  "pk": 411
},
{
  "fields": {
    "updated": "2015-10-10T18:51:51.264Z",
    "rack_front": true,
    "orientation": "Front",
    "storage": null,
    "comments": "",
    "rack": 225,
    "allocation": null,
    "added": "2015-10-10T18:51:51.264Z",
    "rack_back": true,
    "purpose": "",
    "rack_interior": true,
    "model": 236,
    "serial": "0IEGHW9V2",
    "unit": 15
  },
  "model": "hwdoc.equipment",
  "pk": 412
},
{
  "fields": {
    "updated": "2015-10-10T18:51:51.264Z",
    "rack_front": true,
    "orientation": "Front",
    "storage": null,
    "comments": "",
    "rack": null,
    "allocation": 59,
    "added": "2015-10-10T18:51:51.264Z",
    "rack_back": true,
    "purpose": "",
    "rack_interior": true,
    "model": 233,
    "serial": "8S5P1W3O63ORU",
    "unit": null
  },
  "model": "hwdoc.equipment",
  "pk": 413
},
{
  "fields": {
    "updated": "2015-10-10T18:51:51.264Z",
    "rack_front": true,
    "orientation": "Front",
    "storage": null,
    "comments": "",
    "rack": null,
    "allocation": null,
    "added": "2015-10-10T18:51:51.264Z",
    "rack_back": true,
    "purpose": "",
    "rack_interior": true,
    "model": 230,
    "serial": "9YZ2IW0S5C3",
    "unit": null
  },
  "model": "hwdoc.equipment",
  "pk": 414
},
{
  "fields": {
    "updated": "2015-10-10T18:51:51.264Z",
    "rack_front": true,
    "orientation": "Front",
    "storage": null,
    "comments": "",
    "rack": 232,
    "allocation": 46,
    "added": "2015-10-10T18:51:51.264Z",
    "rack_back": true,
    "purpose": "",
    "rack_interior": true,
    "model": 225,
    "serial": "08H9GJ5A8IJ41Y1",
    "unit": 36
  },
  "model": "hwdoc.equipment",
  "pk": 415
},
{
  "fields": {
    "updated": "2015-10-10T18:51:51.264Z",
    "rack_front": true,
    "orientation": "Front",
    "storage": null,
    "comments": "",
    "rack": 207,
    "allocation": null,
    "added": "2015-10-10T18:51:51.264Z",
    "rack_back": true,
    "purpose": "",
    "rack_interior": true,
    "model": 233,
    "serial": "SP71J8LZDJ0M",
    "unit": 6
  },
  "model": "hwdoc.equipment",
  "pk": 416
},
{
  "fields": {
    "updated": "2015-10-10T18:51:51.264Z",
    "rack_front": true,
    "orientation": "Front",
    "storage": null,
    "comments": "Test comment",
    "rack": 207,
    "allocation": 56,
    "added": "2015-10-10T18:51:51.264Z",
    "rack_back": true,
    "purpose": "",
    "rack_interior": true,
    "model": 222,
    "serial": "WRY26H26SJ7W",
    "unit": 10
  },
  "model": "hwdoc.equipment",
  "pk": 417
},
{
  "fields": {
    "updated": "2015-10-10T18:51:51.264Z",
    "rack_front": true,
    "orientation": "Front",
    "storage": null,
    "comments": "",
    "rack": null,
    "allocation": 46,
    "added": "2015-10-10T18:51:51.264Z",
    "rack_back": true,
    "purpose": "",
    "rack_interior": true,
    "model": 230,
    "serial": "VH2GDXVJH2",
    "unit": null
  },
  "model": "hwdoc.equipment",
  "pk": 418
},
{
  "fields": {
    "updated": "2015-10-10T18:51:51.264Z",
    "rack_front": true,
    "orientation": "Front",
    "storage": null,
    "comments": "",
    "rack": null,
    "allocation": null,
    "added": "2015-10-10T18:51:51.264Z",
    "rack_back": true,
    "purpose": "",
    "rack_interior": true,
    "model": 225,
    "serial": "WDZ6WFAK7",
    "unit": null
  },
  "model": "hwdoc.equipment",
  "pk": 419
},
{
  "fields": {
    "updated": "2015-10-10T18:51:51.264Z",
    "rack_front": true,
    "orientation": "Front",
    "storage": null,
    "comments": "",
    "rack": null,
    "allocation": 41,
    "added": "2015-10-10T18:51:51.264Z",
    "rack_back": true,
    "purpose": "",
    "rack_interior": true,
    "model": 232,
    "serial": "3VMSKYW",
    "unit": null
  },
  "model": "hwdoc.equipment",
  "pk": 420
},
{
  "fields": {
    "updated": "2015-10-10T18:51:51.264Z",
    "rack_front": true,
    "orientation": "Front",
    "storage": null,
    "comments": "",
    "rack": 200,
    "allocation": 42,
    "added": "2015-10-10T18:51:51.264Z",
    "rack_back": true,
    "purpose": "",
    "rack_interior": true,
    "model": 227,
    "serial": "X5C235",
    "unit": 17
  },
  "model": "hwdoc.equipment",
  "pk": 421
},
{
  "fields": {
    "updated": "2015-10-10T18:51:51.264Z",
    "rack_front": true,
    "orientation": "Front",
    "storage": null,
    "comments": "",
    "rack": null,
    "allocation": null,
    "added": "2015-10-10T18:51:51.264Z",
    "rack_back": true,
    "purpose": "",
    "rack_interior": true,
    "model": 230,
    "serial": "QMUEXEIRD22",
    "unit": null
  },
  "model": "hwdoc.equipment",
  "pk": 422
},
{
  "fields": {
    "updated": "2015-10-10T18:51:51.264Z",
    "rack_front": true,
    "orientation": "Front",
    "storage": null,
    "comments": "",
    "rack": 217,
    "allocation": null,
    "added": "2015-10-10T18:51:51.264Z",
    "rack_back": true,
    "purpose": "",
    "rack_interior": true,
    "model": 233,
    "serial": "INMV10TA",
    "unit": 39
  },
  "model": "hwdoc.equipment",
  "pk": 423
},
{
  "fields": {
    "updated": "2015-10-10T18:51:51.265Z",
    "rack_front": true,
    "orientation": "Front",
    "storage": null,
    "comments": "",
    "rack": 206,
    "allocation": 58,
    "added": "2015-10-10T18:51:51.264Z",
    "rack_back": true,
    "purpose": "",
    "rack_interior": true,
    "model": 222,
    "serial": "PA3DL6FYEZN",
    "unit": 32
  },
  "model": "hwdoc.equipment",
  "pk": 424
},
{
  "fields": {
    "updated": "2015-10-10T18:51:51.265Z",
    "rack_front": true,
    "orientation": "Front",
    "storage": null,
    "comments": "",
    "rack": null,
    "allocation": null,
    "added": "2015-10-10T18:51:51.265Z",
    "rack_back": true,
    "purpose": "",
    "rack_interior": true,
    "model": 230,
    "serial": "4IK2LEDUL",
    "unit": null
  },
  "model": "hwdoc.equipment",
  "pk": 425
},
{
  "fields": {
    "updated": "2015-10-10T18:51:51.265Z",
    "rack_front": true,
    "orientation": "Front",
    "storage": null,
    "comments": "Test comment",
    "rack": 205,
    "allocation": 55,
    "added": "2015-10-10T18:51:51.265Z",
    "rack_back": true,
    "purpose": "",
    "rack_interior": true,
    "model": 235,
    "serial": "3992IUXXIE9TTJ",
    "unit": 18
  },
  "model": "hwdoc.equipment",
  "pk": 426
},
{
  "fields": {
    "updated": "2015-10-10T18:51:51.265Z",
    "rack_front": true,
    "orientation": "Front",
    "storage": null,
    "comments": "",
    "rack": null,
    "allocation": 57,
    "added": "2015-10-10T18:51:51.265Z",
    "rack_back": true,
    "purpose": "",
    "rack_interior": true,
    "model": 224,
    "serial": "UWSZS0SC28E0S",
    "unit": null
  },
  "model": "hwdoc.equipment",
  "pk": 427
},
{
  "fields": {
    "updated": "2015-10-10T18:51:51.265Z",
    "rack_front": true,
    "orientation": "Front",
    "storage": 19,
    "comments": "",
    "rack": null,
    "allocation": null,
    "added": "2015-10-10T18:51:51.265Z",
    "rack_back": true,
    "purpose": "",
    "rack_interior": true,
    "model": 230,
    "serial": "TNW9FUB490G",
    "unit": null
  },
  "model": "hwdoc.equipment",
  "pk": 428
},
{
  "fields": {
    "updated": "2015-10-10T18:51:51.265Z",
    "rack_front": true,
    "orientation": "Front",
    "storage": null,
    "comments": "",
    "rack": 201,
    "allocation": 53,
    "added": "2015-10-10T18:51:51.265Z",
    "rack_back": true,
    "purpose": "",
    "rack_interior": true,
    "model": 228,
    "serial": "0BV4YVRC",
    "unit": 32
  },
  "model": "hwdoc.equipment",
  "pk": 429
},
{
  "fields": {
    "updated": "2015-10-10T18:51:51.265Z",
    "rack_front": true,
    "orientation": "Front",
    "storage": null,
    "comments": "Test comment",
    "rack": 174,
    "allocation": 42,
    "added": "2015-10-10T18:51:51.265Z",
    "rack_back": true,
    "purpose": "",
    "rack_interior": true,
    "model": 233,
    "serial": "N7XBV2H2VS",
    "unit": 6
  },
  "model": "hwdoc.equipment",
  "pk": 430
},
{
  "fields": {
    "updated": "2015-10-10T18:51:51.265Z",
    "rack_front": true,
    "orientation": "Front",
    "storage": null,
    "comments": "",
    "rack": 225,
    "allocation": null,
    "added": "2015-10-10T18:51:51.265Z",
    "rack_back": true,
    "purpose": "",
    "rack_interior": true,
    "model": 233,
    "serial": "HWGA9EUW82",
    "unit": 15
  },
  "model": "hwdoc.equipment",
  "pk": 431
},
{
  "fields": {
    "updated": "2015-10-10T18:51:51.265Z",
    "rack_front": true,
    "orientation": "Front",
    "storage": null,
    "comments": "",
    "rack": 207,
    "allocation": null,
    "added": "2015-10-10T18:51:51.265Z",
    "rack_back": true,
    "purpose": "",
    "rack_interior": true,
    "model": 223,
    "serial": "6AG6U70QFT6",
    "unit": 10
  },
  "model": "hwdoc.equipment",
  "pk": 432
},
{
  "fields": {
    "updated": "2015-10-10T18:51:51.265Z",
    "rack_front": true,
    "orientation": "Front",
    "storage": null,
    "comments": "",
    "rack": 162,
    "allocation": 60,
    "added": "2015-10-10T18:51:51.265Z",
    "rack_back": true,
    "purpose": "",
    "rack_interior": true,
    "model": 239,
    "serial": "QJU78XZH4Q9VM",
    "unit": 4
  },
  "model": "hwdoc.equipment",
  "pk": 433
},
{
  "fields": {
    "updated": "2015-10-10T18:51:51.265Z",
    "rack_front": true,
    "orientation": "Front",
    "storage": null,
    "comments": "Test comment",
    "rack": 179,
    "allocation": 50,
    "added": "2015-10-10T18:51:51.265Z",
    "rack_back": true,
    "purpose": "",
    "rack_interior": true,
    "model": 237,
    "serial": "1U2QC7O3ACX",
    "unit": 18
  },
  "model": "hwdoc.equipment",
  "pk": 434
},
{
  "fields": {
    "updated": "2015-10-10T18:51:51.265Z",
    "rack_front": true,
    "orientation": "Front",
    "storage": null,
    "comments": "",
    "rack": 205,
    "allocation": 59,
    "added": "2015-10-10T18:51:51.265Z",
    "rack_back": true,
    "purpose": "",
    "rack_interior": true,
    "model": 240,
    "serial": "0GZABZHFHU8GWO",
    "unit": 1
  },
  "model": "hwdoc.equipment",
  "pk": 435
},
{
  "fields": {
    "updated": "2015-10-10T18:51:51.265Z",
    "rack_front": true,
    "orientation": "Front",
    "storage": null,
    "comments": "",
    "rack": 230,
    "allocation": null,
    "added": "2015-10-10T18:51:51.265Z",
    "rack_back": true,
    "purpose": "",
    "rack_interior": true,
    "model": 240,
    "serial": "RM3ZY82IQA4",
    "unit": 2
  },
  "model": "hwdoc.equipment",
  "pk": 436
},
{
  "fields": {
    "updated": "2015-10-10T18:51:51.265Z",
    "rack_front": true,
    "orientation": "Front",
    "storage": null,
    "comments": "",
    "rack": 161,
    "allocation": 46,
    "added": "2015-10-10T18:51:51.265Z",
    "rack_back": true,
    "purpose": "",
    "rack_interior": true,
    "model": 240,
    "serial": "YSQVNDA59FHF",
    "unit": 2
  },
  "model": "hwdoc.equipment",
  "pk": 437
},
{
  "fields": {
    "updated": "2015-10-10T18:51:51.265Z",
    "rack_front": true,
    "orientation": "Front",
    "storage": null,
    "comments": "",
    "rack": 212,
    "allocation": 54,
    "added": "2015-10-10T18:51:51.265Z",
    "rack_back": true,
    "purpose": "",
    "rack_interior": true,
    "model": 226,
    "serial": "II2QYGYFXL25ONS",
    "unit": 48
  },
  "model": "hwdoc.equipment",
  "pk": 438
},
{
  "fields": {
    "updated": "2015-10-10T18:51:51.266Z",
    "rack_front": true,
    "orientation": "Front",
    "storage": null,
    "comments": "Test comment",
    "rack": 202,
    "allocation": 54,
    "added": "2015-10-10T18:51:51.266Z",
    "rack_back": true,
    "purpose": "",
    "rack_interior": true,
    "model": 237,
    "serial": "JLZD1NL06AL",
    "unit": 22
  },
  "model": "hwdoc.equipment",
  "pk": 439
},
{
  "fields": {
    "updated": "2015-10-10T18:51:51.266Z",
    "rack_front": true,
    "orientation": "Front",
    "storage": null,
    "comments": "",
    "rack": 172,
    "allocation": 57,
    "added": "2015-10-10T18:51:51.266Z",
    "rack_back": true,
    "purpose": "",
    "rack_interior": true,
    "model": 227,
    "serial": "ISH62MT3",
    "unit": 5
  },
  "model": "hwdoc.equipment",
  "pk": 440
},
{
  "fields": {
    "updated": "2015-10-10T18:51:51.266Z",
    "rack_front": true,
    "orientation": "Front",
    "storage": 15,
    "comments": "Test comment",
    "rack": null,
    "allocation": 47,
    "added": "2015-10-10T18:51:51.266Z",
    "rack_back": true,
    "purpose": "",
    "rack_interior": true,
    "model": 232,
    "serial": "S65NLK",
    "unit": null
  },
  "model": "hwdoc.equipment",
  "pk": 441
},
{
  "fields": {
    "updated": "2015-10-10T18:51:51.266Z",
    "rack_front": true,
    "orientation": "Front",
    "storage": null,
    "comments": "",
    "rack": 195,
    "allocation": 60,
    "added": "2015-10-10T18:51:51.266Z",
    "rack_back": true,
    "purpose": "",
    "rack_interior": true,
    "model": 225,
    "serial": "FW8B14",
    "unit": 12
  },
  "model": "hwdoc.equipment",
  "pk": 442
},
{
  "fields": {
    "updated": "2015-10-10T18:51:51.266Z",
    "rack_front": true,
    "orientation": "Front",
    "storage": null,
    "comments": "",
    "rack": null,
    "allocation": 47,
    "added": "2015-10-10T18:51:51.266Z",
    "rack_back": true,
    "purpose": "",
    "rack_interior": true,
    "model": 230,
    "serial": "18UHBTEG7PQ",
    "unit": null
  },
  "model": "hwdoc.equipment",
  "pk": 443
},
{
  "fields": {
    "updated": "2015-10-10T18:51:51.266Z",
    "rack_front": true,
    "orientation": "Front",
    "storage": null,
    "comments": "",
    "rack": null,
    "allocation": null,
    "added": "2015-10-10T18:51:51.266Z",
    "rack_back": true,
    "purpose": "",
    "rack_interior": true,
    "model": 230,
    "serial": "LYEJQ5FV2FI17Q",
    "unit": null
  },
  "model": "hwdoc.equipment",
  "pk": 444
},
{
  "fields": {
    "updated": "2015-10-10T18:51:51.266Z",
    "rack_front": true,
    "orientation": "Front",
    "storage": null,
    "comments": "",
    "rack": 212,
    "allocation": 60,
    "added": "2015-10-10T18:51:51.266Z",
    "rack_back": true,
    "purpose": "",
    "rack_interior": true,
    "model": 230,
    "serial": "KU91M42AU1RL83",
    "unit": 12
  },
  "model": "hwdoc.equipment",
  "pk": 445
},
{
  "fields": {
    "updated": "2015-10-10T18:51:51.266Z",
    "rack_front": true,
    "orientation": "Front",
    "storage": null,
    "comments": "",
    "rack": 232,
    "allocation": null,
    "added": "2015-10-10T18:51:51.266Z",
    "rack_back": true,
    "purpose": "",
    "rack_interior": true,
    "model": 240,
    "serial": "3AQV918L1B80MB",
    "unit": 14
  },
  "model": "hwdoc.equipment",
  "pk": 446
},
{
  "fields": {
    "updated": "2015-10-10T18:51:51.266Z",
    "rack_front": true,
    "orientation": "Front",
    "storage": null,
    "comments": "",
    "rack": 176,
    "allocation": 47,
    "added": "2015-10-10T18:51:51.266Z",
    "rack_back": true,
    "purpose": "",
    "rack_interior": true,
    "model": 230,
    "serial": "PKN6S2",
    "unit": 21
  },
  "model": "hwdoc.equipment",
  "pk": 447
},
{
  "fields": {
    "updated": "2015-10-10T18:51:51.266Z",
    "rack_front": true,
    "orientation": "Front",
    "storage": null,
    "comments": "",
    "rack": 208,
    "allocation": 52,
    "added": "2015-10-10T18:51:51.266Z",
    "rack_back": true,
    "purpose": "",
    "rack_interior": true,
    "model": 221,
    "serial": "13U45LWD1865MU",
    "unit": 13
  },
  "model": "hwdoc.equipment",
  "pk": 448
},
{
  "fields": {
    "updated": "2015-10-10T18:51:51.266Z",
    "rack_front": true,
    "orientation": "Front",
    "storage": null,
    "comments": "",
    "rack": null,
    "allocation": 41,
    "added": "2015-10-10T18:51:51.266Z",
    "rack_back": true,
    "purpose": "",
    "rack_interior": true,
    "model": 230,
    "serial": "7HDQ3S75W",
    "unit": null
  },
  "model": "hwdoc.equipment",
  "pk": 449
},
{
  "fields": {
    "updated": "2015-10-10T18:51:51.266Z",
    "rack_front": true,
    "orientation": "Front",
    "storage": null,
    "comments": "",
    "rack": 198,
    "allocation": 54,
    "added": "2015-10-10T18:51:51.266Z",
    "rack_back": true,
    "purpose": "",
    "rack_interior": true,
    "model": 235,
    "serial": "GZ3Q5KZ42P9",
    "unit": 26
  },
  "model": "hwdoc.equipment",
  "pk": 450
},
{
  "fields": {
    "updated": "2015-10-10T18:51:51.266Z",
    "rack_front": true,
    "orientation": "Front",
    "storage": null,
    "comments": "",
    "rack": 173,
    "allocation": null,
    "added": "2015-10-10T18:51:51.266Z",
    "rack_back": true,
    "purpose": "",
    "rack_interior": true,
    "model": 236,
    "serial": "QYF0DX9E3F",
    "unit": 46
  },
  "model": "hwdoc.equipment",
  "pk": 451
},
{
  "fields": {
    "updated": "2015-10-10T18:51:51.266Z",
    "rack_front": true,
    "orientation": "Front",
    "storage": null,
    "comments": "",
    "rack": 207,
    "allocation": 41,
    "added": "2015-10-10T18:51:51.266Z",
    "rack_back": true,
    "purpose": "",
    "rack_interior": true,
    "model": 239,
    "serial": "5AEU5QX",
    "unit": 21
  },
  "model": "hwdoc.equipment",
  "pk": 452
},
{
  "fields": {
    "updated": "2015-10-10T18:51:51.266Z",
    "rack_front": true,
    "orientation": "Front",
    "storage": null,
    "comments": "",
    "rack": 194,
    "allocation": null,
    "added": "2015-10-10T18:51:51.266Z",
    "rack_back": true,
    "purpose": "",
    "rack_interior": true,
    "model": 227,
    "serial": "DTUSW7M7XDYV5JR",
    "unit": 5
  },
  "model": "hwdoc.equipment",
  "pk": 453
},
{
  "fields": {
    "updated": "2015-10-10T18:51:51.267Z",
    "rack_front": true,
    "orientation": "Front",
    "storage": null,
    "comments": "",
    "rack": 222,
    "allocation": null,
    "added": "2015-10-10T18:51:51.267Z",
    "rack_back": true,
    "purpose": "",
    "rack_interior": true,
    "model": 225,
    "serial": "ELNUOLECU",
    "unit": 14
  },
  "model": "hwdoc.equipment",
  "pk": 454
},
{
  "fields": {
    "updated": "2015-10-10T18:51:51.267Z",
    "rack_front": true,
    "orientation": "Front",
    "storage": null,
    "comments": "",
    "rack": 208,
    "allocation": null,
    "added": "2015-10-10T18:51:51.267Z",
    "rack_back": true,
    "purpose": "",
    "rack_interior": true,
    "model": 233,
    "serial": "22OCWHP7",
    "unit": 27
  },
  "model": "hwdoc.equipment",
  "pk": 455
},
{
  "fields": {
    "updated": "2015-10-10T18:51:51.267Z",
    "rack_front": true,
    "orientation": "Front",
    "storage": 16,
    "comments": "",
    "rack": null,
    "allocation": null,
    "added": "2015-10-10T18:51:51.267Z",
    "rack_back": true,
    "purpose": "",
    "rack_interior": true,
    "model": 230,
    "serial": "FXPDTF1IA",
    "unit": null
  },
  "model": "hwdoc.equipment",
  "pk": 456
},
{
  "fields": {
    "updated": "2015-10-10T18:51:51.267Z",
    "rack_front": true,
    "orientation": "Front",
    "storage": null,
    "comments": "",
    "rack": 161,
    "allocation": 56,
    "added": "2015-10-10T18:51:51.267Z",
    "rack_back": true,
    "purpose": "",
    "rack_interior": true,
    "model": 230,
    "serial": "6TSHFRT32",
    "unit": 3
  },
  "model": "hwdoc.equipment",
  "pk": 457
},
{
  "fields": {
    "updated": "2015-10-10T18:51:51.267Z",
    "rack_front": true,
    "orientation": "Front",
    "storage": null,
    "comments": "",
    "rack": null,
    "allocation": null,
    "added": "2015-10-10T18:51:51.267Z",
    "rack_back": true,
    "purpose": "",
    "rack_interior": true,
    "model": 230,
    "serial": "O9SQSKWLKHCD",
    "unit": null
  },
  "model": "hwdoc.equipment",
  "pk": 458
},
{
  "fields": {
    "updated": "2015-10-10T18:51:51.267Z",
    "rack_front": true,
    "orientation": "Front",
    "storage": null,
    "comments": "",
    "rack": 193,
    "allocation": 42,
    "added": "2015-10-10T18:51:51.267Z",
    "rack_back": true,
    "purpose": "",
    "rack_interior": true,
    "model": 230,
    "serial": "S4BKQHFAPFZUWOT",
    "unit": 12
  },
  "model": "hwdoc.equipment",
  "pk": 459
},
{
  "fields": {
    "updated": "2015-10-10T18:51:51.267Z",
    "rack_front": true,
    "orientation": "Front",
    "storage": null,
    "comments": "",
    "rack": null,
    "allocation": 58,
    "added": "2015-10-10T18:51:51.267Z",
    "rack_back": true,
    "purpose": "",
    "rack_interior": true,
    "model": 234,
    "serial": "DW718ZUG8V",
    "unit": null
  },
  "model": "hwdoc.equipment",
  "pk": 460
},
{
  "fields": {
    "updated": "2015-10-10T18:51:51.267Z",
    "rack_front": true,
    "orientation": "Front",
    "storage": null,
    "comments": "",
    "rack": 193,
    "allocation": 52,
    "added": "2015-10-10T18:51:51.267Z",
    "rack_back": true,
    "purpose": "",
    "rack_interior": true,
    "model": 221,
    "serial": "T62MZMIYH5U",
    "unit": 35
  },
  "model": "hwdoc.equipment",
  "pk": 461
},
{
  "fields": {
    "updated": "2015-10-10T18:51:51.267Z",
    "rack_front": true,
    "orientation": "Front",
    "storage": null,
    "comments": "",
    "rack": 195,
    "allocation": null,
    "added": "2015-10-10T18:51:51.267Z",
    "rack_back": true,
    "purpose": "",
    "rack_interior": true,
    "model": 226,
    "serial": "RLSEE51E8QM789",
    "unit": 38
  },
  "model": "hwdoc.equipment",
  "pk": 462
},
{
  "fields": {
    "updated": "2015-10-10T18:51:51.267Z",
    "rack_front": true,
    "orientation": "Front",
    "storage": null,
    "comments": "",
    "rack": 233,
    "allocation": 48,
    "added": "2015-10-10T18:51:51.267Z",
    "rack_back": true,
    "purpose": "",
    "rack_interior": true,
    "model": 234,
    "serial": "4OAG50M2CYKS8S",
    "unit": 28
  },
  "model": "hwdoc.equipment",
  "pk": 463
},
{
  "fields": {
    "updated": "2015-10-10T18:51:51.267Z",
    "rack_front": true,
    "orientation": "Front",
    "storage": null,
    "comments": "",
    "rack": 161,
    "allocation": 51,
    "added": "2015-10-10T18:51:51.267Z",
    "rack_back": true,
    "purpose": "",
    "rack_interior": true,
    "model": 231,
    "serial": "B7FM1ON2Y",
    "unit": 6
  },
  "model": "hwdoc.equipment",
  "pk": 464
},
{
  "fields": {
    "updated": "2015-10-10T18:51:51.267Z",
    "rack_front": true,
    "orientation": "Front",
    "storage": null,
    "comments": "",
    "rack": 171,
    "allocation": 41,
    "added": "2015-10-10T18:51:51.267Z",
    "rack_back": true,
    "purpose": "",
    "rack_interior": true,
    "model": 237,
    "serial": "W725L4N",
    "unit": 1
  },
  "model": "hwdoc.equipment",
  "pk": 465
},
{
  "fields": {
    "updated": "2015-10-10T18:51:51.267Z",
    "rack_front": true,
    "orientation": "Front",
    "storage": null,
    "comments": "",
    "rack": 216,
    "allocation": 52,
    "added": "2015-10-10T18:51:51.267Z",
    "rack_back": true,
    "purpose": "",
    "rack_interior": true,
    "model": 228,
    "serial": "GEHKSRAIH8",
    "unit": 41
  },
  "model": "hwdoc.equipment",
  "pk": 466
},
{
  "fields": {
    "updated": "2015-10-10T18:51:51.267Z",
    "rack_front": true,
    "orientation": "Front",
    "storage": null,
    "comments": "",
    "rack": 174,
    "allocation": 58,
    "added": "2015-10-10T18:51:51.267Z",
    "rack_back": true,
    "purpose": "",
    "rack_interior": true,
    "model": 229,
    "serial": "JZMFDIU84RW117",
    "unit": 8
  },
  "model": "hwdoc.equipment",
  "pk": 467
},
{
  "fields": {
    "updated": "2015-10-10T18:51:51.267Z",
    "rack_front": true,
    "orientation": "Front",
    "storage": null,
    "comments": "",
    "rack": 188,
    "allocation": 55,
    "added": "2015-10-10T18:51:51.267Z",
    "rack_back": true,
    "purpose": "",
    "rack_interior": true,
    "model": 227,
    "serial": "CXKF4GR7O",
    "unit": 41
  },
  "model": "hwdoc.equipment",
  "pk": 468
},
{
  "fields": {
    "updated": "2015-10-10T18:51:51.268Z",
    "rack_front": true,
    "orientation": "Front",
    "storage": 18,
    "comments": "",
    "rack": null,
    "allocation": 43,
    "added": "2015-10-10T18:51:51.268Z",
    "rack_back": true,
    "purpose": "",
    "rack_interior": true,
    "model": 225,
    "serial": "P20R4CX9L",
    "unit": null
  },
  "model": "hwdoc.equipment",
  "pk": 469
},
{
  "fields": {
    "updated": "2015-10-10T18:51:51.268Z",
    "rack_front": true,
    "orientation": "Front",
    "storage": 21,
    "comments": "",
    "rack": null,
    "allocation": 47,
    "added": "2015-10-10T18:51:51.268Z",
    "rack_back": true,
    "purpose": "",
    "rack_interior": true,
    "model": 229,
    "serial": "QLWRU1QPIH4F",
    "unit": null
  },
  "model": "hwdoc.equipment",
  "pk": 470
},
{
  "fields": {
    "updated": "2015-10-10T18:51:51.268Z",
    "rack_front": true,
    "orientation": "Front",
    "storage": null,
    "comments": "",
    "rack": 184,
    "allocation": null,
    "added": "2015-10-10T18:51:51.268Z",
    "rack_back": true,
    "purpose": "",
    "rack_interior": true,
    "model": 232,
    "serial": "IGBP67OSOBLHNX4",
    "unit": 28
  },
  "model": "hwdoc.equipment",
  "pk": 471
},
{
  "fields": {
    "updated": "2015-10-10T18:51:51.272Z",
    "rack_front": true,
    "orientation": "Front",
    "storage": null,
    "comments": "",
    "rack": 180,
    "allocation": 57,
    "added": "2015-10-10T18:51:51.272Z",
    "rack_back": true,
    "purpose": "",
    "rack_interior": true,
    "model": 236,
    "serial": "VPWDYOIH8LH",
    "unit": 1
  },
  "model": "hwdoc.equipment",
  "pk": 472
},
{
  "fields": {
    "updated": "2015-10-10T18:51:51.272Z",
    "rack_front": true,
    "orientation": "Front",
    "storage": null,
    "comments": "",
    "rack": 229,
    "allocation": 43,
    "added": "2015-10-10T18:51:51.272Z",
    "rack_back": true,
    "purpose": "",
    "rack_interior": true,
    "model": 222,
    "serial": "XNJQULWV",
    "unit": 26
  },
  "model": "hwdoc.equipment",
  "pk": 473
},
{
  "fields": {
    "updated": "2015-10-10T18:51:51.272Z",
    "rack_front": true,
    "orientation": "Front",
    "storage": null,
    "comments": "",
    "rack": null,
    "allocation": 43,
    "added": "2015-10-10T18:51:51.272Z",
    "rack_back": true,
    "purpose": "",
    "rack_interior": true,
    "model": 223,
    "serial": "CJCHSSQHCL7",
    "unit": null
  },
  "model": "hwdoc.equipment",
  "pk": 474
},
{
  "fields": {
    "updated": "2015-10-10T18:51:51.272Z",
    "rack_front": true,
    "orientation": "Front",
    "storage": null,
    "comments": "",
    "rack": 165,
    "allocation": 50,
    "added": "2015-10-10T18:51:51.272Z",
    "rack_back": true,
    "purpose": "",
    "rack_interior": true,
    "model": 230,
    "serial": "29USFVOD8WTHA",
    "unit": 24
  },
  "model": "hwdoc.equipment",
  "pk": 475
},
{
  "fields": {
    "updated": "2015-10-10T18:51:51.272Z",
    "rack_front": true,
    "orientation": "Front",
    "storage": null,
    "comments": "",
    "rack": 225,
    "allocation": null,
    "added": "2015-10-10T18:51:51.272Z",
    "rack_back": true,
    "purpose": "",
    "rack_interior": true,
    "model": 237,
    "serial": "H5E6HHO4",
    "unit": 31
  },
  "model": "hwdoc.equipment",
  "pk": 476
},
{
  "fields": {
    "updated": "2015-10-10T18:51:51.272Z",
    "rack_front": true,
    "orientation": "Front",
    "storage": null,
    "comments": "Test comment",
    "rack": 164,
    "allocation": 47,
    "added": "2015-10-10T18:51:51.272Z",
    "rack_back": true,
    "purpose": "",
    "rack_interior": true,
    "model": 230,
    "serial": "P35WBU",
    "unit": 16
  },
  "model": "hwdoc.equipment",
  "pk": 477
},
{
  "fields": {
    "updated": "2015-10-10T18:51:51.272Z",
    "rack_front": true,
    "orientation": "Front",
    "storage": null,
    "comments": "",
    "rack": 233,
    "allocation": null,
    "added": "2015-10-10T18:51:51.272Z",
    "rack_back": true,
    "purpose": "",
    "rack_interior": true,
    "model": 236,
    "serial": "LEVJUL335QXR0I4",
    "unit": 47
  },
  "model": "hwdoc.equipment",
  "pk": 478
},
{
  "fields": {
    "updated": "2015-10-10T18:51:51.272Z",
    "rack_front": true,
    "orientation": "Front",
    "storage": null,
    "comments": "Test comment",
    "rack": 209,
    "allocation": 51,
    "added": "2015-10-10T18:51:51.272Z",
    "rack_back": true,
    "purpose": "",
    "rack_interior": true,
    "model": 235,
    "serial": "KZMB3TJ5WWM2HMN",
    "unit": 24
  },
  "model": "hwdoc.equipment",
  "pk": 479
},
{
  "fields": {
    "updated": "2015-10-10T18:51:51.272Z",
    "rack_front": true,
    "orientation": "Front",
    "storage": null,
    "comments": "",
    "rack": null,
    "allocation": 60,
    "added": "2015-10-10T18:51:51.272Z",
    "rack_back": true,
    "purpose": "",
    "rack_interior": true,
    "model": 225,
    "serial": "JEZBKP6JMGDCKT",
    "unit": null
  },
  "model": "hwdoc.equipment",
  "pk": 480
},
{
  "fields": {
    "updated": "2015-10-10T18:51:51.272Z",
    "rack_front": true,
    "orientation": "Front",
    "storage": null,
    "comments": "Test comment",
    "rack": 204,
    "allocation": null,
    "added": "2015-10-10T18:51:51.272Z",
    "rack_back": true,
    "purpose": "",
    "rack_interior": true,
    "model": 236,
    "serial": "SCNBZTBX1UDAGGI",
    "unit": 17
  },
  "model": "hwdoc.equipment",
  "pk": 481
},
{
  "fields": {
    "updated": "2015-10-10T18:51:51.272Z",
    "rack_front": true,
    "orientation": "Front",
    "storage": null,
    "comments": "",
    "rack": null,
    "allocation": null,
    "added": "2015-10-10T18:51:51.272Z",
    "rack_back": true,
    "purpose": "",
    "rack_interior": true,
    "model": 230,
    "serial": "MPCIWGGLFW7NOZ",
    "unit": null
  },
  "model": "hwdoc.equipment",
  "pk": 482
},
{
  "fields": {
    "updated": "2015-10-10T18:51:51.272Z",
    "rack_front": true,
    "orientation": "Front",
    "storage": null,
    "comments": "",
    "rack": 183,
    "allocation": null,
    "added": "2015-10-10T18:51:51.272Z",
    "rack_back": true,
    "purpose": "",
    "rack_interior": true,
    "model": 225,
    "serial": "I8FVN5Z12",
    "unit": 25
  },
  "model": "hwdoc.equipment",
  "pk": 483
},
{
  "fields": {
    "updated": "2015-10-10T18:51:51.273Z",
    "rack_front": true,
    "orientation": "Front",
    "storage": null,
    "comments": "",
    "rack": 164,
    "allocation": 57,
    "added": "2015-10-10T18:51:51.272Z",
    "rack_back": true,
    "purpose": "",
    "rack_interior": true,
    "model": 235,
    "serial": "PUJQRX",
    "unit": 35
  },
  "model": "hwdoc.equipment",
  "pk": 484
},
{
  "fields": {
    "updated": "2015-10-10T18:51:51.273Z",
    "rack_front": true,
    "orientation": "Front",
    "storage": null,
    "comments": "",
    "rack": 191,
    "allocation": null,
    "added": "2015-10-10T18:51:51.273Z",
    "rack_back": true,
    "purpose": "",
    "rack_interior": true,
    "model": 237,
    "serial": "GM533BKB",
    "unit": 28
  },
  "model": "hwdoc.equipment",
  "pk": 485
},
{
  "fields": {
    "updated": "2015-10-10T18:51:51.273Z",
    "rack_front": true,
    "orientation": "Front",
    "storage": null,
    "comments": "",
    "rack": null,
    "allocation": null,
    "added": "2015-10-10T18:51:51.273Z",
    "rack_back": true,
    "purpose": "",
    "rack_interior": true,
    "model": 233,
    "serial": "ZFNTQA1",
    "unit": null
  },
  "model": "hwdoc.equipment",
  "pk": 486
},
{
  "fields": {
    "updated": "2015-10-10T18:51:51.273Z",
    "rack_front": true,
    "orientation": "Front",
    "storage": null,
    "comments": "",
    "rack": 220,
    "allocation": null,
    "added": "2015-10-10T18:51:51.273Z",
    "rack_back": true,
    "purpose": "",
    "rack_interior": true,
    "model": 221,
    "serial": "L27RVBTMUD",
    "unit": 3
  },
  "model": "hwdoc.equipment",
  "pk": 487
},
{
  "fields": {
    "updated": "2015-10-10T18:51:51.273Z",
    "rack_front": true,
    "orientation": "Front",
    "storage": null,
    "comments": "",
    "rack": 220,
    "allocation": 45,
    "added": "2015-10-10T18:51:51.273Z",
    "rack_back": true,
    "purpose": "",
    "rack_interior": true,
    "model": 237,
    "serial": "OO1OKK6ASV0OMD",
    "unit": 3
  },
  "model": "hwdoc.equipment",
  "pk": 488
},
{
  "fields": {
    "updated": "2015-10-10T18:51:51.273Z",
    "rack_front": true,
    "orientation": "Front",
    "storage": null,
    "comments": "",
    "rack": null,
    "allocation": 45,
    "added": "2015-10-10T18:51:51.273Z",
    "rack_back": true,
    "purpose": "",
    "rack_interior": true,
    "model": 238,
    "serial": "P2YM4VAMJEZ",
    "unit": null
  },
  "model": "hwdoc.equipment",
  "pk": 489
},
{
  "fields": {
    "updated": "2015-10-10T18:51:51.273Z",
    "rack_front": true,
    "orientation": "Front",
    "storage": null,
    "comments": "",
    "rack": null,
    "allocation": 42,
    "added": "2015-10-10T18:51:51.273Z",
    "rack_back": true,
    "purpose": "",
    "rack_interior": true,
    "model": 225,
    "serial": "RPJK3NMR11MXVG",
    "unit": null
  },
  "model": "hwdoc.equipment",
  "pk": 490
},
{
  "fields": {
    "updated": "2015-10-10T18:51:51.273Z",
    "rack_front": true,
    "orientation": "Front",
    "storage": null,
    "comments": "",
    "rack": 184,
    "allocation": null,
    "added": "2015-10-10T18:51:51.273Z",
    "rack_back": true,
    "purpose": "",
    "rack_interior": true,
    "model": 222,
    "serial": "ICKPH623FY5VU5",
    "unit": 10
  },
  "model": "hwdoc.equipment",
  "pk": 491
},
{
  "fields": {
    "updated": "2015-10-10T18:51:51.273Z",
    "rack_front": true,
    "orientation": "Front",
    "storage": null,
    "comments": "",
    "rack": 236,
    "allocation": 58,
    "added": "2015-10-10T18:51:51.273Z",
    "rack_back": true,
    "purpose": "",
    "rack_interior": true,
    "model": 239,
    "serial": "MO3LK7LEV685",
    "unit": 39
  },
  "model": "hwdoc.equipment",
  "pk": 492
},
{
  "fields": {
    "updated": "2015-10-10T18:51:51.273Z",
    "rack_front": true,
    "orientation": "Front",
    "storage": null,
    "comments": "",
    "rack": 173,
    "allocation": null,
    "added": "2015-10-10T18:51:51.273Z",
    "rack_back": true,
    "purpose": "",
    "rack_interior": true,
    "model": 235,
    "serial": "4WYA7NA0GVNC8V",
    "unit": 1
  },
  "model": "hwdoc.equipment",
  "pk": 493
},
{
  "fields": {
    "updated": "2015-10-10T18:51:51.273Z",
    "rack_front": true,
    "orientation": "Front",
    "storage": null,
    "comments": "Test comment",
    "rack": 197,
    "allocation": 57,
    "added": "2015-10-10T18:51:51.273Z",
    "rack_back": true,
    "purpose": "",
    "rack_interior": true,
    "model": 240,
    "serial": "FOVHQ2124M",
    "unit": 18
  },
  "model": "hwdoc.equipment",
  "pk": 494
},
{
  "fields": {
    "updated": "2015-10-10T18:51:51.273Z",
    "rack_front": true,
    "orientation": "Front",
    "storage": null,
    "comments": "Test comment",
    "rack": 195,
    "allocation": null,
    "added": "2015-10-10T18:51:51.273Z",
    "rack_back": true,
    "purpose": "",
    "rack_interior": true,
    "model": 235,
    "serial": "B8WPU12MOR1N1",
    "unit": 15
  },
  "model": "hwdoc.equipment",
  "pk": 495
},
{
  "fields": {
    "updated": "2015-10-10T18:51:51.273Z",
    "rack_front": true,
    "orientation": "Front",
    "storage": null,
    "comments": "",
    "rack": null,
    "allocation": 50,
    "added": "2015-10-10T18:51:51.273Z",
    "rack_back": true,
    "purpose": "",
    "rack_interior": true,
    "model": 233,
    "serial": "5ZDP2K2JGQJ7",
    "unit": null
  },
  "model": "hwdoc.equipment",
  "pk": 496
},
{
  "fields": {
    "updated": "2015-10-10T18:51:51.273Z",
    "rack_front": true,
    "orientation": "Front",
    "storage": null,
    "comments": "",
    "rack": 222,
    "allocation": null,
    "added": "2015-10-10T18:51:51.273Z",
    "rack_back": true,
    "purpose": "",
    "rack_interior": true,
    "model": 236,
    "serial": "GZCDYTH4F",
    "unit": 10
  },
  "model": "hwdoc.equipment",
  "pk": 497
},
{
  "fields": {
    "updated": "2015-10-10T18:51:51.273Z",
    "rack_front": true,
    "orientation": "Front",
    "storage": null,
    "comments": "",
    "rack": 174,
    "allocation": 59,
    "added": "2015-10-10T18:51:51.273Z",
    "rack_back": true,
    "purpose": "",
    "rack_interior": true,
    "model": 238,
    "serial": "342U6IS5",
    "unit": 47
  },
  "model": "hwdoc.equipment",
  "pk": 498
},
{
  "fields": {
    "updated": "2015-10-10T18:51:51.274Z",
    "rack_front": true,
    "orientation": "Front",
    "storage": null,
    "comments": "",
    "rack": 179,
    "allocation": null,
    "added": "2015-10-10T18:51:51.273Z",
    "rack_back": true,
    "purpose": "",
    "rack_interior": true,
    "model": 237,
    "serial": "98RPNIT4CJ15N",
    "unit": 9
  },
  "model": "hwdoc.equipment",
  "pk": 499
},
{
  "fields": {
    "updated": "2015-10-10T18:51:51.274Z",
    "rack_front": true,
    "orientation": "Front",
    "storage": null,
    "comments": "",
    "rack": 216,
    "allocation": 55,
    "added": "2015-10-10T18:51:51.274Z",
    "rack_back": true,
    "purpose": "",
    "rack_interior": true,
    "model": 221,
    "serial": "56F6KTJQ7W87",
    "unit": 41
  },
  "model": "hwdoc.equipment",
  "pk": 500
},
{
  "fields": {
    "updated": "2015-10-10T18:51:51.274Z",
    "rack_front": true,
    "orientation": "Front",
    "storage": null,
    "comments": "Test comment",
    "rack": 231,
    "allocation": 57,
    "added": "2015-10-10T18:51:51.274Z",
    "rack_back": true,
    "purpose": "",
    "rack_interior": true,
    "model": 239,
    "serial": "2KEITGT",
    "unit": 21
  },
  "model": "hwdoc.equipment",
  "pk": 501
},
{
  "fields": {
    "updated": "2015-10-10T18:51:51.274Z",
    "rack_front": true,
    "orientation": "Front",
    "storage": null,
    "comments": "Test comment",
    "rack": 177,
    "allocation": null,
    "added": "2015-10-10T18:51:51.274Z",
    "rack_back": true,
    "purpose": "",
    "rack_interior": true,
    "model": 222,
    "serial": "322M3QA",
    "unit": 27
  },
  "model": "hwdoc.equipment",
  "pk": 502
},
{
  "fields": {
    "updated": "2015-10-10T18:51:51.274Z",
    "rack_front": true,
    "orientation": "Front",
    "storage": null,
    "comments": "",
    "rack": 183,
    "allocation": 48,
    "added": "2015-10-10T18:51:51.274Z",
    "rack_back": true,
    "purpose": "",
    "rack_interior": true,
    "model": 227,
    "serial": "WHYTRO46H",
    "unit": 40
  },
  "model": "hwdoc.equipment",
  "pk": 503
},
{
  "fields": {
    "updated": "2015-10-10T18:51:51.274Z",
    "rack_front": true,
    "orientation": "Front",
    "storage": null,
    "comments": "",
    "rack": null,
    "allocation": 51,
    "added": "2015-10-10T18:51:51.274Z",
    "rack_back": true,
    "purpose": "",
    "rack_interior": true,
    "model": 222,
    "serial": "0D9AH3T4QEM6BQ",
    "unit": null
  },
  "model": "hwdoc.equipment",
  "pk": 504
},
{
  "fields": {
    "updated": "2015-10-10T18:51:51.274Z",
    "rack_front": true,
    "orientation": "Front",
    "storage": null,
    "comments": "",
    "rack": null,
    "allocation": null,
    "added": "2015-10-10T18:51:51.274Z",
    "rack_back": true,
    "purpose": "",
    "rack_interior": true,
    "model": 222,
    "serial": "RUAJ7IKC",
    "unit": null
  },
  "model": "hwdoc.equipment",
  "pk": 505
},
{
  "fields": {
    "updated": "2015-10-10T18:51:51.274Z",
    "rack_front": true,
    "orientation": "Front",
    "storage": null,
    "comments": "",
    "rack": 178,
    "allocation": 46,
    "added": "2015-10-10T18:51:51.274Z",
    "rack_back": true,
    "purpose": "",
    "rack_interior": true,
    "model": 234,
    "serial": "L4JI0WDC5U7L",
    "unit": 24
  },
  "model": "hwdoc.equipment",
  "pk": 506
},
{
  "fields": {
    "updated": "2015-10-10T18:51:51.274Z",
    "rack_front": true,
    "orientation": "Front",
    "storage": null,
    "comments": "",
    "rack": 180,
    "allocation": 48,
    "added": "2015-10-10T18:51:51.274Z",
    "rack_back": true,
    "purpose": "",
    "rack_interior": true,
    "model": 237,
    "serial": "7CITB8XAFLW",
    "unit": 36
  },
  "model": "hwdoc.equipment",
  "pk": 507
},
{
  "fields": {
    "updated": "2015-10-10T18:51:51.274Z",
    "rack_front": true,
    "orientation": "Front",
    "storage": null,
    "comments": "Test comment",
    "rack": 181,
    "allocation": 54,
    "added": "2015-10-10T18:51:51.274Z",
    "rack_back": true,
    "purpose": "",
    "rack_interior": true,
    "model": 233,
    "serial": "75ONVUUNMCF7QAX",
    "unit": 23
  },
  "model": "hwdoc.equipment",
  "pk": 508
},
{
  "fields": {
    "updated": "2015-10-10T18:51:51.274Z",
    "rack_front": true,
    "orientation": "Front",
    "storage": null,
    "comments": "",
    "rack": 201,
    "allocation": null,
    "added": "2015-10-10T18:51:51.274Z",
    "rack_back": true,
    "purpose": "",
    "rack_interior": true,
    "model": 227,
    "serial": "CTOA6GRUZ7OHL",
    "unit": 2
  },
  "model": "hwdoc.equipment",
  "pk": 509
},
{
  "fields": {
    "updated": "2015-10-10T18:51:51.274Z",
    "rack_front": true,
    "orientation": "Front",
    "storage": null,
    "comments": "Test comment",
    "rack": 165,
    "allocation": null,
    "added": "2015-10-10T18:51:51.274Z",
    "rack_back": true,
    "purpose": "",
    "rack_interior": true,
    "model": 240,
    "serial": "UDDLSHAHZB2I8",
    "unit": 10
  },
  "model": "hwdoc.equipment",
  "pk": 510
},
{
  "fields": {
    "updated": "2015-10-10T18:51:51.274Z",
    "rack_front": true,
    "orientation": "Front",
    "storage": null,
    "comments": "",
    "rack": 170,
    "allocation": 60,
    "added": "2015-10-10T18:51:51.274Z",
    "rack_back": true,
    "purpose": "",
    "rack_interior": true,
    "model": 230,
    "serial": "VVAIVKRVRK",
    "unit": 31
  },
  "model": "hwdoc.equipment",
  "pk": 511
},
{
  "fields": {
    "updated": "2015-10-10T18:51:51.274Z",
    "rack_front": true,
    "orientation": "Front",
    "storage": null,
    "comments": "",
    "rack": 172,
    "allocation": null,
    "added": "2015-10-10T18:51:51.274Z",
    "rack_back": true,
    "purpose": "",
    "rack_interior": true,
    "model": 222,
    "serial": "RUME0GZZTVB",
    "unit": 33
  },
  "model": "hwdoc.equipment",
  "pk": 512
},
{
  "fields": {
    "updated": "2015-10-10T18:51:51.274Z",
    "rack_front": true,
    "orientation": "Front",
    "storage": null,
    "comments": "",
    "rack": 195,
    "allocation": null,
    "added": "2015-10-10T18:51:51.274Z",
    "rack_back": true,
    "purpose": "",
    "rack_interior": true,
    "model": 233,
    "serial": "EL043IN3T68UZQK",
    "unit": 30
  },
  "model": "hwdoc.equipment",
  "pk": 513
},
{
  "fields": {
    "updated": "2015-10-10T18:51:51.275Z",
    "rack_front": true,
    "orientation": "Front",
    "storage": null,
    "comments": "",
    "rack": 164,
    "allocation": null,
    "added": "2015-10-10T18:51:51.274Z",
    "rack_back": true,
    "purpose": "",
    "rack_interior": true,
    "model": 239,
    "serial": "7N7M272VHY4EOYB",
    "unit": 2
  },
  "model": "hwdoc.equipment",
  "pk": 514
},
{
  "fields": {
    "updated": "2015-10-10T18:51:51.275Z",
    "rack_front": true,
    "orientation": "Front",
    "storage": null,
    "comments": "",
    "rack": 183,
    "allocation": null,
    "added": "2015-10-10T18:51:51.275Z",
    "rack_back": true,
    "purpose": "",
    "rack_interior": true,
    "model": 231,
    "serial": "2UO5OGCF4",
    "unit": 10
  },
  "model": "hwdoc.equipment",
  "pk": 515
},
{
  "fields": {
    "updated": "2015-10-10T18:51:51.275Z",
    "rack_front": true,
    "orientation": "Front",
    "storage": null,
    "comments": "",
    "rack": 191,
    "allocation": null,
    "added": "2015-10-10T18:51:51.275Z",
    "rack_back": true,
    "purpose": "",
    "rack_interior": true,
    "model": 222,
    "serial": "3ULTFDKP",
    "unit": 11
  },
  "model": "hwdoc.equipment",
  "pk": 516
},
{
  "fields": {
    "updated": "2015-10-10T18:51:51.275Z",
    "rack_front": true,
    "orientation": "Front",
    "storage": null,
    "comments": "",
    "rack": 227,
    "allocation": 53,
    "added": "2015-10-10T18:51:51.275Z",
    "rack_back": true,
    "purpose": "",
    "rack_interior": true,
    "model": 231,
    "serial": "X6MR8PZCX4H1W",
    "unit": 38
  },
  "model": "hwdoc.equipment",
  "pk": 517
},
{
  "fields": {
    "updated": "2015-10-10T18:51:51.275Z",
    "rack_front": true,
    "orientation": "Front",
    "storage": null,
    "comments": "Test comment",
    "rack": 174,
    "allocation": null,
    "added": "2015-10-10T18:51:51.275Z",
    "rack_back": true,
    "purpose": "",
    "rack_interior": true,
    "model": 235,
    "serial": "QJX7MWC",
    "unit": 20
  },
  "model": "hwdoc.equipment",
  "pk": 518
},
{
  "fields": {
    "updated": "2015-10-10T18:51:51.275Z",
    "rack_front": true,
    "orientation": "Front",
    "storage": null,
    "comments": "",
    "rack": 233,
    "allocation": null,
    "added": "2015-10-10T18:51:51.275Z",
    "rack_back": true,
    "purpose": "",
    "rack_interior": true,
    "model": 232,
    "serial": "KAHRIO",
    "unit": 16
  },
  "model": "hwdoc.equipment",
  "pk": 519
},
{
  "fields": {
    "updated": "2015-10-10T18:51:51.275Z",
    "rack_front": true,
    "orientation": "Front",
    "storage": null,
    "comments": "Test comment",
    "rack": 237,
    "allocation": null,
    "added": "2015-10-10T18:51:51.275Z",
    "rack_back": true,
    "purpose": "",
    "rack_interior": true,
    "model": 233,
    "serial": "SIFWKBNLVQHIB",
    "unit": 31
  },
  "model": "hwdoc.equipment",
  "pk": 520
},
{
  "fields": {
    "updated": "2015-10-10T18:51:51.275Z",
    "rack_front": true,
    "orientation": "Front",
    "storage": null,
    "comments": "",
    "rack": 222,
    "allocation": null,
    "added": "2015-10-10T18:51:51.275Z",
    "rack_back": true,
    "purpose": "",
    "rack_interior": true,
    "model": 237,
    "serial": "FSVRWR03AX",
    "unit": 18
  },
  "model": "hwdoc.equipment",
  "pk": 521
},
{
  "fields": {
    "updated": "2015-10-10T18:51:51.275Z",
    "rack_front": true,
    "orientation": "Front",
    "storage": null,
    "comments": "",
    "rack": 225,
    "allocation": null,
    "added": "2015-10-10T18:51:51.275Z",
    "rack_back": true,
    "purpose": "",
    "rack_interior": true,
    "model": 235,
    "serial": "97QKKDOSH",
    "unit": 35
  },
  "model": "hwdoc.equipment",
  "pk": 522
},
{
  "fields": {
    "updated": "2015-10-10T18:51:51.275Z",
    "rack_front": true,
    "orientation": "Front",
    "storage": null,
    "comments": "",
    "rack": 179,
    "allocation": 50,
    "added": "2015-10-10T18:51:51.275Z",
    "rack_back": true,
    "purpose": "",
    "rack_interior": true,
    "model": 230,
    "serial": "P8P8GNPU90V",
    "unit": 8
  },
  "model": "hwdoc.equipment",
  "pk": 523
},
{
  "fields": {
    "updated": "2015-10-10T18:51:51.275Z",
    "rack_front": true,
    "orientation": "Front",
    "storage": null,
    "comments": "",
    "rack": null,
    "allocation": 45,
    "added": "2015-10-10T18:51:51.275Z",
    "rack_back": true,
    "purpose": "",
    "rack_interior": true,
    "model": 226,
    "serial": "VCERSD73GV",
    "unit": null
  },
  "model": "hwdoc.equipment",
  "pk": 524
},
{
  "fields": {
    "updated": "2015-10-10T18:51:51.275Z",
    "rack_front": true,
    "orientation": "Front",
    "storage": null,
    "comments": "",
    "rack": null,
    "allocation": null,
    "added": "2015-10-10T18:51:51.275Z",
    "rack_back": true,
    "purpose": "",
    "rack_interior": true,
    "model": 222,
    "serial": "BNDJYHLZS2R",
    "unit": null
  },
  "model": "hwdoc.equipment",
  "pk": 525
},
{
  "fields": {
    "updated": "2015-10-10T18:51:51.275Z",
    "rack_front": true,
    "orientation": "Front",
    "storage": null,
    "comments": "",
    "rack": 202,
    "allocation": null,
    "added": "2015-10-10T18:51:51.275Z",
    "rack_back": true,
    "purpose": "",
    "rack_interior": true,
    "model": 231,
    "serial": "T2KRTA8T947QT",
    "unit": 12
  },
  "model": "hwdoc.equipment",
  "pk": 526
},
{
  "fields": {
    "updated": "2015-10-10T18:51:51.275Z",
    "rack_front": true,
    "orientation": "Front",
    "storage": null,
    "comments": "",
    "rack": 183,
    "allocation": 47,
    "added": "2015-10-10T18:51:51.275Z",
    "rack_back": true,
    "purpose": "",
    "rack_interior": true,
    "model": 231,
    "serial": "YIR5C3EV76",
    "unit": 4
  },
  "model": "hwdoc.equipment",
  "pk": 527
},
{
  "fields": {
    "updated": "2015-10-10T18:51:51.275Z",
    "rack_front": true,
    "orientation": "Front",
    "storage": null,
    "comments": "Test comment",
    "rack": 200,
    "allocation": 50,
    "added": "2015-10-10T18:51:51.275Z",
    "rack_back": true,
    "purpose": "",
    "rack_interior": true,
    "model": 234,
    "serial": "LQFDR48",
    "unit": 4
  },
  "model": "hwdoc.equipment",
  "pk": 528
},
{
  "fields": {
    "updated": "2015-10-10T18:51:51.275Z",
    "rack_front": true,
    "orientation": "Front",
    "storage": null,
    "comments": "",
    "rack": null,
    "allocation": null,
    "added": "2015-10-10T18:51:51.275Z",
    "rack_back": true,
    "purpose": "",
    "rack_interior": true,
    "model": 230,
    "serial": "7TPPOLP25J",
    "unit": null
  },
  "model": "hwdoc.equipment",
  "pk": 529
},
{
  "fields": {
    "updated": "2015-10-10T18:51:51.276Z",
    "rack_front": true,
    "orientation": "Front",
    "storage": null,
    "comments": "",
    "rack": 205,
    "allocation": null,
    "added": "2015-10-10T18:51:51.276Z",
    "rack_back": true,
    "purpose": "",
    "rack_interior": true,
    "model": 223,
    "serial": "JEVXUB79J",
    "unit": 21
  },
  "model": "hwdoc.equipment",
  "pk": 530
},
{
  "fields": {
    "updated": "2015-10-10T18:51:51.276Z",
    "rack_front": true,
    "orientation": "Front",
    "storage": null,
    "comments": "",
    "rack": 162,
    "allocation": 48,
    "added": "2015-10-10T18:51:51.276Z",
    "rack_back": true,
    "purpose": "",
    "rack_interior": true,
    "model": 222,
    "serial": "LN79NYNTVQ2",
    "unit": 14
  },
  "model": "hwdoc.equipment",
  "pk": 531
},
{
  "fields": {
    "updated": "2015-10-10T18:51:51.276Z",
    "rack_front": true,
    "orientation": "Front",
    "storage": null,
    "comments": "",
    "rack": null,
    "allocation": 52,
    "added": "2015-10-10T18:51:51.276Z",
    "rack_back": true,
    "purpose": "",
    "rack_interior": true,
    "model": 237,
    "serial": "JCHVF3ZHRQ",
    "unit": null
  },
  "model": "hwdoc.equipment",
  "pk": 532
},
{
  "fields": {
    "updated": "2015-10-10T18:51:51.276Z",
    "rack_front": true,
    "orientation": "Front",
    "storage": null,
    "comments": "",
    "rack": 200,
    "allocation": null,
    "added": "2015-10-10T18:51:51.276Z",
    "rack_back": true,
    "purpose": "",
    "rack_interior": true,
    "model": 236,
    "serial": "J26UB4Q99X",
    "unit": 16
  },
  "model": "hwdoc.equipment",
  "pk": 533
},
{
  "fields": {
    "updated": "2015-10-10T18:51:51.276Z",
    "rack_front": true,
    "orientation": "Front",
    "storage": null,
    "comments": "",
    "rack": 214,
    "allocation": 53,
    "added": "2015-10-10T18:51:51.276Z",
    "rack_back": true,
    "purpose": "",
    "rack_interior": true,
    "model": 232,
    "serial": "JWEB8LDRYX",
    "unit": 13
  },
  "model": "hwdoc.equipment",
  "pk": 534
},
{
  "fields": {
    "updated": "2015-10-10T18:51:51.276Z",
    "rack_front": true,
    "orientation": "Front",
    "storage": null,
    "comments": "",
    "rack": 183,
    "allocation": 49,
    "added": "2015-10-10T18:51:51.276Z",
    "rack_back": true,
    "purpose": "",
    "rack_interior": true,
    "model": 239,
    "serial": "D68SCO62VB65GV",
    "unit": 6
  },
  "model": "hwdoc.equipment",
  "pk": 535
},
{
  "fields": {
    "updated": "2015-10-10T18:51:51.276Z",
    "rack_front": true,
    "orientation": "Front",
    "storage": null,
    "comments": "Test comment",
    "rack": 232,
    "allocation": null,
    "added": "2015-10-10T18:51:51.276Z",
    "rack_back": true,
    "purpose": "",
    "rack_interior": true,
    "model": 228,
    "serial": "TPYPL8IKMM",
    "unit": 5
  },
  "model": "hwdoc.equipment",
  "pk": 536
},
{
  "fields": {
    "updated": "2015-10-10T18:51:51.276Z",
    "rack_front": true,
    "orientation": "Front",
    "storage": null,
    "comments": "",
    "rack": 161,
    "allocation": 57,
    "added": "2015-10-10T18:51:51.276Z",
    "rack_back": true,
    "purpose": "",
    "rack_interior": true,
    "model": 239,
    "serial": "GR763WGYI",
    "unit": 4
  },
  "model": "hwdoc.equipment",
  "pk": 537
},
{
  "fields": {
    "updated": "2015-10-10T18:51:51.276Z",
    "rack_front": true,
    "orientation": "Front",
    "storage": null,
    "comments": "",
    "rack": 206,
    "allocation": null,
    "added": "2015-10-10T18:51:51.276Z",
    "rack_back": true,
    "purpose": "",
    "rack_interior": true,
    "model": 230,
    "serial": "VNG0V9JX6I08FI",
    "unit": 17
  },
  "model": "hwdoc.equipment",
  "pk": 538
},
{
  "fields": {
    "updated": "2015-10-10T18:51:51.276Z",
    "rack_front": true,
    "orientation": "Front",
    "storage": null,
    "comments": "",
    "rack": 173,
    "allocation": 54,
    "added": "2015-10-10T18:51:51.276Z",
    "rack_back": true,
    "purpose": "",
    "rack_interior": true,
    "model": 222,
    "serial": "0LZBFI4MTWJ682X",
    "unit": 49
  },
  "model": "hwdoc.equipment",
  "pk": 539
},
{
  "fields": {
    "updated": "2015-10-10T18:51:51.276Z",
    "rack_front": true,
    "orientation": "Front",
    "storage": null,
    "comments": "",
    "rack": null,
    "allocation": 54,
    "added": "2015-10-10T18:51:51.276Z",
    "rack_back": true,
    "purpose": "",
    "rack_interior": true,
    "model": 223,
    "serial": "OE72QVMDRSN6FES",
    "unit": null
  },
  "model": "hwdoc.equipment",
  "pk": 540
},
{
  "fields": {
    "updated": "2015-10-10T18:51:51.276Z",
    "rack_front": true,
    "orientation": "Front",
    "storage": null,
    "comments": "",
    "rack": 230,
    "allocation": null,
    "added": "2015-10-10T18:51:51.276Z",
    "rack_back": true,
    "purpose": "",
    "rack_interior": true,
    "model": 225,
    "serial": "G4QY8CT",
    "unit": 29
  },
  "model": "hwdoc.equipment",
  "pk": 541
},
{
  "fields": {
    "updated": "2015-10-10T18:51:51.276Z",
    "rack_front": true,
    "orientation": "Front",
    "storage": null,
    "comments": "",
    "rack": 233,
    "allocation": 43,
    "added": "2015-10-10T18:51:51.276Z",
    "rack_back": true,
    "purpose": "",
    "rack_interior": true,
    "model": 239,
    "serial": "N0MOR5W",
    "unit": 48
  },
  "model": "hwdoc.equipment",
  "pk": 542
},
{
  "fields": {
    "updated": "2015-10-10T18:51:51.280Z",
    "rack_front": true,
    "orientation": "Front",
    "storage": null,
    "comments": "",
    "rack": null,
    "allocation": 48,
    "added": "2015-10-10T18:51:51.280Z",
    "rack_back": true,
    "purpose": "",
    "rack_interior": true,
    "model": 230,
    "serial": "YFVAC2",
    "unit": null
  },
  "model": "hwdoc.equipment",
  "pk": 543
},
{
  "fields": {
    "updated": "2015-10-10T18:51:51.280Z",
    "rack_front": true,
    "orientation": "Front",
    "storage": null,
    "comments": "",
    "rack": 165,
    "allocation": null,
    "added": "2015-10-10T18:51:51.280Z",
    "rack_back": true,
    "purpose": "",
    "rack_interior": true,
    "model": 230,
    "serial": "89RF97ZTFA9TKX",
    "unit": 8
  },
  "model": "hwdoc.equipment",
  "pk": 544
},
{
  "fields": {
    "updated": "2015-10-10T18:51:51.280Z",
    "rack_front": true,
    "orientation": "Front",
    "storage": null,
    "comments": "",
    "rack": null,
    "allocation": null,
    "added": "2015-10-10T18:51:51.280Z",
    "rack_back": true,
    "purpose": "",
    "rack_interior": true,
    "model": 230,
    "serial": "ETHU7N2EQT7T",
    "unit": null
  },
  "model": "hwdoc.equipment",
  "pk": 545
},
{
  "fields": {
    "updated": "2015-10-10T18:51:51.280Z",
    "rack_front": true,
    "orientation": "Front",
    "storage": null,
    "comments": "",
    "rack": 239,
    "allocation": 47,
    "added": "2015-10-10T18:51:51.280Z",
    "rack_back": true,
    "purpose": "",
    "rack_interior": true,
    "model": 234,
    "serial": "5YNIFG707",
    "unit": 29
  },
  "model": "hwdoc.equipment",
  "pk": 546
},
{
  "fields": {
    "updated": "2015-10-10T18:51:51.280Z",
    "rack_front": true,
    "orientation": "Front",
    "storage": null,
    "comments": "Test comment",
    "rack": 216,
    "allocation": 47,
    "added": "2015-10-10T18:51:51.280Z",
    "rack_back": true,
    "purpose": "",
    "rack_interior": true,
    "model": 237,
    "serial": "KWI1VWKB",
    "unit": 12
  },
  "model": "hwdoc.equipment",
  "pk": 547
},
{
  "fields": {
    "updated": "2015-10-10T18:51:51.280Z",
    "rack_front": true,
    "orientation": "Front",
    "storage": null,
    "comments": "",
    "rack": 227,
    "allocation": null,
    "added": "2015-10-10T18:51:51.280Z",
    "rack_back": true,
    "purpose": "",
    "rack_interior": true,
    "model": 232,
    "serial": "UKTBMTC2CRZHZ",
    "unit": 33
  },
  "model": "hwdoc.equipment",
  "pk": 548
},
{
  "fields": {
    "updated": "2015-10-10T18:51:51.280Z",
    "rack_front": true,
    "orientation": "Front",
    "storage": 15,
    "comments": "",
    "rack": null,
    "allocation": null,
    "added": "2015-10-10T18:51:51.280Z",
    "rack_back": true,
    "purpose": "",
    "rack_interior": true,
    "model": 230,
    "serial": "OPXHROZA98KQRO",
    "unit": null
  },
  "model": "hwdoc.equipment",
  "pk": 549
},
{
  "fields": {
    "updated": "2015-10-10T18:51:51.280Z",
    "rack_front": true,
    "orientation": "Front",
    "storage": null,
    "comments": "",
    "rack": 231,
    "allocation": null,
    "added": "2015-10-10T18:51:51.280Z",
    "rack_back": true,
    "purpose": "",
    "rack_interior": true,
    "model": 222,
    "serial": "O91DSKSOJHS",
    "unit": 19
  },
  "model": "hwdoc.equipment",
  "pk": 550
},
{
  "fields": {
    "updated": "2015-10-10T18:51:51.280Z",
    "rack_front": true,
    "orientation": "Front",
    "storage": null,
    "comments": "",
    "rack": 177,
    "allocation": 42,
    "added": "2015-10-10T18:51:51.280Z",
    "rack_back": true,
    "purpose": "",
    "rack_interior": true,
    "model": 230,
    "serial": "1RHHGFUQ3N7C1I9",
    "unit": 30
  },
  "model": "hwdoc.equipment",
  "pk": 551
},
{
  "fields": {
    "updated": "2015-10-10T18:51:51.280Z",
    "rack_front": true,
    "orientation": "Front",
    "storage": null,
    "comments": "",
    "rack": 202,
    "allocation": 49,
    "added": "2015-10-10T18:51:51.280Z",
    "rack_back": true,
    "purpose": "",
    "rack_interior": true,
    "model": 233,
    "serial": "ZCM3DBEYDT4G",
    "unit": 23
  },
  "model": "hwdoc.equipment",
  "pk": 552
},
{
  "fields": {
    "updated": "2015-10-10T18:51:51.280Z",
    "rack_front": true,
    "orientation": "Front",
    "storage": null,
    "comments": "",
    "rack": null,
    "allocation": null,
    "added": "2015-10-10T18:51:51.280Z",
    "rack_back": true,
    "purpose": "",
    "rack_interior": true,
    "model": 240,
    "serial": "43AGHF",
    "unit": null
  },
  "model": "hwdoc.equipment",
  "pk": 553
},
{
  "fields": {
    "updated": "2015-10-10T18:51:51.280Z",
    "rack_front": true,
    "orientation": "Front",
    "storage": null,
    "comments": "",
    "rack": 174,
    "allocation": 50,
    "added": "2015-10-10T18:51:51.280Z",
    "rack_back": true,
    "purpose": "",
    "rack_interior": true,
    "model": 232,
    "serial": "QJ7Z9NT5Y",
    "unit": 15
  },
  "model": "hwdoc.equipment",
  "pk": 554
},
{
  "fields": {
    "updated": "2015-10-10T18:51:51.280Z",
    "rack_front": true,
    "orientation": "Front",
    "storage": null,
    "comments": "",
    "rack": 212,
    "allocation": 53,
    "added": "2015-10-10T18:51:51.280Z",
    "rack_back": true,
    "purpose": "",
    "rack_interior": true,
    "model": 233,
    "serial": "OSE6UQVPVT",
    "unit": 10
  },
  "model": "hwdoc.equipment",
  "pk": 555
},
{
  "fields": {
    "updated": "2015-10-10T18:51:51.280Z",
    "rack_front": true,
    "orientation": "Front",
    "storage": null,
    "comments": "",
    "rack": null,
    "allocation": null,
    "added": "2015-10-10T18:51:51.280Z",
    "rack_back": true,
    "purpose": "",
    "rack_interior": true,
    "model": 221,
    "serial": "IY9QE1DZQZ87",
    "unit": null
  },
  "model": "hwdoc.equipment",
  "pk": 556
},
{
  "fields": {
    "updated": "2015-10-10T18:51:51.280Z",
    "rack_front": true,
    "orientation": "Front",
    "storage": null,
    "comments": "",
    "rack": 175,
    "allocation": 48,
    "added": "2015-10-10T18:51:51.280Z",
    "rack_back": true,
    "purpose": "",
    "rack_interior": true,
    "model": 234,
    "serial": "QZKLY50GKWZUWWI",
    "unit": 8
  },
  "model": "hwdoc.equipment",
  "pk": 557
},
{
  "fields": {
    "updated": "2015-10-10T18:51:51.281Z",
    "rack_front": true,
    "orientation": "Front",
    "storage": null,
    "comments": "",
    "rack": null,
    "allocation": null,
    "added": "2015-10-10T18:51:51.281Z",
    "rack_back": true,
    "purpose": "",
    "rack_interior": true,
    "model": 240,
    "serial": "OXTJJN",
    "unit": null
  },
  "model": "hwdoc.equipment",
  "pk": 558
},
{
  "fields": {
    "updated": "2015-10-10T18:51:51.281Z",
    "rack_front": true,
    "orientation": "Front",
    "storage": null,
    "comments": "",
    "rack": null,
    "allocation": 56,
    "added": "2015-10-10T18:51:51.281Z",
    "rack_back": true,
    "purpose": "",
    "rack_interior": true,
    "model": 234,
    "serial": "D2ZNLXM5H6J",
    "unit": null
  },
  "model": "hwdoc.equipment",
  "pk": 559
},
{
  "fields": {
    "updated": "2015-10-10T18:51:51.281Z",
    "rack_front": true,
    "orientation": "Front",
    "storage": null,
    "comments": "",
    "rack": 165,
    "allocation": null,
    "added": "2015-10-10T18:51:51.281Z",
    "rack_back": true,
    "purpose": "",
    "rack_interior": true,
    "model": 230,
    "serial": "AIKTQ2NY5D",
    "unit": 40
  },
  "model": "hwdoc.equipment",
  "pk": 560
},
{
  "fields": {
    "updated": "2015-10-10T18:51:51.281Z",
    "rack_front": true,
    "orientation": "Front",
    "storage": null,
    "comments": "",
    "rack": 202,
    "allocation": null,
    "added": "2015-10-10T18:51:51.281Z",
    "rack_back": true,
    "purpose": "",
    "rack_interior": true,
    "model": 235,
    "serial": "5G9JPBD",
    "unit": 17
  },
  "model": "hwdoc.equipment",
  "pk": 561
},
{
  "fields": {
    "updated": "2015-10-10T18:51:51.281Z",
    "rack_front": true,
    "orientation": "Front",
    "storage": null,
    "comments": "",
    "rack": 161,
    "allocation": 51,
    "added": "2015-10-10T18:51:51.281Z",
    "rack_back": true,
    "purpose": "",
    "rack_interior": true,
    "model": 230,
    "serial": "PRBDLPA4",
    "unit": 21
  },
  "model": "hwdoc.equipment",
  "pk": 562
},
{
  "fields": {
    "updated": "2015-10-10T18:51:51.281Z",
    "rack_front": true,
    "orientation": "Front",
    "storage": null,
    "comments": "",
    "rack": 169,
    "allocation": 56,
    "added": "2015-10-10T18:51:51.281Z",
    "rack_back": true,
    "purpose": "",
    "rack_interior": true,
    "model": 221,
    "serial": "2ENAI0",
    "unit": 28
  },
  "model": "hwdoc.equipment",
  "pk": 563
},
{
  "fields": {
    "updated": "2015-10-10T18:51:51.281Z",
    "rack_front": true,
    "orientation": "Front",
    "storage": null,
    "comments": "",
    "rack": null,
    "allocation": null,
    "added": "2015-10-10T18:51:51.281Z",
    "rack_back": true,
    "purpose": "",
    "rack_interior": true,
    "model": 230,
    "serial": "NRYCV6",
    "unit": null
  },
  "model": "hwdoc.equipment",
  "pk": 564
},
{
  "fields": {
    "updated": "2015-10-10T18:51:51.281Z",
    "rack_front": true,
    "orientation": "Front",
    "storage": null,
    "comments": "",
    "rack": 180,
    "allocation": null,
    "added": "2015-10-10T18:51:51.281Z",
    "rack_back": true,
    "purpose": "",
    "rack_interior": true,
    "model": 240,
    "serial": "KN6S51MZ",
    "unit": 9
  },
  "model": "hwdoc.equipment",
  "pk": 565
},
{
  "fields": {
    "updated": "2015-10-10T18:51:51.281Z",
    "rack_front": true,
    "orientation": "Front",
    "storage": null,
    "comments": "",
    "rack": 208,
    "allocation": null,
    "added": "2015-10-10T18:51:51.281Z",
    "rack_back": true,
    "purpose": "",
    "rack_interior": true,
    "model": 225,
    "serial": "7QTGORV8TCIOXH",
    "unit": 35
  },
  "model": "hwdoc.equipment",
  "pk": 566
},
{
  "fields": {
    "updated": "2015-10-10T18:51:51.281Z",
    "rack_front": true,
    "orientation": "Front",
    "storage": null,
    "comments": "",
    "rack": 231,
    "allocation": null,
    "added": "2015-10-10T18:51:51.281Z",
    "rack_back": true,
    "purpose": "",
    "rack_interior": true,
    "model": 235,
    "serial": "45A91JG05",
    "unit": 22
  },
  "model": "hwdoc.equipment",
  "pk": 567
},
{
  "fields": {
    "updated": "2015-10-10T18:51:51.281Z",
    "rack_front": true,
    "orientation": "Front",
    "storage": null,
    "comments": "",
    "rack": 211,
    "allocation": 58,
    "added": "2015-10-10T18:51:51.281Z",
    "rack_back": true,
    "purpose": "",
    "rack_interior": true,
    "model": 222,
    "serial": "G3E8MIICZFDVD",
    "unit": 20
  },
  "model": "hwdoc.equipment",
  "pk": 568
},
{
  "fields": {
    "updated": "2015-10-10T18:51:51.281Z",
    "rack_front": true,
    "orientation": "Front",
    "storage": 18,
    "comments": "",
    "rack": null,
    "allocation": 42,
    "added": "2015-10-10T18:51:51.281Z",
    "rack_back": true,
    "purpose": "",
    "rack_interior": true,
    "model": 237,
    "serial": "GK7HTJ9GE",
    "unit": null
  },
  "model": "hwdoc.equipment",
  "pk": 569
},
{
  "fields": {
    "updated": "2015-10-10T18:51:51.281Z",
    "rack_front": true,
    "orientation": "Front",
    "storage": null,
    "comments": "",
    "rack": 210,
    "allocation": null,
    "added": "2015-10-10T18:51:51.281Z",
    "rack_back": true,
    "purpose": "",
    "rack_interior": true,
    "model": 225,
    "serial": "BLBJ9A7ZSKSV",
    "unit": 22
  },
  "model": "hwdoc.equipment",
  "pk": 570
},
{
  "fields": {
    "updated": "2015-10-10T18:51:51.281Z",
    "rack_front": true,
    "orientation": "Front",
    "storage": null,
    "comments": "",
    "rack": 182,
    "allocation": null,
    "added": "2015-10-10T18:51:51.281Z",
    "rack_back": true,
    "purpose": "",
    "rack_interior": true,
    "model": 234,
    "serial": "FFMFS65KEP92QB",
    "unit": 22
  },
  "model": "hwdoc.equipment",
  "pk": 571
},
{
  "fields": {
    "updated": "2015-10-10T18:51:51.282Z",
    "rack_front": true,
    "orientation": "Front",
    "storage": null,
    "comments": "",
    "rack": 204,
    "allocation": 59,
    "added": "2015-10-10T18:51:51.281Z",
    "rack_back": true,
    "purpose": "",
    "rack_interior": true,
    "model": 230,
    "serial": "VYO9W6IYWSI",
    "unit": 21
  },
  "model": "hwdoc.equipment",
  "pk": 572
},
{
  "fields": {
    "updated": "2015-10-10T18:51:51.282Z",
    "rack_front": true,
    "orientation": "Front",
    "storage": null,
    "comments": "",
    "rack": 232,
    "allocation": null,
    "added": "2015-10-10T18:51:51.282Z",
    "rack_back": true,
    "purpose": "",
    "rack_interior": true,
    "model": 227,
    "serial": "26J14O5LDMEL",
    "unit": 27
  },
  "model": "hwdoc.equipment",
  "pk": 573
},
{
  "fields": {
    "updated": "2015-10-10T18:51:51.282Z",
    "rack_front": true,
    "orientation": "Front",
    "storage": null,
    "comments": "",
    "rack": 222,
    "allocation": 58,
    "added": "2015-10-10T18:51:51.282Z",
    "rack_back": true,
    "purpose": "",
    "rack_interior": true,
    "model": 222,
    "serial": "HAL4NWU9D2KTGID",
    "unit": 5
  },
  "model": "hwdoc.equipment",
  "pk": 574
},
{
  "fields": {
    "updated": "2015-10-10T18:51:51.282Z",
    "rack_front": true,
    "orientation": "Front",
    "storage": null,
    "comments": "",
    "rack": 216,
    "allocation": 45,
    "added": "2015-10-10T18:51:51.282Z",
    "rack_back": true,
    "purpose": "",
    "rack_interior": true,
    "model": 236,
    "serial": "LNL7C128W3I9PU",
    "unit": 7
  },
  "model": "hwdoc.equipment",
  "pk": 575
},
{
  "fields": {
    "updated": "2015-10-10T18:51:51.282Z",
    "rack_front": true,
    "orientation": "Front",
    "storage": null,
    "comments": "",
    "rack": null,
    "allocation": 60,
    "added": "2015-10-10T18:51:51.282Z",
    "rack_back": true,
    "purpose": "",
    "rack_interior": true,
    "model": 223,
    "serial": "9DLYDNU",
    "unit": null
  },
  "model": "hwdoc.equipment",
  "pk": 576
},
{
  "fields": {
    "updated": "2015-10-10T18:51:51.282Z",
    "rack_front": true,
    "orientation": "Front",
    "storage": null,
    "comments": "",
    "rack": null,
    "allocation": null,
    "added": "2015-10-10T18:51:51.282Z",
    "rack_back": true,
    "purpose": "",
    "rack_interior": true,
    "model": 230,
    "serial": "MDCGKQQNUPY2MC",
    "unit": null
  },
  "model": "hwdoc.equipment",
  "pk": 577
},
{
  "fields": {
    "updated": "2015-10-10T18:51:51.282Z",
    "rack_front": true,
    "orientation": "Front",
    "storage": null,
    "comments": "",
    "rack": 212,
    "allocation": null,
    "added": "2015-10-10T18:51:51.282Z",
    "rack_back": true,
    "purpose": "",
    "rack_interior": true,
    "model": 236,
    "serial": "CGQ4QFSM",
    "unit": 32
  },
  "model": "hwdoc.equipment",
  "pk": 578
},
{
  "fields": {
    "updated": "2015-10-10T18:51:51.282Z",
    "rack_front": true,
    "orientation": "Front",
    "storage": null,
    "comments": "",
    "rack": 190,
    "allocation": 50,
    "added": "2015-10-10T18:51:51.282Z",
    "rack_back": true,
    "purpose": "",
    "rack_interior": true,
    "model": 229,
    "serial": "25NS58MOD",
    "unit": 7
  },
  "model": "hwdoc.equipment",
  "pk": 579
},
{
  "fields": {
    "updated": "2015-10-10T18:51:51.282Z",
    "rack_front": true,
    "orientation": "Front",
    "storage": null,
    "comments": "Test comment",
    "rack": 211,
    "allocation": 44,
    "added": "2015-10-10T18:51:51.282Z",
    "rack_back": true,
    "purpose": "",
    "rack_interior": true,
    "model": 238,
    "serial": "45EW6V",
    "unit": 6
  },
  "model": "hwdoc.equipment",
  "pk": 580
},
{
  "fields": {
    "updated": "2015-10-10T18:51:51.282Z",
    "rack_front": true,
    "orientation": "Front",
    "storage": null,
    "comments": "",
    "rack": 194,
    "allocation": 57,
    "added": "2015-10-10T18:51:51.282Z",
    "rack_back": true,
    "purpose": "",
    "rack_interior": true,
    "model": 225,
    "serial": "UN9TENTIBOGR",
    "unit": 11
  },
  "model": "hwdoc.equipment",
  "pk": 581
},
{
  "fields": {
    "updated": "2015-10-10T18:51:51.282Z",
    "rack_front": true,
    "orientation": "Front",
    "storage": null,
    "comments": "",
    "rack": 206,
    "allocation": null,
    "added": "2015-10-10T18:51:51.282Z",
    "rack_back": true,
    "purpose": "",
    "rack_interior": true,
    "model": 235,
    "serial": "JFU8EC22CMFP",
    "unit": 32
  },
  "model": "hwdoc.equipment",
  "pk": 582
},
{
  "fields": {
    "updated": "2015-10-10T18:51:51.282Z",
    "rack_front": true,
    "orientation": "Front",
    "storage": null,
    "comments": "",
    "rack": 166,
    "allocation": 57,
    "added": "2015-10-10T18:51:51.282Z",
    "rack_back": true,
    "purpose": "",
    "rack_interior": true,
    "model": 239,
    "serial": "92UE3EY10ZK1",
    "unit": 17
  },
  "model": "hwdoc.equipment",
  "pk": 583
},
{
  "fields": {
    "updated": "2015-10-10T18:51:51.282Z",
    "rack_front": true,
    "orientation": "Front",
    "storage": null,
    "comments": "",
    "rack": 180,
    "allocation": 53,
    "added": "2015-10-10T18:51:51.282Z",
    "rack_back": true,
    "purpose": "",
    "rack_interior": true,
    "model": 235,
    "serial": "P9UNEIWCQMR41",
    "unit": 16
  },
  "model": "hwdoc.equipment",
  "pk": 584
},
{
  "fields": {
    "updated": "2015-10-10T18:51:51.282Z",
    "rack_front": true,
    "orientation": "Front",
    "storage": null,
    "comments": "",
    "rack": 215,
    "allocation": 47,
    "added": "2015-10-10T18:51:51.282Z",
    "rack_back": true,
    "purpose": "",
    "rack_interior": true,
    "model": 237,
    "serial": "5WYJSSNORQGBBP",
    "unit": 27
  },
  "model": "hwdoc.equipment",
  "pk": 585
},
{
  "fields": {
    "updated": "2015-10-10T18:51:51.282Z",
    "rack_front": true,
    "orientation": "Front",
    "storage": null,
    "comments": "",
    "rack": 194,
    "allocation": 42,
    "added": "2015-10-10T18:51:51.282Z",
    "rack_back": true,
    "purpose": "",
    "rack_interior": true,
    "model": 236,
    "serial": "62HVY4K",
    "unit": 9
  },
  "model": "hwdoc.equipment",
  "pk": 586
},
{
  "fields": {
    "updated": "2015-10-10T18:51:51.283Z",
    "rack_front": true,
    "orientation": "Front",
    "storage": null,
    "comments": "",
    "rack": 239,
    "allocation": 48,
    "added": "2015-10-10T18:51:51.283Z",
    "rack_back": true,
    "purpose": "",
    "rack_interior": true,
    "model": 238,
    "serial": "BUM71VK0EUQRI8",
    "unit": 38
  },
  "model": "hwdoc.equipment",
  "pk": 587
},
{
  "fields": {
    "updated": "2015-10-10T18:51:51.283Z",
    "rack_front": true,
    "orientation": "Front",
    "storage": null,
    "comments": "",
    "rack": null,
    "allocation": 46,
    "added": "2015-10-10T18:51:51.283Z",
    "rack_back": true,
    "purpose": "",
    "rack_interior": true,
    "model": 232,
    "serial": "DSUXV2O",
    "unit": null
  },
  "model": "hwdoc.equipment",
  "pk": 588
},
{
  "fields": {
    "updated": "2015-10-10T18:51:51.283Z",
    "rack_front": true,
    "orientation": "Front",
    "storage": null,
    "comments": "",
    "rack": null,
    "allocation": 59,
    "added": "2015-10-10T18:51:51.283Z",
    "rack_back": true,
    "purpose": "",
    "rack_interior": true,
    "model": 229,
    "serial": "U429VAU9BYAULK",
    "unit": null
  },
  "model": "hwdoc.equipment",
  "pk": 589
},
{
  "fields": {
    "updated": "2015-10-10T18:51:51.283Z",
    "rack_front": true,
    "orientation": "Front",
    "storage": 21,
    "comments": "",
    "rack": null,
    "allocation": 50,
    "added": "2015-10-10T18:51:51.283Z",
    "rack_back": true,
    "purpose": "",
    "rack_interior": true,
    "model": 233,
    "serial": "C8SGW8E",
    "unit": null
  },
  "model": "hwdoc.equipment",
  "pk": 590
},
{
  "fields": {
    "updated": "2015-10-10T18:51:51.283Z",
    "rack_front": true,
    "orientation": "Front",
    "storage": null,
    "comments": "",
    "rack": 187,
    "allocation": 56,
    "added": "2015-10-10T18:51:51.283Z",
    "rack_back": true,
    "purpose": "",
    "rack_interior": true,
    "model": 237,
    "serial": "HY4B3B",
    "unit": 17
  },
  "model": "hwdoc.equipment",
  "pk": 591
},
{
  "fields": {
    "updated": "2015-10-10T18:51:51.283Z",
    "rack_front": true,
    "orientation": "Front",
    "storage": null,
    "comments": "",
    "rack": 225,
    "allocation": 43,
    "added": "2015-10-10T18:51:51.283Z",
    "rack_back": true,
    "purpose": "",
    "rack_interior": true,
    "model": 235,
    "serial": "IOL99K5US1OJUJP",
    "unit": 38
  },
  "model": "hwdoc.equipment",
  "pk": 592
},
{
  "fields": {
    "updated": "2015-10-10T18:51:51.283Z",
    "rack_front": true,
    "orientation": "Front",
    "storage": null,
    "comments": "",
    "rack": 173,
    "allocation": 58,
    "added": "2015-10-10T18:51:51.283Z",
    "rack_back": true,
    "purpose": "",
    "rack_interior": true,
    "model": 240,
    "serial": "ZS80WZEVPF2",
    "unit": 41
  },
  "model": "hwdoc.equipment",
  "pk": 593
},
{
  "fields": {
    "updated": "2015-10-10T18:51:51.283Z",
    "rack_front": true,
    "orientation": "Front",
    "storage": null,
    "comments": "",
    "rack": 231,
    "allocation": 48,
    "added": "2015-10-10T18:51:51.283Z",
    "rack_back": true,
    "purpose": "",
    "rack_interior": true,
    "model": 239,
    "serial": "MF6TQBM8",
    "unit": 15
  },
  "model": "hwdoc.equipment",
  "pk": 594
},
{
  "fields": {
    "updated": "2015-10-10T18:51:51.283Z",
    "rack_front": true,
    "orientation": "Front",
    "storage": null,
    "comments": "",
    "rack": 182,
    "allocation": 57,
    "added": "2015-10-10T18:51:51.283Z",
    "rack_back": true,
    "purpose": "",
    "rack_interior": true,
    "model": 234,
    "serial": "3VPW75A93JFX",
    "unit": 17
  },
  "model": "hwdoc.equipment",
  "pk": 595
},
{
  "fields": {
    "updated": "2015-10-10T18:51:51.283Z",
    "rack_front": true,
    "orientation": "Front",
    "storage": null,
    "comments": "",
    "rack": null,
    "allocation": 56,
    "added": "2015-10-10T18:51:51.283Z",
    "rack_back": true,
    "purpose": "",
    "rack_interior": true,
    "model": 234,
    "serial": "PJJWQ5",
    "unit": null
  },
  "model": "hwdoc.equipment",
  "pk": 596
},
{
  "fields": {
    "updated": "2015-10-10T18:51:51.283Z",
    "rack_front": true,
    "orientation": "Front",
    "storage": null,
    "comments": "Test comment",
    "rack": 181,
    "allocation": null,
    "added": "2015-10-10T18:51:51.283Z",
    "rack_back": true,
    "purpose": "",
    "rack_interior": true,
    "model": 228,
    "serial": "NKFLWF26LIP",
    "unit": 9
  },
  "model": "hwdoc.equipment",
  "pk": 597
},
{
  "fields": {
    "updated": "2015-10-10T18:51:51.283Z",
    "rack_front": true,
    "orientation": "Front",
    "storage": null,
    "comments": "",
    "rack": 161,
    "allocation": null,
    "added": "2015-10-10T18:51:51.283Z",
    "rack_back": true,
    "purpose": "",
    "rack_interior": true,
    "model": 232,
    "serial": "I93AP3AYNZE",
    "unit": 17
  },
  "model": "hwdoc.equipment",
  "pk": 598
},
{
  "fields": {
    "updated": "2015-10-10T18:51:51.283Z",
    "rack_front": true,
    "orientation": "Front",
    "storage": null,
    "comments": "Test comment",
    "rack": 204,
    "allocation": null,
    "added": "2015-10-10T18:51:51.283Z",
    "rack_back": true,
    "purpose": "",
    "rack_interior": true,
    "model": 239,
    "serial": "MGPK8UPLSJ4UF",
    "unit": 8
  },
  "model": "hwdoc.equipment",
  "pk": 599
},
{
  "fields": {
    "updated": "2015-10-10T18:51:51.283Z",
    "rack_front": true,
    "orientation": "Front",
    "storage": null,
    "comments": "",
    "rack": 204,
    "allocation": 51,
    "added": "2015-10-10T18:51:51.283Z",
    "rack_back": true,
    "purpose": "",
    "rack_interior": true,
    "model": 237,
    "serial": "YYH5WCAX4L",
    "unit": 1
  },
  "model": "hwdoc.equipment",
  "pk": 600
},
{
  "fields": {
    "username": "",
    "updated": "2015-10-10T18:51:51.307Z",
    "added": "2015-10-10T18:51:51.307Z",
    "license": "",
    "raid_license": "",
    "hostname": "umh0kxuwgpmg2q6gvu.example.com",
    "equipment": 445,
    "mac": "",
    "password": "",
    "method": "dummy"
  },
  "model": "hwdoc.servermanagement",
  "pk": 281
},
{
  "fields": {
    "username": "",
    "updated": "2015-10-10T18:51:51.307Z",
    "added": "2015-10-10T18:51:51.307Z",
    "license": "",
    "raid_license": "",
    "hostname": "0ipnpdn.example.com",
    "equipment": 423,
    "mac": "",
    "password": "",
    "method": "dummy"
  },
  "model": "hwdoc.servermanagement",
  "pk": 282
},
{
  "fields": {
    "username": "",
    "updated": "2015-10-10T18:51:51.308Z",
    "added": "2015-10-10T18:51:51.308Z",
    "license": "",
    "raid_license": "",
    "hostname": "fo29bk3isbuuhic0ss9j.example.com",
    "equipment": 582,
    "mac": "",
    "password": "",
    "method": "dummy"
  },
  "model": "hwdoc.servermanagement",
  "pk": 283
},
{
  "fields": {
    "username": "",
    "updated": "2015-10-10T18:51:51.308Z",
    "added": "2015-10-10T18:51:51.308Z",
    "license": "",
    "raid_license": "",
    "hostname": "ar0b760mr66y5h31tvn.example.com",
    "equipment": 447,
    "mac": "",
    "password": "",
    "method": "dummy"
  },
  "model": "hwdoc.servermanagement",
  "pk": 284
},
{
  "fields": {
    "username": "",
    "updated": "2015-10-10T18:51:51.308Z",
    "added": "2015-10-10T18:51:51.308Z",
    "license": "",
    "raid_license": "",
    "hostname": "ns92gsh7x.example.com",
    "equipment": 450,
    "mac": "",
    "password": "",
    "method": "dummy"
  },
  "model": "hwdoc.servermanagement",
  "pk": 285
},
{
  "fields": {
    "username": "",
    "updated": "2015-10-10T18:51:51.308Z",
    "added": "2015-10-10T18:51:51.308Z",
    "license": "",
    "raid_license": "",
    "hostname": "9yrs4gr7jwu4a5.example.com",
    "equipment": 499,
    "mac": "",
    "password": "",
    "method": "dummy"
  },
  "model": "hwdoc.servermanagement",
  "pk": 286
},
{
  "fields": {
    "username": "",
    "updated": "2015-10-10T18:51:51.308Z",
    "added": "2015-10-10T18:51:51.308Z",
    "license": "",
    "raid_license": "",
    "hostname": "00kutnvac3.example.com",
    "equipment": 523,
    "mac": "",
    "password": "",
    "method": "dummy"
  },
  "model": "hwdoc.servermanagement",
  "pk": 287
},
{
  "fields": {
    "username": "",
    "updated": "2015-10-10T18:51:51.308Z",
    "added": "2015-10-10T18:51:51.308Z",
    "license": "",
    "raid_license": "",
    "hostname": "73hx4tc0p.example.com",
    "equipment": 407,
    "mac": "",
    "password": "",
    "method": "dummy"
  },
  "model": "hwdoc.servermanagement",
  "pk": 288
},
{
  "fields": {
    "username": "",
    "updated": "2015-10-10T18:51:51.308Z",
    "added": "2015-10-10T18:51:51.308Z",
    "license": "",
    "raid_license": "",
    "hostname": "cayrarup4efmkz11vow.example.com",
    "equipment": 515,
    "mac": "",
    "password": "",
    "method": "dummy"
  },
  "model": "hwdoc.servermanagement",
  "pk": 289
},
{
  "fields": {
    "username": "",
    "updated": "2015-10-10T18:51:51.308Z",
    "added": "2015-10-10T18:51:51.308Z",
    "license": "",
    "raid_license": "",
    "hostname": "3b7yg2pa.example.com",
    "equipment": 454,
    "mac": "",
    "password": "",
    "method": "dummy"
  },
  "model": "hwdoc.servermanagement",
  "pk": 290
},
{
  "fields": {
    "username": "",
    "updated": "2015-10-10T18:51:51.308Z",
    "added": "2015-10-10T18:51:51.308Z",
    "license": "",
    "raid_license": "",
    "hostname": "lobcosh5pea.example.com",
    "equipment": 554,
    "mac": "",
    "password": "",
    "method": "dummy"
  },
  "model": "hwdoc.servermanagement",
  "pk": 291
},
{
  "fields": {
    "username": "",
    "updated": "2015-10-10T18:51:51.308Z",
    "added": "2015-10-10T18:51:51.308Z",
    "license": "",
    "raid_license": "",
    "hostname": "syciwzvgwm.example.com",
    "equipment": 563,
    "mac": "",
    "password": "",
    "method": "dummy"
  },
  "model": "hwdoc.servermanagement",
  "pk": 292
},
{
  "fields": {
    "username": "",
    "updated": "2015-10-10T18:51:51.308Z",
    "added": "2015-10-10T18:51:51.308Z",
    "license": "",
    "raid_license": "",
    "hostname": "durxvky1t5x.example.com",
    "equipment": 440,
    "mac": "",
    "password": "",
    "method": "dummy"
  },
  "model": "hwdoc.servermanagement",
  "pk": 293
},
{
  "fields": {
    "username": "",
    "updated": "2015-10-10T18:51:51.308Z",
    "added": "2015-10-10T18:51:51.308Z",
    "license": "",
    "raid_license": "",
    "hostname": "uxxrvu3bccakhvzbq6q0.example.com",
    "equipment": 466,
    "mac": "",
    "password": "",
    "method": "dummy"
  },
  "model": "hwdoc.servermanagement",
  "pk": 294
},
{
  "fields": {
    "username": "",
    "updated": "2015-10-10T18:51:51.308Z",
    "added": "2015-10-10T18:51:51.308Z",
    "license": "",
    "raid_license": "",
    "hostname": "y7i23clw9.example.com",
    "equipment": 587,
    "mac": "",
    "password": "",
    "method": "dummy"
  },
  "model": "hwdoc.servermanagement",
  "pk": 295
},
{
  "fields": {
    "username": "",
    "updated": "2015-10-10T18:51:51.308Z",
    "added": "2015-10-10T18:51:51.308Z",
    "license": "",
    "raid_license": "",
    "hostname": "gyopwj7d5.example.com",
    "equipment": 596,
    "mac": "",
    "password": "",
    "method": "dummy"
  },
  "model": "hwdoc.servermanagement",
  "pk": 296
},
{
  "fields": {
    "username": "",
    "updated": "2015-10-10T18:51:51.308Z",
    "added": "2015-10-10T18:51:51.308Z",
    "license": "",
    "raid_license": "",
    "hostname": "4mfyticzli19u12m.example.com",
    "equipment": 433,
    "mac": "",
    "password": "",
    "method": "dummy"
  },
  "model": "hwdoc.servermanagement",
  "pk": 297
},
{
  "fields": {
    "username": "",
    "updated": "2015-10-10T18:51:51.308Z",
    "added": "2015-10-10T18:51:51.308Z",
    "license": "",
    "raid_license": "",
    "hostname": "yxjzvubv2w99mv5ce8.example.com",
    "equipment": 503,
    "mac": "",
    "password": "",
    "method": "dummy"
  },
  "model": "hwdoc.servermanagement",
  "pk": 298
},
{
  "fields": {
    "username": "",
    "updated": "2015-10-10T18:51:51.308Z",
    "added": "2015-10-10T18:51:51.308Z",
    "license": "",
    "raid_license": "",
    "hostname": "mdu7i4rznuz.example.com",
    "equipment": 465,
    "mac": "",
    "password": "",
    "method": "dummy"
  },
  "model": "hwdoc.servermanagement",
  "pk": 299
},
{
  "fields": {
    "username": "",
    "updated": "2015-10-10T18:51:51.308Z",
    "added": "2015-10-10T18:51:51.308Z",
    "license": "",
    "raid_license": "",
    "hostname": "yrmn76la.example.com",
    "equipment": 471,
    "mac": "",
    "password": "",
    "method": "dummy"
  },
  "model": "hwdoc.servermanagement",
  "pk": 300
},
{
  "fields": {
    "username": "",
    "updated": "2015-10-10T18:51:51.309Z",
    "added": "2015-10-10T18:51:51.309Z",
    "license": "",
    "raid_license": "",
    "hostname": "kxz470r1vvvo.example.com",
    "equipment": 446,
    "mac": "",
    "password": "",
    "method": "dummy"
  },
  "model": "hwdoc.servermanagement",
  "pk": 301
},
{
  "fields": {
    "username": "",
    "updated": "2015-10-10T18:51:51.309Z",
    "added": "2015-10-10T18:51:51.309Z",
    "license": "",
    "raid_license": "",
    "hostname": "c4xu2t4t3r.example.com",
    "equipment": 430,
    "mac": "",
    "password": "",
    "method": "dummy"
  },
  "model": "hwdoc.servermanagement",
  "pk": 302
},
{
  "fields": {
    "username": "",
    "updated": "2015-10-10T18:51:51.309Z",
    "added": "2015-10-10T18:51:51.309Z",
    "license": "",
    "raid_license": "",
    "hostname": "jqssgejvp65cfuyr3.example.com",
    "equipment": 519,
    "mac": "",
    "password": "",
    "method": "dummy"
  },
  "model": "hwdoc.servermanagement",
  "pk": 303
},
{
  "fields": {
    "username": "",
    "updated": "2015-10-10T18:51:51.309Z",
    "added": "2015-10-10T18:51:51.309Z",
    "license": "",
    "raid_license": "",
    "hostname": "rpihzzdum.example.com",
    "equipment": 599,
    "mac": "",
    "password": "",
    "method": "dummy"
  },
  "model": "hwdoc.servermanagement",
  "pk": 304
},
{
  "fields": {
    "username": "",
    "updated": "2015-10-10T18:51:51.309Z",
    "added": "2015-10-10T18:51:51.309Z",
    "license": "",
    "raid_license": "",
    "hostname": "4v2zkw9yr71kvi.example.com",
    "equipment": 547,
    "mac": "",
    "password": "",
    "method": "dummy"
  },
  "model": "hwdoc.servermanagement",
  "pk": 305
},
{
  "fields": {
    "username": "",
    "updated": "2015-10-10T18:51:51.309Z",
    "added": "2015-10-10T18:51:51.309Z",
    "license": "",
    "raid_license": "",
    "hostname": "7kfa216heeb275skc.example.com",
    "equipment": 496,
    "mac": "",
    "password": "",
    "method": "dummy"
  },
  "model": "hwdoc.servermanagement",
  "pk": 306
},
{
  "fields": {
    "username": "",
    "updated": "2015-10-10T18:51:51.309Z",
    "added": "2015-10-10T18:51:51.309Z",
    "license": "",
    "raid_license": "",
    "hostname": "58kgid.example.com",
    "equipment": 484,
    "mac": "",
    "password": "",
    "method": "dummy"
  },
  "model": "hwdoc.servermanagement",
  "pk": 307
},
{
  "fields": {
    "username": "",
    "updated": "2015-10-10T18:51:51.309Z",
    "added": "2015-10-10T18:51:51.309Z",
    "license": "",
    "raid_license": "",
    "hostname": "he29a9.example.com",
    "equipment": 586,
    "mac": "",
    "password": "",
    "method": "dummy"
  },
  "model": "hwdoc.servermanagement",
  "pk": 308
},
{
  "fields": {
    "username": "",
    "updated": "2015-10-10T18:51:51.309Z",
    "added": "2015-10-10T18:51:51.309Z",
    "license": "",
    "raid_license": "",
    "hostname": "0n54jr.example.com",
    "equipment": 540,
    "mac": "",
    "password": "",
    "method": "dummy"
  },
  "model": "hwdoc.servermanagement",
  "pk": 309
},
{
  "fields": {
    "username": "",
    "updated": "2015-10-10T18:51:51.309Z",
    "added": "2015-10-10T18:51:51.309Z",
    "license": "",
    "raid_license": "",
    "hostname": "kpdk66uqr81f1f7kfx0.example.com",
    "equipment": 541,
    "mac": "",
    "password": "",
    "method": "dummy"
  },
  "model": "hwdoc.servermanagement",
  "pk": 310
},
{
  "fields": {
    "username": "",
    "updated": "2015-10-10T18:51:51.309Z",
    "added": "2015-10-10T18:51:51.309Z",
    "license": "",
    "raid_license": "",
    "hostname": "hq8oicru.example.com",
    "equipment": 531,
    "mac": "",
    "password": "",
    "method": "dummy"
  },
  "model": "hwdoc.servermanagement",
  "pk": 311
},
{
  "fields": {
    "username": "",
    "updated": "2015-10-10T18:51:51.309Z",
    "added": "2015-10-10T18:51:51.309Z",
    "license": "",
    "raid_license": "",
    "hostname": "ix0dqko2h7pjvn79.example.com",
    "equipment": 500,
    "mac": "",
    "password": "",
    "method": "dummy"
  },
  "model": "hwdoc.servermanagement",
  "pk": 312
},
{
  "fields": {
    "username": "",
    "updated": "2015-10-10T18:51:51.309Z",
    "added": "2015-10-10T18:51:51.309Z",
    "license": "",
    "raid_license": "",
    "hostname": "8t7jcuc2gop3qagbw4.example.com",
    "equipment": 463,
    "mac": "",
    "password": "",
    "method": "dummy"
  },
  "model": "hwdoc.servermanagement",
  "pk": 313
},
{
  "fields": {
    "username": "",
    "updated": "2015-10-10T18:51:51.309Z",
    "added": "2015-10-10T18:51:51.309Z",
    "license": "",
    "raid_license": "",
    "hostname": "aw3kljahbx0r.example.com",
    "equipment": 536,
    "mac": "",
    "password": "",
    "method": "dummy"
  },
  "model": "hwdoc.servermanagement",
  "pk": 314
},
{
  "fields": {
    "username": "",
    "updated": "2015-10-10T18:51:51.309Z",
    "added": "2015-10-10T18:51:51.309Z",
    "license": "",
    "raid_license": "",
    "hostname": "t9uykqq.example.com",
    "equipment": 578,
    "mac": "",
    "password": "",
    "method": "dummy"
  },
  "model": "hwdoc.servermanagement",
  "pk": 315
},
{
  "fields": {
    "username": "",
    "updated": "2015-10-10T18:51:51.309Z",
    "added": "2015-10-10T18:51:51.309Z",
    "license": "",
    "raid_license": "",
    "hostname": "dzxn36klidadfsd2nsdt.example.com",
    "equipment": 557,
    "mac": "",
    "password": "",
    "method": "dummy"
  },
  "model": "hwdoc.servermanagement",
  "pk": 316
},
{
  "fields": {
    "username": "",
    "updated": "2015-10-10T18:51:51.309Z",
    "added": "2015-10-10T18:51:51.309Z",
    "license": "",
    "raid_license": "",
    "hostname": "p15l6ar113vto3te.example.com",
    "equipment": 419,
    "mac": "",
    "password": "",
    "method": "dummy"
  },
  "model": "hwdoc.servermanagement",
  "pk": 317
},
{
  "fields": {
    "username": "",
    "updated": "2015-10-10T18:51:51.309Z",
    "added": "2015-10-10T18:51:51.309Z",
    "license": "",
    "raid_license": "",
    "hostname": "t8q657hifomc4nff.example.com",
    "equipment": 472,
    "mac": "",
    "password": "",
    "method": "dummy"
  },
  "model": "hwdoc.servermanagement",
  "pk": 318
},
{
  "fields": {
    "username": "",
    "updated": "2015-10-10T18:51:51.309Z",
    "added": "2015-10-10T18:51:51.309Z",
    "license": "",
    "raid_license": "",
    "hostname": "m308bipvufme64v.example.com",
    "equipment": 479,
    "mac": "",
    "password": "",
    "method": "dummy"
  },
  "model": "hwdoc.servermanagement",
  "pk": 319
},
{
  "fields": {
    "username": "",
    "updated": "2015-10-10T18:51:51.310Z",
    "added": "2015-10-10T18:51:51.310Z",
    "license": "",
    "raid_license": "",
    "hostname": "i164rf.example.com",
    "equipment": 561,
    "mac": "",
    "password": "",
    "method": "dummy"
  },
  "model": "hwdoc.servermanagement",
  "pk": 320
},
{
  "fields": {
    "username": "",
    "updated": "2015-10-10T18:51:51.310Z",
    "added": "2015-10-10T18:51:51.310Z",
    "license": "",
    "raid_license": "",
    "hostname": "8kgzrcvq0kri85w8k.example.com",
    "equipment": 467,
    "mac": "",
    "password": "",
    "method": "dummy"
  },
  "model": "hwdoc.servermanagement",
  "pk": 321
},
{
  "fields": {
    "username": "",
    "updated": "2015-10-10T18:51:51.310Z",
    "added": "2015-10-10T18:51:51.310Z",
    "license": "",
    "raid_license": "",
    "hostname": "xzx7sieb.example.com",
    "equipment": 514,
    "mac": "",
    "password": "",
    "method": "dummy"
  },
  "model": "hwdoc.servermanagement",
  "pk": 322
},
{
  "fields": {
    "username": "",
    "updated": "2015-10-10T18:51:51.310Z",
    "added": "2015-10-10T18:51:51.310Z",
    "license": "",
    "raid_license": "",
    "hostname": "ep3askpng2vyfxs5h.example.com",
    "equipment": 416,
    "mac": "",
    "password": "",
    "method": "dummy"
  },
  "model": "hwdoc.servermanagement",
  "pk": 323
},
{
  "fields": {
    "username": "",
    "updated": "2015-10-10T18:51:51.310Z",
    "added": "2015-10-10T18:51:51.310Z",
    "license": "",
    "raid_license": "",
    "hostname": "2x65kn03y2uyqw.example.com",
    "equipment": 542,
    "mac": "",
    "password": "",
    "method": "dummy"
  },
  "model": "hwdoc.servermanagement",
  "pk": 324
},
{
  "fields": {
    "username": "",
    "updated": "2015-10-10T18:51:51.310Z",
    "added": "2015-10-10T18:51:51.310Z",
    "license": "",
    "raid_license": "",
    "hostname": "91cyx88da2t9gd46pbt.example.com",
    "equipment": 592,
    "mac": "",
    "password": "",
    "method": "dummy"
  },
  "model": "hwdoc.servermanagement",
  "pk": 325
},
{
  "fields": {
    "username": "",
    "updated": "2015-10-10T18:51:51.310Z",
    "added": "2015-10-10T18:51:51.310Z",
    "license": "",
    "raid_license": "",
    "hostname": "1ru3ia7z3lcelqw8jntp.example.com",
    "equipment": 493,
    "mac": "",
    "password": "",
    "method": "dummy"
  },
  "model": "hwdoc.servermanagement",
  "pk": 326
},
{
  "fields": {
    "username": "",
    "updated": "2015-10-10T18:51:51.310Z",
    "added": "2015-10-10T18:51:51.310Z",
    "license": "",
    "raid_license": "",
    "hostname": "dikw7nqkqlygpq9x7rx.example.com",
    "equipment": 573,
    "mac": "",
    "password": "",
    "method": "dummy"
  },
  "model": "hwdoc.servermanagement",
  "pk": 327
},
{
  "fields": {
    "username": "",
    "updated": "2015-10-10T18:51:51.310Z",
    "added": "2015-10-10T18:51:51.310Z",
    "license": "",
    "raid_license": "",
    "hostname": "7099azhcps0s5hpq8.example.com",
    "equipment": 476,
    "mac": "",
    "password": "",
    "method": "dummy"
  },
  "model": "hwdoc.servermanagement",
  "pk": 328
},
{
  "fields": {
    "username": "",
    "updated": "2015-10-10T18:51:51.310Z",
    "added": "2015-10-10T18:51:51.310Z",
    "license": "",
    "raid_license": "",
    "hostname": "npf0lhvbfscc9s.example.com",
    "equipment": 406,
    "mac": "",
    "password": "",
    "method": "dummy"
  },
  "model": "hwdoc.servermanagement",
  "pk": 329
},
{
  "fields": {
    "username": "",
    "updated": "2015-10-10T18:51:51.310Z",
    "added": "2015-10-10T18:51:51.310Z",
    "license": "",
    "raid_license": "",
    "hostname": "g2dydzl8.example.com",
    "equipment": 543,
    "mac": "",
    "password": "",
    "method": "dummy"
  },
  "model": "hwdoc.servermanagement",
  "pk": 330
},
{
  "fields": {
    "username": "",
    "updated": "2015-10-10T18:51:51.310Z",
    "added": "2015-10-10T18:51:51.310Z",
    "license": "",
    "raid_license": "",
    "hostname": "y9ift603.example.com",
    "equipment": 522,
    "mac": "",
    "password": "",
    "method": "dummy"
  },
  "model": "hwdoc.servermanagement",
  "pk": 331
},
{
  "fields": {
    "username": "",
    "updated": "2015-10-10T18:51:51.310Z",
    "added": "2015-10-10T18:51:51.310Z",
    "license": "",
    "raid_license": "",
    "hostname": "h3gzgy3kogklha1qda.example.com",
    "equipment": 516,
    "mac": "",
    "password": "",
    "method": "dummy"
  },
  "model": "hwdoc.servermanagement",
  "pk": 332
},
{
  "fields": {
    "username": "",
    "updated": "2015-10-10T18:51:51.310Z",
    "added": "2015-10-10T18:51:51.310Z",
    "license": "",
    "raid_license": "",
    "hostname": "0el4m8ios.example.com",
    "equipment": 451,
    "mac": "",
    "password": "",
    "method": "dummy"
  },
  "model": "hwdoc.servermanagement",
  "pk": 333
},
{
  "fields": {
    "username": "",
    "updated": "2015-10-10T18:51:51.310Z",
    "added": "2015-10-10T18:51:51.310Z",
    "license": "",
    "raid_license": "",
    "hostname": "uk4bakludg4w7kucv05.example.com",
    "equipment": 456,
    "mac": "",
    "password": "",
    "method": "dummy"
  },
  "model": "hwdoc.servermanagement",
  "pk": 334
},
{
  "fields": {
    "username": "",
    "updated": "2015-10-10T18:51:51.310Z",
    "added": "2015-10-10T18:51:51.310Z",
    "license": "",
    "raid_license": "",
    "hostname": "4pc0m2bbhngio.example.com",
    "equipment": 600,
    "mac": "",
    "password": "",
    "method": "dummy"
  },
  "model": "hwdoc.servermanagement",
  "pk": 335
},
{
  "fields": {
    "username": "",
    "updated": "2015-10-10T18:51:51.310Z",
    "added": "2015-10-10T18:51:51.310Z",
    "license": "",
    "raid_license": "",
    "hostname": "maz9jrptshh4g1.example.com",
    "equipment": 473,
    "mac": "",
    "password": "",
    "method": "dummy"
  },
  "model": "hwdoc.servermanagement",
  "pk": 336
},
{
  "fields": {
    "username": "",
    "updated": "2015-10-10T18:51:51.310Z",
    "added": "2015-10-10T18:51:51.310Z",
    "license": "",
    "raid_license": "",
    "hostname": "d8u1f1mrq7z3v6s768.example.com",
    "equipment": 458,
    "mac": "",
    "password": "",
    "method": "dummy"
  },
  "model": "hwdoc.servermanagement",
  "pk": 337
},
{
  "fields": {
    "username": "",
    "updated": "2015-10-10T18:51:51.310Z",
    "added": "2015-10-10T18:51:51.310Z",
    "license": "",
    "raid_license": "",
    "hostname": "65kkz9ec8zxm1.example.com",
    "equipment": 474,
    "mac": "",
    "password": "",
    "method": "dummy"
  },
  "model": "hwdoc.servermanagement",
  "pk": 338
},
{
  "fields": {
    "username": "",
    "updated": "2015-10-10T18:51:51.311Z",
    "added": "2015-10-10T18:51:51.311Z",
    "license": "",
    "raid_license": "",
    "hostname": "zvx50b89u2jd1eiuvll.example.com",
    "equipment": 556,
    "mac": "",
    "password": "",
    "method": "dummy"
  },
  "model": "hwdoc.servermanagement",
  "pk": 339
},
{
  "fields": {
    "username": "",
    "updated": "2015-10-10T18:51:51.311Z",
    "added": "2015-10-10T18:51:51.311Z",
    "license": "",
    "raid_license": "",
    "hostname": "xurkyivwc4o4.example.com",
    "equipment": 459,
    "mac": "",
    "password": "",
    "method": "dummy"
  },
  "model": "hwdoc.servermanagement",
  "pk": 340
},
{
  "fields": {
    "username": "",
    "updated": "2015-10-10T18:51:51.311Z",
    "added": "2015-10-10T18:51:51.311Z",
    "license": "",
    "raid_license": "",
    "hostname": "aiskkayuihtw01n8q1nr.example.com",
    "equipment": 457,
    "mac": "",
    "password": "",
    "method": "dummy"
  },
  "model": "hwdoc.servermanagement",
  "pk": 341
},
{
  "fields": {
    "username": "",
    "updated": "2015-10-10T18:51:51.311Z",
    "added": "2015-10-10T18:51:51.311Z",
    "license": "",
    "raid_license": "",
    "hostname": "u5wx3t1g.example.com",
    "equipment": 533,
    "mac": "",
    "password": "",
    "method": "dummy"
  },
  "model": "hwdoc.servermanagement",
  "pk": 342
},
{
  "fields": {
    "username": "",
    "updated": "2015-10-10T18:51:51.311Z",
    "added": "2015-10-10T18:51:51.311Z",
    "license": "",
    "raid_license": "",
    "hostname": "eem9nr9b.example.com",
    "equipment": 431,
    "mac": "",
    "password": "",
    "method": "dummy"
  },
  "model": "hwdoc.servermanagement",
  "pk": 343
},
{
  "fields": {
    "username": "",
    "updated": "2015-10-10T18:51:51.311Z",
    "added": "2015-10-10T18:51:51.311Z",
    "license": "",
    "raid_license": "",
    "hostname": "9ogtbp762b7kzgmjdb9.example.com",
    "equipment": 475,
    "mac": "",
    "password": "",
    "method": "dummy"
  },
  "model": "hwdoc.servermanagement",
  "pk": 344
},
{
  "fields": {
    "username": "",
    "updated": "2015-10-10T18:51:51.311Z",
    "added": "2015-10-10T18:51:51.311Z",
    "license": "",
    "raid_license": "",
    "hostname": "5ekxucp7g2yc.example.com",
    "equipment": 497,
    "mac": "",
    "password": "",
    "method": "dummy"
  },
  "model": "hwdoc.servermanagement",
  "pk": 345
},
{
  "fields": {
    "username": "",
    "updated": "2015-10-10T18:51:51.311Z",
    "added": "2015-10-10T18:51:51.311Z",
    "license": "",
    "raid_license": "",
    "hostname": "yyydobi2q9g034.example.com",
    "equipment": 569,
    "mac": "",
    "password": "",
    "method": "dummy"
  },
  "model": "hwdoc.servermanagement",
  "pk": 346
},
{
  "fields": {
    "username": "",
    "updated": "2015-10-10T18:51:51.311Z",
    "added": "2015-10-10T18:51:51.311Z",
    "license": "",
    "raid_license": "",
    "hostname": "gqis6c415yqd32h3.example.com",
    "equipment": 575,
    "mac": "",
    "password": "",
    "method": "dummy"
  },
  "model": "hwdoc.servermanagement",
  "pk": 347
},
{
  "fields": {
    "username": "",
    "updated": "2015-10-10T18:51:51.311Z",
    "added": "2015-10-10T18:51:51.311Z",
    "license": "",
    "raid_license": "",
    "hostname": "wpsgfjuejrihk.example.com",
    "equipment": 491,
    "mac": "",
    "password": "",
    "method": "dummy"
  },
  "model": "hwdoc.servermanagement",
  "pk": 348
},
{
  "fields": {
    "username": "",
    "updated": "2015-10-10T18:51:51.311Z",
    "added": "2015-10-10T18:51:51.311Z",
    "license": "",
    "raid_license": "",
    "hostname": "bcu4k9ndich8nz5v.example.com",
    "equipment": 590,
    "mac": "",
    "password": "",
    "method": "dummy"
  },
  "model": "hwdoc.servermanagement",
  "pk": 349
},
{
  "fields": {
    "username": "",
    "updated": "2015-10-10T18:51:51.311Z",
    "added": "2015-10-10T18:51:51.311Z",
    "license": "",
    "raid_license": "",
    "hostname": "8an6yf2kj.example.com",
    "equipment": 505,
    "mac": "",
    "password": "",
    "method": "dummy"
  },
  "model": "hwdoc.servermanagement",
  "pk": 350
},
{
  "fields": {
    "username": "",
    "updated": "2015-10-10T18:51:51.311Z",
    "added": "2015-10-10T18:51:51.311Z",
    "license": "",
    "raid_license": "",
    "hostname": "h164xbuz2jwwywiir.example.com",
    "equipment": 494,
    "mac": "",
    "password": "",
    "method": "dummy"
  },
  "model": "hwdoc.servermanagement",
  "pk": 351
},
{
  "fields": {
    "username": "",
    "updated": "2015-10-10T18:51:51.311Z",
    "added": "2015-10-10T18:51:51.311Z",
    "license": "",
    "raid_license": "",
    "hostname": "c8lhwzkwtbcbergq5d17.example.com",
    "equipment": 489,
    "mac": "",
    "password": "",
    "method": "dummy"
  },
  "model": "hwdoc.servermanagement",
  "pk": 352
},
{
  "fields": {
    "username": "",
    "updated": "2015-10-10T18:51:51.311Z",
    "added": "2015-10-10T18:51:51.311Z",
    "license": "",
    "raid_license": "",
    "hostname": "z2z63hhxx.example.com",
    "equipment": 594,
    "mac": "",
    "password": "",
    "method": "dummy"
  },
  "model": "hwdoc.servermanagement",
  "pk": 353
},
{
  "fields": {
    "username": "",
    "updated": "2015-10-10T18:51:51.311Z",
    "added": "2015-10-10T18:51:51.311Z",
    "license": "",
    "raid_license": "",
    "hostname": "jai34aij.example.com",
    "equipment": 414,
    "mac": "",
    "password": "",
    "method": "dummy"
  },
  "model": "hwdoc.servermanagement",
  "pk": 354
},
{
  "fields": {
    "username": "",
    "updated": "2015-10-10T18:51:51.311Z",
    "added": "2015-10-10T18:51:51.311Z",
    "license": "",
    "raid_license": "",
    "hostname": "m9uuug5bib4rd314xh.example.com",
    "equipment": 448,
    "mac": "",
    "password": "",
    "method": "dummy"
  },
  "model": "hwdoc.servermanagement",
  "pk": 355
},
{
  "fields": {
    "username": "",
    "updated": "2015-10-10T18:51:51.311Z",
    "added": "2015-10-10T18:51:51.311Z",
    "license": "",
    "raid_license": "",
    "hostname": "3ik8mq0ep9qvbs8k.example.com",
    "equipment": 510,
    "mac": "",
    "password": "",
    "method": "dummy"
  },
  "model": "hwdoc.servermanagement",
  "pk": 356
},
{
  "fields": {
    "username": "",
    "updated": "2015-10-10T18:51:51.312Z",
    "added": "2015-10-10T18:51:51.312Z",
    "license": "",
    "raid_license": "",
    "hostname": "fztic7lo84p3ga.example.com",
    "equipment": 565,
    "mac": "",
    "password": "",
    "method": "dummy"
  },
  "model": "hwdoc.servermanagement",
  "pk": 357
},
{
  "fields": {
    "username": "",
    "updated": "2015-10-10T18:51:51.312Z",
    "added": "2015-10-10T18:51:51.312Z",
    "license": "",
    "raid_license": "",
    "hostname": "joltzotmm3vu43ko.example.com",
    "equipment": 480,
    "mac": "",
    "password": "",
    "method": "dummy"
  },
  "model": "hwdoc.servermanagement",
  "pk": 358
},
{
  "fields": {
    "username": "",
    "updated": "2015-10-10T18:51:51.312Z",
    "added": "2015-10-10T18:51:51.312Z",
    "license": "",
    "raid_license": "",
    "hostname": "2ezmc1ap2s0iced1w.example.com",
    "equipment": 461,
    "mac": "",
    "password": "",
    "method": "dummy"
  },
  "model": "hwdoc.servermanagement",
  "pk": 359
},
{
  "fields": {
    "username": "",
    "updated": "2015-10-10T18:51:51.312Z",
    "added": "2015-10-10T18:51:51.312Z",
    "license": "",
    "raid_license": "",
    "hostname": "3ipjqg4qvyoly74.example.com",
    "equipment": 485,
    "mac": "",
    "password": "",
    "method": "dummy"
  },
  "model": "hwdoc.servermanagement",
  "pk": 360
},
{
  "fields": {
    "username": "",
    "updated": "2015-10-10T18:51:51.312Z",
    "added": "2015-10-10T18:51:51.312Z",
    "license": "",
    "raid_license": "",
    "hostname": "7kdmww0lblle4.example.com",
    "equipment": 401,
    "mac": "",
    "password": "",
    "method": "dummy"
  },
  "model": "hwdoc.servermanagement",
  "pk": 361
},
{
  "fields": {
    "username": "",
    "updated": "2015-10-10T18:51:51.312Z",
    "added": "2015-10-10T18:51:51.312Z",
    "license": "",
    "raid_license": "",
    "hostname": "x2q8xbnz0y0fnota63.example.com",
    "equipment": 512,
    "mac": "",
    "password": "",
    "method": "dummy"
  },
  "model": "hwdoc.servermanagement",
  "pk": 362
},
{
  "fields": {
    "username": "",
    "updated": "2015-10-10T18:51:51.312Z",
    "added": "2015-10-10T18:51:51.312Z",
    "license": "",
    "raid_license": "",
    "hostname": "ixk1d0aux9.example.com",
    "equipment": 584,
    "mac": "",
    "password": "",
    "method": "dummy"
  },
  "model": "hwdoc.servermanagement",
  "pk": 363
},
{
  "fields": {
    "username": "",
    "updated": "2015-10-10T18:51:51.312Z",
    "added": "2015-10-10T18:51:51.312Z",
    "license": "",
    "raid_license": "",
    "hostname": "j1zyd0bk1.example.com",
    "equipment": 559,
    "mac": "",
    "password": "",
    "method": "dummy"
  },
  "model": "hwdoc.servermanagement",
  "pk": 364
},
{
  "fields": {
    "username": "",
    "updated": "2015-10-10T18:51:51.312Z",
    "added": "2015-10-10T18:51:51.312Z",
    "license": "",
    "raid_license": "",
    "hostname": "cd5bgzl2yfmdmg71f.example.com",
    "equipment": 411,
    "mac": "",
    "password": "",
    "method": "dummy"
  },
  "model": "hwdoc.servermanagement",
  "pk": 365
},
{
  "fields": {
    "username": "",
    "updated": "2015-10-10T18:51:51.312Z",
    "added": "2015-10-10T18:51:51.312Z",
    "license": "",
    "raid_license": "",
    "hostname": "ky9hg7u.example.com",
    "equipment": 555,
    "mac": "",
    "password": "",
    "method": "dummy"
  },
  "model": "hwdoc.servermanagement",
  "pk": 366
},
{
  "fields": {
    "username": "",
    "updated": "2015-10-10T18:51:51.312Z",
    "added": "2015-10-10T18:51:51.312Z",
    "license": "",
    "raid_license": "",
    "hostname": "6cgwonwc0fmy0zv.example.com",
    "equipment": 595,
    "mac": "",
    "password": "",
    "method": "dummy"
  },
  "model": "hwdoc.servermanagement",
  "pk": 367
},
{
  "fields": {
    "username": "",
    "updated": "2015-10-10T18:51:51.312Z",
    "added": "2015-10-10T18:51:51.312Z",
    "license": "",
    "raid_license": "",
    "hostname": "m7bkces.example.com",
    "equipment": 560,
    "mac": "",
    "password": "",
    "method": "dummy"
  },
  "model": "hwdoc.servermanagement",
  "pk": 368
},
{
  "fields": {
    "username": "",
    "updated": "2015-10-10T18:51:51.312Z",
    "added": "2015-10-10T18:51:51.312Z",
    "license": "",
    "raid_license": "",
    "hostname": "h74a5h4ifcp2.example.com",
    "equipment": 574,
    "mac": "",
    "password": "",
    "method": "dummy"
  },
  "model": "hwdoc.servermanagement",
  "pk": 369
},
{
  "fields": {
    "username": "",
    "updated": "2015-10-10T18:51:51.312Z",
    "added": "2015-10-10T18:51:51.312Z",
    "license": "",
    "raid_license": "",
    "hostname": "4oydzcszq.example.com",
    "equipment": 567,
    "mac": "",
    "password": "",
    "method": "dummy"
  },
  "model": "hwdoc.servermanagement",
  "pk": 370
},
{
  "fields": {
    "username": "",
    "updated": "2015-10-10T18:51:51.312Z",
    "added": "2015-10-10T18:51:51.312Z",
    "license": "",
    "raid_license": "",
    "hostname": "d306m0oqbnyyc.example.com",
    "equipment": 422,
    "mac": "",
    "password": "",
    "method": "dummy"
  },
  "model": "hwdoc.servermanagement",
  "pk": 371
},
{
  "fields": {
    "username": "",
    "updated": "2015-10-10T18:51:51.312Z",
    "added": "2015-10-10T18:51:51.312Z",
    "license": "",
    "raid_license": "",
    "hostname": "w773x1h19zaf8padfva.example.com",
    "equipment": 405,
    "mac": "",
    "password": "",
    "method": "dummy"
  },
  "model": "hwdoc.servermanagement",
  "pk": 372
},
{
  "fields": {
    "username": "",
    "updated": "2015-10-10T18:51:51.312Z",
    "added": "2015-10-10T18:51:51.312Z",
    "license": "",
    "raid_license": "",
    "hostname": "5xgxahodccz7.example.com",
    "equipment": 580,
    "mac": "",
    "password": "",
    "method": "dummy"
  },
  "model": "hwdoc.servermanagement",
  "pk": 373
},
{
  "fields": {
    "username": "",
    "updated": "2015-10-10T18:51:51.312Z",
    "added": "2015-10-10T18:51:51.312Z",
    "license": "",
    "raid_license": "",
    "hostname": "zj1q9m.example.com",
    "equipment": 439,
    "mac": "",
    "password": "",
    "method": "dummy"
  },
  "model": "hwdoc.servermanagement",
  "pk": 374
},
{
  "fields": {
    "username": "",
    "updated": "2015-10-10T18:51:51.312Z",
    "added": "2015-10-10T18:51:51.312Z",
    "license": "",
    "raid_license": "",
    "hostname": "owlexkkcy9.example.com",
    "equipment": 572,
    "mac": "",
    "password": "",
    "method": "dummy"
  },
  "model": "hwdoc.servermanagement",
  "pk": 375
},
{
  "fields": {
    "username": "",
    "updated": "2015-10-10T18:51:51.313Z",
    "added": "2015-10-10T18:51:51.313Z",
    "license": "",
    "raid_license": "",
    "hostname": "1clgojg5n59z9opxn38.example.com",
    "equipment": 508,
    "mac": "",
    "password": "",
    "method": "dummy"
  },
  "model": "hwdoc.servermanagement",
  "pk": 376
},
{
  "fields": {
    "username": "",
    "updated": "2015-10-10T18:51:51.313Z",
    "added": "2015-10-10T18:51:51.313Z",
    "license": "",
    "raid_license": "",
    "hostname": "uidk691.example.com",
    "equipment": 550,
    "mac": "",
    "password": "",
    "method": "dummy"
  },
  "model": "hwdoc.servermanagement",
  "pk": 377
},
{
  "fields": {
    "username": "",
    "updated": "2015-10-10T18:51:51.313Z",
    "added": "2015-10-10T18:51:51.313Z",
    "license": "",
    "raid_license": "",
    "hostname": "az3j5mzwdgeyek6abz2d.example.com",
    "equipment": 436,
    "mac": "",
    "password": "",
    "method": "dummy"
  },
  "model": "hwdoc.servermanagement",
  "pk": 378
},
{
  "fields": {
    "username": "",
    "updated": "2015-10-10T18:51:51.313Z",
    "added": "2015-10-10T18:51:51.313Z",
    "license": "",
    "raid_license": "",
    "hostname": "altz3nfg7i7x7.example.com",
    "equipment": 535,
    "mac": "",
    "password": "",
    "method": "dummy"
  },
  "model": "hwdoc.servermanagement",
  "pk": 379
},
{
  "fields": {
    "username": "",
    "updated": "2015-10-10T18:51:51.317Z",
    "added": "2015-10-10T18:51:51.317Z",
    "license": "",
    "raid_license": "",
    "hostname": "dyhcalbu.example.com",
    "equipment": 520,
    "mac": "",
    "password": "",
    "method": "dummy"
  },
  "model": "hwdoc.servermanagement",
  "pk": 380
},
{
  "fields": {
    "username": "",
    "updated": "2015-10-10T18:51:51.317Z",
    "added": "2015-10-10T18:51:51.317Z",
    "license": "",
    "raid_license": "",
    "hostname": "vym8g6cljgloj2tg2km1.example.com",
    "equipment": 432,
    "mac": "",
    "password": "",
    "method": "dummy"
  },
  "model": "hwdoc.servermanagement",
  "pk": 381
},
{
  "fields": {
    "username": "",
    "updated": "2015-10-10T18:51:51.317Z",
    "added": "2015-10-10T18:51:51.317Z",
    "license": "",
    "raid_license": "",
    "hostname": "csyfypyujikuw.example.com",
    "equipment": 502,
    "mac": "",
    "password": "",
    "method": "dummy"
  },
  "model": "hwdoc.servermanagement",
  "pk": 382
},
{
  "fields": {
    "username": "",
    "updated": "2015-10-10T18:51:51.317Z",
    "added": "2015-10-10T18:51:51.317Z",
    "license": "",
    "raid_license": "",
    "hostname": "7gbcgm6o.example.com",
    "equipment": 449,
    "mac": "",
    "password": "",
    "method": "dummy"
  },
  "model": "hwdoc.servermanagement",
  "pk": 383
},
{
  "fields": {
    "username": "",
    "updated": "2015-10-10T18:51:51.317Z",
    "added": "2015-10-10T18:51:51.317Z",
    "license": "",
    "raid_license": "",
    "hostname": "0jn1kr3ab5jxtch68.example.com",
    "equipment": 409,
    "mac": "",
    "password": "",
    "method": "dummy"
  },
  "model": "hwdoc.servermanagement",
  "pk": 384
},
{
  "fields": {
    "username": "",
    "updated": "2015-10-10T18:51:51.317Z",
    "added": "2015-10-10T18:51:51.317Z",
    "license": "",
    "raid_license": "",
    "hostname": "4w5o7seif7eic.example.com",
    "equipment": 478,
    "mac": "",
    "password": "",
    "method": "dummy"
  },
  "model": "hwdoc.servermanagement",
  "pk": 385
},
{
  "fields": {
    "username": "",
    "updated": "2015-10-10T18:51:51.318Z",
    "added": "2015-10-10T18:51:51.317Z",
    "license": "",
    "raid_license": "",
    "hostname": "ww94jk7zthj86974yq.example.com",
    "equipment": 506,
    "mac": "",
    "password": "",
    "method": "dummy"
  },
  "model": "hwdoc.servermanagement",
  "pk": 386
},
{
  "fields": {
    "username": "",
    "updated": "2015-10-10T18:51:51.318Z",
    "added": "2015-10-10T18:51:51.318Z",
    "license": "",
    "raid_license": "",
    "hostname": "n80i4vxgw7r79bg4n0nc.example.com",
    "equipment": 593,
    "mac": "",
    "password": "",
    "method": "dummy"
  },
  "model": "hwdoc.servermanagement",
  "pk": 387
},
{
  "fields": {
    "username": "",
    "updated": "2015-10-10T18:51:51.318Z",
    "added": "2015-10-10T18:51:51.318Z",
    "license": "",
    "raid_license": "",
    "hostname": "1li65nga4.example.com",
    "equipment": 455,
    "mac": "",
    "password": "",
    "method": "dummy"
  },
  "model": "hwdoc.servermanagement",
  "pk": 388
},
{
  "fields": {
    "username": "",
    "updated": "2015-10-10T18:51:51.318Z",
    "added": "2015-10-10T18:51:51.318Z",
    "license": "",
    "raid_license": "",
    "hostname": "wp6jo41.example.com",
    "equipment": 408,
    "mac": "",
    "password": "",
    "method": "dummy"
  },
  "model": "hwdoc.servermanagement",
  "pk": 389
},
{
  "fields": {
    "username": "",
    "updated": "2015-10-10T18:51:51.318Z",
    "added": "2015-10-10T18:51:51.318Z",
    "license": "",
    "raid_license": "",
    "hostname": "e8ri65lzr.example.com",
    "equipment": 539,
    "mac": "",
    "password": "",
    "method": "dummy"
  },
  "model": "hwdoc.servermanagement",
  "pk": 390
},
{
  "fields": {
    "username": "",
    "updated": "2015-10-10T18:51:51.318Z",
    "added": "2015-10-10T18:51:51.318Z",
    "license": "",
    "raid_license": "",
    "hostname": "omfuo6pp2j8.example.com",
    "equipment": 462,
    "mac": "",
    "password": "",
    "method": "dummy"
  },
  "model": "hwdoc.servermanagement",
  "pk": 391
},
{
  "fields": {
    "username": "",
    "updated": "2015-10-10T18:51:51.318Z",
    "added": "2015-10-10T18:51:51.318Z",
    "license": "",
    "raid_license": "",
    "hostname": "4ns88r9479.example.com",
    "equipment": 418,
    "mac": "",
    "password": "",
    "method": "dummy"
  },
  "model": "hwdoc.servermanagement",
  "pk": 392
},
{
  "fields": {
    "username": "",
    "updated": "2015-10-10T18:51:51.318Z",
    "added": "2015-10-10T18:51:51.318Z",
    "license": "",
    "raid_license": "",
    "hostname": "p34o3qvto8gqo.example.com",
    "equipment": 470,
    "mac": "",
    "password": "",
    "method": "dummy"
  },
  "model": "hwdoc.servermanagement",
  "pk": 393
},
{
  "fields": {
    "username": "",
    "updated": "2015-10-10T18:51:51.318Z",
    "added": "2015-10-10T18:51:51.318Z",
    "license": "",
    "raid_license": "",
    "hostname": "lelg6l.example.com",
    "equipment": 501,
    "mac": "",
    "password": "",
    "method": "dummy"
  },
  "model": "hwdoc.servermanagement",
  "pk": 394
},
{
  "fields": {
    "username": "",
    "updated": "2015-10-10T18:51:51.318Z",
    "added": "2015-10-10T18:51:51.318Z",
    "license": "",
    "raid_license": "",
    "hostname": "iwpq0j0vfuw9lnk2g2.example.com",
    "equipment": 530,
    "mac": "",
    "password": "",
    "method": "dummy"
  },
  "model": "hwdoc.servermanagement",
  "pk": 395
},
{
  "fields": {
    "username": "",
    "updated": "2015-10-10T18:51:51.318Z",
    "added": "2015-10-10T18:51:51.318Z",
    "license": "",
    "raid_license": "",
    "hostname": "l601pknydgyhx3yzait.example.com",
    "equipment": 477,
    "mac": "",
    "password": "",
    "method": "dummy"
  },
  "model": "hwdoc.servermanagement",
  "pk": 396
},
{
  "fields": {
    "username": "",
    "updated": "2015-10-10T18:51:51.318Z",
    "added": "2015-10-10T18:51:51.318Z",
    "license": "",
    "raid_license": "",
    "hostname": "itetpmhsdjkfvpgj.example.com",
    "equipment": 513,
    "mac": "",
    "password": "",
    "method": "dummy"
  },
  "model": "hwdoc.servermanagement",
  "pk": 397
},
{
  "fields": {
    "username": "",
    "updated": "2015-10-10T18:51:51.318Z",
    "added": "2015-10-10T18:51:51.318Z",
    "license": "",
    "raid_license": "",
    "hostname": "9d348gnaekfcbv3ooo.example.com",
    "equipment": 546,
    "mac": "",
    "password": "",
    "method": "dummy"
  },
  "model": "hwdoc.servermanagement",
  "pk": 398
},
{
  "fields": {
    "username": "",
    "updated": "2015-10-10T18:51:51.318Z",
    "added": "2015-10-10T18:51:51.318Z",
    "license": "",
    "raid_license": "",
    "hostname": "easmoy043fgc.example.com",
    "equipment": 525,
    "mac": "",
    "password": "",
    "method": "dummy"
  },
  "model": "hwdoc.servermanagement",
  "pk": 399
},
{
  "fields": {
    "username": "",
    "updated": "2015-10-10T18:51:51.318Z",
    "added": "2015-10-10T18:51:51.318Z",
    "license": "",
    "raid_license": "",
    "hostname": "e4csmze70gqm37.example.com",
    "equipment": 532,
    "mac": "",
    "password": "",
    "method": "dummy"
  },
  "model": "hwdoc.servermanagement",
  "pk": 400
},
{
  "fields": {
    "username": "",
    "updated": "2015-10-10T18:51:51.318Z",
    "added": "2015-10-10T18:51:51.318Z",
    "license": "",
    "raid_license": "",
    "hostname": "u5vof0zawb.example.com",
    "equipment": 492,
    "mac": "",
    "password": "",
    "method": "dummy"
  },
  "model": "hwdoc.servermanagement",
  "pk": 401
},
{
  "fields": {
    "username": "",
    "updated": "2015-10-10T18:51:51.318Z",
    "added": "2015-10-10T18:51:51.318Z",
    "license": "",
    "raid_license": "",
    "hostname": "ua3bqq4nhaj9vh4lj.example.com",
    "equipment": 552,
    "mac": "",
    "password": "",
    "method": "dummy"
  },
  "model": "hwdoc.servermanagement",
  "pk": 402
},
{
  "fields": {
    "username": "",
    "updated": "2015-10-10T18:51:51.318Z",
    "added": "2015-10-10T18:51:51.318Z",
    "license": "",
    "raid_license": "",
    "hostname": "0l9j4a59dh9ao.example.com",
    "equipment": 483,
    "mac": "",
    "password": "",
    "method": "dummy"
  },
  "model": "hwdoc.servermanagement",
  "pk": 403
},
{
  "fields": {
    "username": "",
    "updated": "2015-10-10T18:51:51.318Z",
    "added": "2015-10-10T18:51:51.318Z",
    "license": "",
    "raid_license": "",
    "hostname": "5o4qvmtqsoh0o8.example.com",
    "equipment": 498,
    "mac": "",
    "password": "",
    "method": "dummy"
  },
  "model": "hwdoc.servermanagement",
  "pk": 404
},
{
  "fields": {
    "username": "",
    "updated": "2015-10-10T18:51:51.319Z",
    "added": "2015-10-10T18:51:51.319Z",
    "license": "",
    "raid_license": "",
    "hostname": "puei5cmsdgq4er.example.com",
    "equipment": 413,
    "mac": "",
    "password": "",
    "method": "dummy"
  },
  "model": "hwdoc.servermanagement",
  "pk": 405
},
{
  "fields": {
    "username": "",
    "updated": "2015-10-10T18:51:51.319Z",
    "added": "2015-10-10T18:51:51.319Z",
    "license": "",
    "raid_license": "",
    "hostname": "6hh37qzadg.example.com",
    "equipment": 521,
    "mac": "",
    "password": "",
    "method": "dummy"
  },
  "model": "hwdoc.servermanagement",
  "pk": 406
},
{
  "fields": {
    "username": "",
    "updated": "2015-10-10T18:51:51.319Z",
    "added": "2015-10-10T18:51:51.319Z",
    "license": "",
    "raid_license": "",
    "hostname": "52g5q0558tcge1c.example.com",
    "equipment": 529,
    "mac": "",
    "password": "",
    "method": "dummy"
  },
  "model": "hwdoc.servermanagement",
  "pk": 407
},
{
  "fields": {
    "username": "",
    "updated": "2015-10-10T18:51:51.319Z",
    "added": "2015-10-10T18:51:51.319Z",
    "license": "",
    "raid_license": "",
    "hostname": "fhww72p9ft0umh2n88u2.example.com",
    "equipment": 424,
    "mac": "",
    "password": "",
    "method": "dummy"
  },
  "model": "hwdoc.servermanagement",
  "pk": 408
},
{
  "fields": {
    "username": "",
    "updated": "2015-10-10T18:51:51.319Z",
    "added": "2015-10-10T18:51:51.319Z",
    "license": "",
    "raid_license": "",
    "hostname": "whteckzzr1n7sq5u8fb.example.com",
    "equipment": 488,
    "mac": "",
    "password": "",
    "method": "dummy"
  },
  "model": "hwdoc.servermanagement",
  "pk": 409
},
{
  "fields": {
    "username": "",
    "updated": "2015-10-10T18:51:51.319Z",
    "added": "2015-10-10T18:51:51.319Z",
    "license": "",
    "raid_license": "",
    "hostname": "m7izsuszl0702.example.com",
    "equipment": 566,
    "mac": "",
    "password": "",
    "method": "dummy"
  },
  "model": "hwdoc.servermanagement",
  "pk": 410
},
{
  "fields": {
    "username": "",
    "updated": "2015-10-10T18:51:51.319Z",
    "added": "2015-10-10T18:51:51.319Z",
    "license": "",
    "raid_license": "",
    "hostname": "811y2ses3yn5ncxq3ms.example.com",
    "equipment": 417,
    "mac": "",
    "password": "",
    "method": "dummy"
  },
  "model": "hwdoc.servermanagement",
  "pk": 411
},
{
  "fields": {
    "username": "",
    "updated": "2015-10-10T18:51:51.319Z",
    "added": "2015-10-10T18:51:51.319Z",
    "license": "",
    "raid_license": "",
    "hostname": "biohju2y9p4a2hz2.example.com",
    "equipment": 464,
    "mac": "",
    "password": "",
    "method": "dummy"
  },
  "model": "hwdoc.servermanagement",
  "pk": 412
},
{
  "fields": {
    "username": "",
    "updated": "2015-10-10T18:51:51.319Z",
    "added": "2015-10-10T18:51:51.319Z",
    "license": "",
    "raid_license": "",
    "hostname": "bjh08nc4vj89gqdarjqp.example.com",
    "equipment": 412,
    "mac": "",
    "password": "",
    "method": "dummy"
  },
  "model": "hwdoc.servermanagement",
  "pk": 413
},
{
  "fields": {
    "username": "",
    "updated": "2015-10-10T18:51:51.319Z",
    "added": "2015-10-10T18:51:51.319Z",
    "license": "",
    "raid_license": "",
    "hostname": "adkif2ahj.example.com",
    "equipment": 441,
    "mac": "",
    "password": "",
    "method": "dummy"
  },
  "model": "hwdoc.servermanagement",
  "pk": 414
},
{
  "fields": {
    "username": "",
    "updated": "2015-10-10T18:51:51.319Z",
    "added": "2015-10-10T18:51:51.319Z",
    "license": "",
    "raid_license": "",
    "hostname": "ybfmv7guwwu.example.com",
    "equipment": 558,
    "mac": "",
    "password": "",
    "method": "dummy"
  },
  "model": "hwdoc.servermanagement",
  "pk": 415
},
{
  "fields": {
    "username": "",
    "updated": "2015-10-10T18:51:51.319Z",
    "added": "2015-10-10T18:51:51.319Z",
    "license": "",
    "raid_license": "",
    "hostname": "ssdand933p86udt.example.com",
    "equipment": 549,
    "mac": "",
    "password": "",
    "method": "dummy"
  },
  "model": "hwdoc.servermanagement",
  "pk": 416
},
{
  "fields": {
    "username": "",
    "updated": "2015-10-10T18:51:51.319Z",
    "added": "2015-10-10T18:51:51.319Z",
    "license": "",
    "raid_license": "",
    "hostname": "95rros1h7s7x.example.com",
    "equipment": 511,
    "mac": "",
    "password": "",
    "method": "dummy"
  },
  "model": "hwdoc.servermanagement",
  "pk": 417
},
{
  "fields": {
    "username": "",
    "updated": "2015-10-10T18:51:51.319Z",
    "added": "2015-10-10T18:51:51.319Z",
    "license": "",
    "raid_license": "",
    "hostname": "r8r24jpuwvsmz1j04.example.com",
    "equipment": 404,
    "mac": "",
    "password": "",
    "method": "dummy"
  },
  "model": "hwdoc.servermanagement",
  "pk": 418
},
{
  "fields": {
    "username": "",
    "updated": "2015-10-10T18:51:51.319Z",
    "added": "2015-10-10T18:51:51.319Z",
    "license": "",
    "raid_license": "",
    "hostname": "gk7z1zxrjdjxbqeqpg.example.com",
    "equipment": 434,
    "mac": "",
    "password": "",
    "method": "dummy"
  },
  "model": "hwdoc.servermanagement",
  "pk": 419
},
{
  "fields": {
    "username": "",
    "updated": "2015-10-10T18:51:51.319Z",
    "added": "2015-10-10T18:51:51.319Z",
    "license": "",
    "raid_license": "",
    "hostname": "91r0ltmooxh9pes506.example.com",
    "equipment": 469,
    "mac": "",
    "password": "",
    "method": "dummy"
  },
  "model": "hwdoc.servermanagement",
  "pk": 420
}
]
