[
{
  "fields": {
    "email": "tmmlwh57@example.com"
  },
  "model": "hwdoc.email",
  "pk": 141
},
{
  "fields": {
    "email": "nyqyg5js@example.com"
  },
  "model": "hwdoc.email",
  "pk": 142
},
{
  "fields": {
    "email": "citmox@example.com"
  },
  "model": "hwdoc.email",
  "pk": 143
},
{
  "fields": {
    "email": "815v6x4pn@example.com"
  },
  "model": "hwdoc.email",
  "pk": 144
},
{
  "fields": {
    "email": "40dczldm@example.com"
  },
  "model": "hwdoc.email",
  "pk": 145
},
{
  "fields": {
    "email": "gwtow55e@example.com"
  },
  "model": "hwdoc.email",
  "pk": 146
},
{
  "fields": {
    "email": "7d4cupjv@example.com"
  },
  "model": "hwdoc.email",
  "pk": 147
},
{
  "fields": {
    "email": "k8us3x9g6@example.com"
  },
  "model": "hwdoc.email",
  "pk": 148
},
{
  "fields": {
    "email": "5tbci2kq5l@example.com"
  },
  "model": "hwdoc.email",
  "pk": 149
},
{
  "fields": {
    "email": "i2lvd2@example.com"
  },
  "model": "hwdoc.email",
  "pk": 150
},
{
  "fields": {
    "email": "w6f958h0eb@example.com"
  },
  "model": "hwdoc.email",
  "pk": 151
},
{
  "fields": {
    "email": "kil1i8jn7@example.com"
  },
  "model": "hwdoc.email",
  "pk": 152
},
{
  "fields": {
    "email": "k2hgu21vtn@example.com"
  },
  "model": "hwdoc.email",
  "pk": 153
},
{
  "fields": {
    "email": "8lzzgl@example.com"
  },
  "model": "hwdoc.email",
  "pk": 154
},
{
  "fields": {
    "email": "qmup7l7vus@example.com"
  },
  "model": "hwdoc.email",
  "pk": 155
},
{
  "fields": {
    "email": "3moknuzya0@example.com"
  },
  "model": "hwdoc.email",
  "pk": 156
},
{
  "fields": {
    "email": "gdzmuwcty2@example.com"
  },
  "model": "hwdoc.email",
  "pk": 157
},
{
  "fields": {
    "email": "u6ddl7@example.com"
  },
  "model": "hwdoc.email",
  "pk": 158
},
{
  "fields": {
    "email": "b8vms9w@example.com"
  },
  "model": "hwdoc.email",
  "pk": 159
},
{
  "fields": {
    "email": "zaudwcn0h@example.com"
  },
  "model": "hwdoc.email",
  "pk": 160
},
{
  "fields": {
    "number": "2426506593"
  },
  "model": "hwdoc.phone",
  "pk": 141
},
{
  "fields": {
    "number": "2557375005"
  },
  "model": "hwdoc.phone",
  "pk": 142
},
{
  "fields": {
    "number": "0419852336"
  },
  "model": "hwdoc.phone",
  "pk": 143
},
{
  "fields": {
    "number": "8944493844"
  },
  "model": "hwdoc.phone",
  "pk": 144
},
{
  "fields": {
    "number": "0019021815"
  },
  "model": "hwdoc.phone",
  "pk": 145
},
{
  "fields": {
    "number": "1999647646"
  },
  "model": "hwdoc.phone",
  "pk": 146
},
{
  "fields": {
    "number": "9443024356"
  },
  "model": "hwdoc.phone",
  "pk": 147
},
{
  "fields": {
    "number": "8284970093"
  },
  "model": "hwdoc.phone",
  "pk": 148
},
{
  "fields": {
    "number": "3433946509"
  },
  "model": "hwdoc.phone",
  "pk": 149
},
{
  "fields": {
    "number": "0221232995"
  },
  "model": "hwdoc.phone",
  "pk": 150
},
{
  "fields": {
    "number": "8414371519"
  },
  "model": "hwdoc.phone",
  "pk": 151
},
{
  "fields": {
    "number": "7245216933"
  },
  "model": "hwdoc.phone",
  "pk": 152
},
{
  "fields": {
    "number": "2054812957"
  },
  "model": "hwdoc.phone",
  "pk": 153
},
{
  "fields": {
    "number": "8070721869"
  },
  "model": "hwdoc.phone",
  "pk": 154
},
{
  "fields": {
    "number": "6294760178"
  },
  "model": "hwdoc.phone",
  "pk": 155
},
{
  "fields": {
    "number": "1415527978"
  },
  "model": "hwdoc.phone",
  "pk": 156
},
{
  "fields": {
    "number": "7775600733"
  },
  "model": "hwdoc.phone",
  "pk": 157
},
{
  "fields": {
    "number": "6262909086"
  },
  "model": "hwdoc.phone",
  "pk": 158
},
{
  "fields": {
    "number": "9411844506"
  },
  "model": "hwdoc.phone",
  "pk": 159
},
{
  "fields": {
    "number": "6497599918"
  },
  "model": "hwdoc.phone",
  "pk": 160
},
{
  "fields": {
    "phones": [
      144,
      150
    ],
    "surname": "G1euvm2kg",
    "name": "H852m",
    "emails": [
      146,
      151
    ]
  },
  "model": "hwdoc.person",
  "pk": 141
},
{
  "fields": {
    "phones": [
      158
    ],
    "surname": "Odci8rvkd",
    "name": "Osq4sui",
    "emails": [
      150
    ]
  },
  "model": "hwdoc.person",
  "pk": 142
},
{
  "fields": {
    "phones": [
      152
    ],
    "surname": "9ug7pu4",
    "name": "Y0s",
    "emails": [
      160
    ]
  },
  "model": "hwdoc.person",
  "pk": 143
},
{
  "fields": {
    "phones": [
      152
    ],
    "surname": "Xeu0ht71f",
    "name": "666nhr",
    "emails": [
      146
    ]
  },
  "model": "hwdoc.person",
  "pk": 144
},
{
  "fields": {
    "phones": [
      141,
      145
    ],
    "surname": "Qtf53oy6h",
    "name": "B0k1b6f",
    "emails": [
      160
    ]
  },
  "model": "hwdoc.person",
  "pk": 145
},
{
  "fields": {
    "phones": [
      144,
      148
    ],
    "surname": "Ijyj73l",
    "name": "Gbkh",
    "emails": [
      145,
      152
    ]
  },
  "model": "hwdoc.person",
  "pk": 146
},
{
  "fields": {
    "phones": [
      160
    ],
    "surname": "Adxiws0u",
    "name": "Vb59",
    "emails": [
      151
    ]
  },
  "model": "hwdoc.person",
  "pk": 147
},
{
  "fields": {
    "phones": [
      150,
      152
    ],
    "surname": "O3w",
    "name": "2b8k",
    "emails": [
      160
    ]
  },
  "model": "hwdoc.person",
  "pk": 148
},
{
  "fields": {
    "phones": [
      151,
      153,
      156
    ],
    "surname": "S49",
    "name": "Amnj2",
    "emails": [
      145,
      152
    ]
  },
  "model": "hwdoc.person",
  "pk": 149
},
{
  "fields": {
    "phones": [
      147,
      148
    ],
    "surname": "Tq86i1",
    "name": "Vbhy8u",
    "emails": [
      148
    ]
  },
  "model": "hwdoc.person",
  "pk": 150
},
{
  "fields": {
    "phones": [
      147,
      152
    ],
    "surname": "Q6w",
    "name": "5d5yy",
    "emails": [
      146,
      153
    ]
  },
  "model": "hwdoc.person",
  "pk": 151
},
{
  "fields": {
    "phones": [
      142,
      147,
      159
    ],
    "surname": "Sfn5e4",
    "name": "Fsbr",
    "emails": [
      145
    ]
  },
  "model": "hwdoc.person",
  "pk": 152
},
{
  "fields": {
    "phones": [
      158
    ],
    "surname": "Xnajp4nz",
    "name": "57p",
    "emails": [
      149,
      152
    ]
  },
  "model": "hwdoc.person",
  "pk": 153
},
{
  "fields": {
    "phones": [
      142
    ],
    "surname": "W87",
    "name": "1f2",
    "emails": [
      141,
      143
    ]
  },
  "model": "hwdoc.person",
  "pk": 154
},
{
  "fields": {
    "phones": [
      143,
      148,
      157
    ],
    "surname": "Dk48vtv",
    "name": "Cde7h3",
    "emails": [
      143
    ]
  },
  "model": "hwdoc.person",
  "pk": 155
},
{
  "fields": {
    "phones": [
      148
    ],
    "surname": "Iyoh",
    "name": "Vuw793a",
    "emails": [
      148
    ]
  },
  "model": "hwdoc.person",
  "pk": 156
},
{
  "fields": {
    "phones": [
      147,
      158
    ],
    "surname": "Cwpz",
    "name": "F97",
    "emails": [
      147,
      149
    ]
  },
  "model": "hwdoc.person",
  "pk": 157
},
{
  "fields": {
    "phones": [
      149
    ],
    "surname": "Xvfovuk",
    "name": "Uzqy",
    "emails": [
      144,
      156
    ]
  },
  "model": "hwdoc.person",
  "pk": 158
},
{
  "fields": {
    "phones": [
      148,
      149,
      153
    ],
    "surname": "10a8gmtp",
    "name": "L08sdyzmy",
    "emails": [
      157
    ]
  },
  "model": "hwdoc.person",
  "pk": 159
},
{
  "fields": {
    "phones": [
      146
    ],
    "surname": "Lumgr1",
    "name": "7qw",
    "emails": [
      141,
      144
    ]
  },
  "model": "hwdoc.person",
  "pk": 160
},
{
  "fields": {
    "name": "Bkn7gbnj"
  },
  "model": "hwdoc.project",
  "pk": 141
},
{
  "fields": {
    "name": "S8rbkfuu"
  },
  "model": "hwdoc.project",
  "pk": 142
},
{
  "fields": {
    "name": "T5mw4r"
  },
  "model": "hwdoc.project",
  "pk": 143
},
{
  "fields": {
    "name": "F7tvi11dq4"
  },
  "model": "hwdoc.project",
  "pk": 144
},
{
  "fields": {
    "name": "737s94xi"
  },
  "model": "hwdoc.project",
  "pk": 145
},
{
  "fields": {
    "name": "Zcx85x0fi"
  },
  "model": "hwdoc.project",
  "pk": 146
},
{
  "fields": {
    "name": "53hjg5"
  },
  "model": "hwdoc.project",
  "pk": 147
},
{
  "fields": {
    "name": "Lilyi3mw31"
  },
  "model": "hwdoc.project",
  "pk": 148
},
{
  "fields": {
    "name": "Xs31gcz89h"
  },
  "model": "hwdoc.project",
  "pk": 149
},
{
  "fields": {
    "name": "T3oqfo"
  },
  "model": "hwdoc.project",
  "pk": 150
},
{
  "fields": {
    "name": "Nrqra4cx2"
  },
  "model": "hwdoc.project",
  "pk": 151
},
{
  "fields": {
    "name": "C3wcwvjg"
  },
  "model": "hwdoc.project",
  "pk": 152
},
{
  "fields": {
    "name": "Zs5dh8cig"
  },
  "model": "hwdoc.project",
  "pk": 153
},
{
  "fields": {
    "name": "7ytuot"
  },
  "model": "hwdoc.project",
  "pk": 154
},
{
  "fields": {
    "name": "Cqfvih"
  },
  "model": "hwdoc.project",
  "pk": 155
},
{
  "fields": {
    "name": "Eagjj61"
  },
  "model": "hwdoc.project",
  "pk": 156
},
{
  "fields": {
    "name": "Jajmkcs"
  },
  "model": "hwdoc.project",
  "pk": 157
},
{
  "fields": {
    "name": "Nstyde"
  },
  "model": "hwdoc.project",
  "pk": 158
},
{
  "fields": {
    "name": "G33ygkcfeh"
  },
  "model": "hwdoc.project",
  "pk": 159
},
{
  "fields": {
    "name": "51q7rj8c"
  },
  "model": "hwdoc.project",
  "pk": 160
},
{
  "fields": {
    "project": 141,
    "person": 142,
    "role": "manager"
  },
  "model": "hwdoc.role",
  "pk": 87
},
{
  "fields": {
    "project": 143,
    "person": 148,
    "role": "manager"
  },
  "model": "hwdoc.role",
  "pk": 88
},
{
  "fields": {
    "project": 147,
    "person": 144,
    "role": "manager"
  },
  "model": "hwdoc.role",
  "pk": 89
},
{
  "fields": {
    "project": 148,
    "person": 144,
    "role": "manager"
  },
  "model": "hwdoc.role",
  "pk": 90
},
{
  "fields": {
    "project": 150,
    "person": 156,
    "role": "manager"
  },
  "model": "hwdoc.role",
  "pk": 91
},
{
  "fields": {
    "project": 151,
    "person": 156,
    "role": "manager"
  },
  "model": "hwdoc.role",
  "pk": 92
},
{
  "fields": {
    "project": 153,
    "person": 143,
    "role": "manager"
  },
  "model": "hwdoc.role",
  "pk": 93
},
{
  "fields": {
    "project": 154,
    "person": 149,
    "role": "manager"
  },
  "model": "hwdoc.role",
  "pk": 94
},
{
  "fields": {
    "project": 156,
    "person": 152,
    "role": "manager"
  },
  "model": "hwdoc.role",
  "pk": 95
},
{
  "fields": {
    "project": 157,
    "person": 141,
    "role": "manager"
  },
  "model": "hwdoc.role",
  "pk": 96
},
{
  "fields": {
    "project": 159,
    "person": 160,
    "role": "manager"
  },
  "model": "hwdoc.role",
  "pk": 97
},
{
  "fields": {
    "name": "769jtgw1"
  },
  "model": "hwdoc.datacenter",
  "pk": 36
},
{
  "fields": {
    "name": "Q0pryml9"
  },
  "model": "hwdoc.datacenter",
  "pk": 37
},
{
  "fields": {
    "name": "Utwj5w4pwb"
  },
  "model": "hwdoc.datacenter",
  "pk": 38
},
{
  "fields": {
    "name": "1v52eezq"
  },
  "model": "hwdoc.datacenter",
  "pk": 39
},
{
  "fields": {
    "name": "59npyl3s"
  },
  "model": "hwdoc.datacenter",
  "pk": 40
},
{
  "fields": {
    "name": "Dell"
  },
  "model": "hwdoc.vendor",
  "pk": 36
},
{
  "fields": {
    "name": "Huawei"
  },
  "model": "hwdoc.vendor",
  "pk": 37
},
{
  "fields": {
    "name": "Fujitsu"
  },
  "model": "hwdoc.vendor",
  "pk": 38
},
{
  "fields": {
    "name": "IBM"
  },
  "model": "hwdoc.vendor",
  "pk": 39
},
{
  "fields": {
    "name": "HP"
  },
  "model": "hwdoc.vendor",
  "pk": 40
},
{
  "fields": {
    "min_mounting_depth": 20,
    "vendor": 38,
    "name": "74u49r",
    "inrow_ac": false,
    "height": 52,
    "width": 40,
    "max_mounting_depth": 60
  },
  "model": "hwdoc.rackmodel",
  "pk": 141
},
{
  "fields": {
    "min_mounting_depth": 35,
    "vendor": 36,
    "name": "hsnpif",
    "inrow_ac": false,
    "height": 40,
    "width": 40,
    "max_mounting_depth": 60
  },
  "model": "hwdoc.rackmodel",
  "pk": 142
},
{
  "fields": {
    "min_mounting_depth": 35,
    "vendor": 36,
    "name": "alocbx7h3t",
    "inrow_ac": false,
    "height": 52,
    "width": 40,
    "max_mounting_depth": 50
  },
  "model": "hwdoc.rackmodel",
  "pk": 143
},
{
  "fields": {
    "min_mounting_depth": 40,
    "vendor": 37,
    "name": "errtwhlu",
    "inrow_ac": false,
    "height": 40,
    "width": 50,
    "max_mounting_depth": 60
  },
  "model": "hwdoc.rackmodel",
  "pk": 144
},
{
  "fields": {
    "min_mounting_depth": 25,
    "vendor": 39,
    "name": "nz85rq0u61",
    "inrow_ac": true,
    "height": 30,
    "width": 40,
    "max_mounting_depth": 60
  },
  "model": "hwdoc.rackmodel",
  "pk": 145
},
{
  "fields": {
    "min_mounting_depth": 40,
    "vendor": 39,
    "name": "nizzjw9f",
    "inrow_ac": false,
    "height": 50,
    "width": 40,
    "max_mounting_depth": 40
  },
  "model": "hwdoc.rackmodel",
  "pk": 146
},
{
  "fields": {
    "min_mounting_depth": 20,
    "vendor": 40,
    "name": "m7vntv6z",
    "inrow_ac": false,
    "height": 40,
    "width": 40,
    "max_mounting_depth": 60
  },
  "model": "hwdoc.rackmodel",
  "pk": 147
},
{
  "fields": {
    "min_mounting_depth": 35,
    "vendor": 36,
    "name": "4k3wlwt",
    "inrow_ac": false,
    "height": 50,
    "width": 60,
    "max_mounting_depth": 50
  },
  "model": "hwdoc.rackmodel",
  "pk": 148
},
{
  "fields": {
    "min_mounting_depth": 25,
    "vendor": 37,
    "name": "s92ffs",
    "inrow_ac": false,
    "height": 30,
    "width": 40,
    "max_mounting_depth": 40
  },
  "model": "hwdoc.rackmodel",
  "pk": 149
},
{
  "fields": {
    "min_mounting_depth": 25,
    "vendor": 36,
    "name": "642tpfcpb7",
    "inrow_ac": false,
    "height": 30,
    "width": 50,
    "max_mounting_depth": 50
  },
  "model": "hwdoc.rackmodel",
  "pk": 150
},
{
  "fields": {
    "min_mounting_depth": 35,
    "vendor": 40,
    "name": "nydn2b60d",
    "inrow_ac": false,
    "height": 52,
    "width": 60,
    "max_mounting_depth": 40
  },
  "model": "hwdoc.rackmodel",
  "pk": 151
},
{
  "fields": {
    "min_mounting_depth": 40,
    "vendor": 36,
    "name": "j7l7k4j67",
    "inrow_ac": false,
    "height": 40,
    "width": 50,
    "max_mounting_depth": 40
  },
  "model": "hwdoc.rackmodel",
  "pk": 152
},
{
  "fields": {
    "min_mounting_depth": 40,
    "vendor": 38,
    "name": "hkp6ielbzs",
    "inrow_ac": false,
    "height": 52,
    "width": 40,
    "max_mounting_depth": 60
  },
  "model": "hwdoc.rackmodel",
  "pk": 153
},
{
  "fields": {
    "min_mounting_depth": 35,
    "vendor": 37,
    "name": "bv0lumax",
    "inrow_ac": true,
    "height": 52,
    "width": 50,
    "max_mounting_depth": 60
  },
  "model": "hwdoc.rackmodel",
  "pk": 154
},
{
  "fields": {
    "min_mounting_depth": 20,
    "vendor": 40,
    "name": "4icwbk",
    "inrow_ac": false,
    "height": 30,
    "width": 60,
    "max_mounting_depth": 50
  },
  "model": "hwdoc.rackmodel",
  "pk": 155
},
{
  "fields": {
    "min_mounting_depth": 20,
    "vendor": 36,
    "name": "q7y7yrlcz",
    "inrow_ac": true,
    "height": 50,
    "width": 40,
    "max_mounting_depth": 60
  },
  "model": "hwdoc.rackmodel",
  "pk": 156
},
{
  "fields": {
    "min_mounting_depth": 35,
    "vendor": 38,
    "name": "lt0zrrx8",
    "inrow_ac": false,
    "height": 52,
    "width": 40,
    "max_mounting_depth": 50
  },
  "model": "hwdoc.rackmodel",
  "pk": 157
},
{
  "fields": {
    "min_mounting_depth": 20,
    "vendor": 37,
    "name": "xexjch3foc",
    "inrow_ac": true,
    "height": 52,
    "width": 60,
    "max_mounting_depth": 50
  },
  "model": "hwdoc.rackmodel",
  "pk": 158
},
{
  "fields": {
    "min_mounting_depth": 25,
    "vendor": 38,
    "name": "cev9w4h",
    "inrow_ac": false,
    "height": 50,
    "width": 40,
    "max_mounting_depth": 60
  },
  "model": "hwdoc.rackmodel",
  "pk": 159
},
{
  "fields": {
    "min_mounting_depth": 35,
    "vendor": 37,
    "name": "57x2artg",
    "inrow_ac": false,
    "height": 40,
    "width": 60,
    "max_mounting_depth": 50
  },
  "model": "hwdoc.rackmodel",
  "pk": 160
},
{
  "fields": {
    "model": 149,
    "name": "R1NFV34W",
    "mounted_depth": 60
  },
  "model": "hwdoc.rack",
  "pk": 561
},
{
  "fields": {
    "model": 156,
    "name": "M1ND",
    "mounted_depth": 60
  },
  "model": "hwdoc.rack",
  "pk": 562
},
{
  "fields": {
    "model": 145,
    "name": "I6B97",
    "mounted_depth": 60
  },
  "model": "hwdoc.rack",
  "pk": 563
},
{
  "fields": {
    "model": 141,
    "name": "K4DI5",
    "mounted_depth": 60
  },
  "model": "hwdoc.rack",
  "pk": 564
},
{
  "fields": {
    "model": 158,
    "name": "8HDXOPR",
    "mounted_depth": 60
  },
  "model": "hwdoc.rack",
  "pk": 565
},
{
  "fields": {
    "model": 150,
    "name": "0B83",
    "mounted_depth": 60
  },
  "model": "hwdoc.rack",
  "pk": 566
},
{
  "fields": {
    "model": 159,
    "name": "2F89WTRX",
    "mounted_depth": 60
  },
  "model": "hwdoc.rack",
  "pk": 567
},
{
  "fields": {
    "model": 157,
    "name": "QGKM8C",
    "mounted_depth": 60
  },
  "model": "hwdoc.rack",
  "pk": 568
},
{
  "fields": {
    "model": 143,
    "name": "Q7WC",
    "mounted_depth": 60
  },
  "model": "hwdoc.rack",
  "pk": 569
},
{
  "fields": {
    "model": 151,
    "name": "QUDW8OSN",
    "mounted_depth": 60
  },
  "model": "hwdoc.rack",
  "pk": 570
},
{
  "fields": {
    "model": 155,
    "name": "NLR28MYD",
    "mounted_depth": 60
  },
  "model": "hwdoc.rack",
  "pk": 571
},
{
  "fields": {
    "model": 142,
    "name": "A32II2",
    "mounted_depth": 60
  },
  "model": "hwdoc.rack",
  "pk": 572
},
{
  "fields": {
    "model": 141,
    "name": "IQI2RKQ",
    "mounted_depth": 60
  },
  "model": "hwdoc.rack",
  "pk": 573
},
{
  "fields": {
    "model": 141,
    "name": "AL6CP",
    "mounted_depth": 60
  },
  "model": "hwdoc.rack",
  "pk": 574
},
{
  "fields": {
    "model": 158,
    "name": "8TX0",
    "mounted_depth": 60
  },
  "model": "hwdoc.rack",
  "pk": 575
},
{
  "fields": {
    "model": 146,
    "name": "AMDF",
    "mounted_depth": 60
  },
  "model": "hwdoc.rack",
  "pk": 576
},
{
  "fields": {
    "model": 144,
    "name": "RP62VRE",
    "mounted_depth": 60
  },
  "model": "hwdoc.rack",
  "pk": 577
},
{
  "fields": {
    "model": 147,
    "name": "7O30",
    "mounted_depth": 60
  },
  "model": "hwdoc.rack",
  "pk": 578
},
{
  "fields": {
    "model": 157,
    "name": "Q4JVA",
    "mounted_depth": 60
  },
  "model": "hwdoc.rack",
  "pk": 579
},
{
  "fields": {
    "model": 147,
    "name": "T0PM1R1",
    "mounted_depth": 60
  },
  "model": "hwdoc.rack",
  "pk": 580
},
{
  "fields": {
    "model": 158,
    "name": "ZQPGL",
    "mounted_depth": 60
  },
  "model": "hwdoc.rack",
  "pk": 581
},
{
  "fields": {
    "model": 141,
    "name": "E7JU9M",
    "mounted_depth": 60
  },
  "model": "hwdoc.rack",
  "pk": 582
},
{
  "fields": {
    "model": 152,
    "name": "GU5RW",
    "mounted_depth": 60
  },
  "model": "hwdoc.rack",
  "pk": 583
},
{
  "fields": {
    "model": 152,
    "name": "SV4F",
    "mounted_depth": 60
  },
  "model": "hwdoc.rack",
  "pk": 584
},
{
  "fields": {
    "model": 158,
    "name": "SD74U5R",
    "mounted_depth": 60
  },
  "model": "hwdoc.rack",
  "pk": 585
},
{
  "fields": {
    "model": 157,
    "name": "IN9G29P",
    "mounted_depth": 60
  },
  "model": "hwdoc.rack",
  "pk": 586
},
{
  "fields": {
    "model": 146,
    "name": "F58Q4MB",
    "mounted_depth": 60
  },
  "model": "hwdoc.rack",
  "pk": 587
},
{
  "fields": {
    "model": 154,
    "name": "OHEDQBPW",
    "mounted_depth": 60
  },
  "model": "hwdoc.rack",
  "pk": 588
},
{
  "fields": {
    "model": 155,
    "name": "08X98PO",
    "mounted_depth": 60
  },
  "model": "hwdoc.rack",
  "pk": 589
},
{
  "fields": {
    "model": 152,
    "name": "99K68",
    "mounted_depth": 60
  },
  "model": "hwdoc.rack",
  "pk": 590
},
{
  "fields": {
    "model": 147,
    "name": "9CEU",
    "mounted_depth": 60
  },
  "model": "hwdoc.rack",
  "pk": 591
},
{
  "fields": {
    "model": 160,
    "name": "A5OQ5",
    "mounted_depth": 60
  },
  "model": "hwdoc.rack",
  "pk": 592
},
{
  "fields": {
    "model": 160,
    "name": "YD7FN",
    "mounted_depth": 60
  },
  "model": "hwdoc.rack",
  "pk": 593
},
{
  "fields": {
    "model": 145,
    "name": "27XV9",
    "mounted_depth": 60
  },
  "model": "hwdoc.rack",
  "pk": 594
},
{
  "fields": {
    "model": 152,
    "name": "2Z0F",
    "mounted_depth": 60
  },
  "model": "hwdoc.rack",
  "pk": 595
},
{
  "fields": {
    "model": 152,
    "name": "LI1LX5Y",
    "mounted_depth": 60
  },
  "model": "hwdoc.rack",
  "pk": 596
},
{
  "fields": {
    "model": 148,
    "name": "KA5M5",
    "mounted_depth": 60
  },
  "model": "hwdoc.rack",
  "pk": 597
},
{
  "fields": {
    "model": 142,
    "name": "4CEF8OHN",
    "mounted_depth": 60
  },
  "model": "hwdoc.rack",
  "pk": 598
},
{
  "fields": {
    "model": 146,
    "name": "TTXLG",
    "mounted_depth": 60
  },
  "model": "hwdoc.rack",
  "pk": 599
},
{
  "fields": {
    "model": 147,
    "name": "3PYE",
    "mounted_depth": 60
  },
  "model": "hwdoc.rack",
  "pk": 600
},
{
  "fields": {
    "model": 159,
    "name": "NXZH5",
    "mounted_depth": 60
  },
  "model": "hwdoc.rack",
  "pk": 601
},
{
  "fields": {
    "model": 152,
    "name": "TIPHX",
    "mounted_depth": 60
  },
  "model": "hwdoc.rack",
  "pk": 602
},
{
  "fields": {
    "model": 156,
    "name": "0L7UI",
    "mounted_depth": 60
  },
  "model": "hwdoc.rack",
  "pk": 603
},
{
  "fields": {
    "model": 148,
    "name": "86I8L1Z9",
    "mounted_depth": 60
  },
  "model": "hwdoc.rack",
  "pk": 604
},
{
  "fields": {
    "model": 151,
    "name": "VLKV",
    "mounted_depth": 60
  },
  "model": "hwdoc.rack",
  "pk": 605
},
{
  "fields": {
    "model": 155,
    "name": "FPFNJOTG",
    "mounted_depth": 60
  },
  "model": "hwdoc.rack",
  "pk": 606
},
{
  "fields": {
    "model": 160,
    "name": "QPB2R1ST",
    "mounted_depth": 60
  },
  "model": "hwdoc.rack",
  "pk": 607
},
{
  "fields": {
    "model": 144,
    "name": "SID1",
    "mounted_depth": 60
  },
  "model": "hwdoc.rack",
  "pk": 608
},
{
  "fields": {
    "model": 155,
    "name": "GEZ8ITO9",
    "mounted_depth": 60
  },
  "model": "hwdoc.rack",
  "pk": 609
},
{
  "fields": {
    "model": 155,
    "name": "M9M82S6",
    "mounted_depth": 60
  },
  "model": "hwdoc.rack",
  "pk": 610
},
{
  "fields": {
    "model": 157,
    "name": "77E2",
    "mounted_depth": 60
  },
  "model": "hwdoc.rack",
  "pk": 611
},
{
  "fields": {
    "model": 157,
    "name": "33CS7",
    "mounted_depth": 60
  },
  "model": "hwdoc.rack",
  "pk": 612
},
{
  "fields": {
    "model": 144,
    "name": "T7W4RCAI",
    "mounted_depth": 60
  },
  "model": "hwdoc.rack",
  "pk": 613
},
{
  "fields": {
    "model": 145,
    "name": "ESMHY",
    "mounted_depth": 60
  },
  "model": "hwdoc.rack",
  "pk": 614
},
{
  "fields": {
    "model": 144,
    "name": "O5I398R",
    "mounted_depth": 60
  },
  "model": "hwdoc.rack",
  "pk": 615
},
{
  "fields": {
    "model": 150,
    "name": "E2SPXFT",
    "mounted_depth": 60
  },
  "model": "hwdoc.rack",
  "pk": 616
},
{
  "fields": {
    "model": 141,
    "name": "DW3CEK",
    "mounted_depth": 60
  },
  "model": "hwdoc.rack",
  "pk": 617
},
{
  "fields": {
    "model": 152,
    "name": "25P837YO",
    "mounted_depth": 60
  },
  "model": "hwdoc.rack",
  "pk": 618
},
{
  "fields": {
    "model": 154,
    "name": "0VIYSLO",
    "mounted_depth": 60
  },
  "model": "hwdoc.rack",
  "pk": 619
},
{
  "fields": {
    "model": 144,
    "name": "HV1BXK",
    "mounted_depth": 60
  },
  "model": "hwdoc.rack",
  "pk": 620
},
{
  "fields": {
    "model": 151,
    "name": "R5HAOUT",
    "mounted_depth": 60
  },
  "model": "hwdoc.rack",
  "pk": 621
},
{
  "fields": {
    "model": 141,
    "name": "CFUL",
    "mounted_depth": 60
  },
  "model": "hwdoc.rack",
  "pk": 622
},
{
  "fields": {
    "model": 152,
    "name": "3N1T8",
    "mounted_depth": 60
  },
  "model": "hwdoc.rack",
  "pk": 623
},
{
  "fields": {
    "model": 151,
    "name": "LQ90YPG",
    "mounted_depth": 60
  },
  "model": "hwdoc.rack",
  "pk": 624
},
{
  "fields": {
    "model": 144,
    "name": "NWCB6GIP",
    "mounted_depth": 60
  },
  "model": "hwdoc.rack",
  "pk": 625
},
{
  "fields": {
    "model": 160,
    "name": "TIW6",
    "mounted_depth": 60
  },
  "model": "hwdoc.rack",
  "pk": 626
},
{
  "fields": {
    "model": 144,
    "name": "HRAJJCT7",
    "mounted_depth": 60
  },
  "model": "hwdoc.rack",
  "pk": 627
},
{
  "fields": {
    "model": 149,
    "name": "PYB2E5J",
    "mounted_depth": 60
  },
  "model": "hwdoc.rack",
  "pk": 628
},
{
  "fields": {
    "model": 157,
    "name": "943HMWS",
    "mounted_depth": 60
  },
  "model": "hwdoc.rack",
  "pk": 629
},
{
  "fields": {
    "model": 144,
    "name": "TY4WHB3C",
    "mounted_depth": 60
  },
  "model": "hwdoc.rack",
  "pk": 630
},
{
  "fields": {
    "model": 155,
    "name": "J29KY",
    "mounted_depth": 60
  },
  "model": "hwdoc.rack",
  "pk": 631
},
{
  "fields": {
    "model": 152,
    "name": "4PIZL5Q7",
    "mounted_depth": 60
  },
  "model": "hwdoc.rack",
  "pk": 632
},
{
  "fields": {
    "model": 143,
    "name": "A0ZQUK",
    "mounted_depth": 60
  },
  "model": "hwdoc.rack",
  "pk": 633
},
{
  "fields": {
    "model": 153,
    "name": "89WQI57",
    "mounted_depth": 60
  },
  "model": "hwdoc.rack",
  "pk": 634
},
{
  "fields": {
    "model": 153,
    "name": "80A1P6S",
    "mounted_depth": 60
  },
  "model": "hwdoc.rack",
  "pk": 635
},
{
  "fields": {
    "model": 158,
    "name": "3Y6HCCZL",
    "mounted_depth": 60
  },
  "model": "hwdoc.rack",
  "pk": 636
},
{
  "fields": {
    "model": 149,
    "name": "C0Q8LGP8",
    "mounted_depth": 60
  },
  "model": "hwdoc.rack",
  "pk": 637
},
{
  "fields": {
    "model": 152,
    "name": "UBSE1",
    "mounted_depth": 60
  },
  "model": "hwdoc.rack",
  "pk": 638
},
{
  "fields": {
    "model": 155,
    "name": "T5PHO",
    "mounted_depth": 60
  },
  "model": "hwdoc.rack",
  "pk": 639
},
{
  "fields": {
    "model": 148,
    "name": "G4GCK0",
    "mounted_depth": 60
  },
  "model": "hwdoc.rack",
  "pk": 640
},
{
  "fields": {
    "name": "L4G2ATSL",
    "dc": 40
  },
  "model": "hwdoc.rackrow",
  "pk": 141
},
{
  "fields": {
    "name": "Y1IKDWAQ0C",
    "dc": 36
  },
  "model": "hwdoc.rackrow",
  "pk": 142
},
{
  "fields": {
    "name": "IYW2E5N",
    "dc": 36
  },
  "model": "hwdoc.rackrow",
  "pk": 143
},
{
  "fields": {
    "name": "JEAYKL",
    "dc": 37
  },
  "model": "hwdoc.rackrow",
  "pk": 144
},
{
  "fields": {
    "name": "OF9YHBVSL",
    "dc": 40
  },
  "model": "hwdoc.rackrow",
  "pk": 145
},
{
  "fields": {
    "name": "NYT5NEV5X",
    "dc": 38
  },
  "model": "hwdoc.rackrow",
  "pk": 146
},
{
  "fields": {
    "name": "DDG55H4J",
    "dc": 39
  },
  "model": "hwdoc.rackrow",
  "pk": 147
},
{
  "fields": {
    "name": "RYIUGG50",
    "dc": 36
  },
  "model": "hwdoc.rackrow",
  "pk": 148
},
{
  "fields": {
    "name": "P481D1",
    "dc": 38
  },
  "model": "hwdoc.rackrow",
  "pk": 149
},
{
  "fields": {
    "name": "NWO7BEQG",
    "dc": 37
  },
  "model": "hwdoc.rackrow",
  "pk": 150
},
{
  "fields": {
    "name": "QM9SP6",
    "dc": 38
  },
  "model": "hwdoc.rackrow",
  "pk": 151
},
{
  "fields": {
    "name": "IS7GOZS8WH",
    "dc": 38
  },
  "model": "hwdoc.rackrow",
  "pk": 152
},
{
  "fields": {
    "name": "NP96Z67EGW",
    "dc": 40
  },
  "model": "hwdoc.rackrow",
  "pk": 153
},
{
  "fields": {
    "name": "WJQOFVL",
    "dc": 40
  },
  "model": "hwdoc.rackrow",
  "pk": 154
},
{
  "fields": {
    "name": "IROSI7",
    "dc": 37
  },
  "model": "hwdoc.rackrow",
  "pk": 155
},
{
  "fields": {
    "name": "NC76NR6OO2",
    "dc": 36
  },
  "model": "hwdoc.rackrow",
  "pk": 156
},
{
  "fields": {
    "name": "JPPOZTOHSL",
    "dc": 36
  },
  "model": "hwdoc.rackrow",
  "pk": 157
},
{
  "fields": {
    "name": "VWWR6L",
    "dc": 36
  },
  "model": "hwdoc.rackrow",
  "pk": 158
},
{
  "fields": {
    "name": "FT9TEJ",
    "dc": 37
  },
  "model": "hwdoc.rackrow",
  "pk": 159
},
{
  "fields": {
    "name": "XVDM0GTKJ",
    "dc": 40
  },
  "model": "hwdoc.rackrow",
  "pk": 160
},
{
  "fields": {
    "name": "Qdqioz",
    "dc": 39
  },
  "model": "hwdoc.storage",
  "pk": 3
},
{
  "fields": {
    "name": "Uwpc2q38wh",
    "dc": 39
  },
  "model": "hwdoc.storage",
  "pk": 4
},
{
  "fields": {
    "name": "8jj9b53",
    "dc": 36
  },
  "model": "hwdoc.storage",
  "pk": 5
},
{
  "fields": {
    "name": "Rog4h3",
    "dc": 39
  },
  "model": "hwdoc.storage",
  "pk": 6
},
{
  "fields": {
    "name": "Xwj77q5h",
    "dc": 40
  },
  "model": "hwdoc.storage",
  "pk": 7
},
{
  "fields": {
    "name": "1sm290l",
    "dc": 40
  },
  "model": "hwdoc.storage",
  "pk": 8
},
{
  "fields": {
    "name": "2jgo1h2a1",
    "dc": 38
  },
  "model": "hwdoc.storage",
  "pk": 9
},
{
  "fields": {
    "position": 6,
    "rack": 561,
    "rr": 160
  },
  "model": "hwdoc.rackposition",
  "pk": 561
},
{
  "fields": {
    "position": 1,
    "rack": 562,
    "rr": 141
  },
  "model": "hwdoc.rackposition",
  "pk": 562
},
{
  "fields": {
    "position": 7,
    "rack": 563,
    "rr": 152
  },
  "model": "hwdoc.rackposition",
  "pk": 563
},
{
  "fields": {
    "position": 2,
    "rack": 564,
    "rr": 154
  },
  "model": "hwdoc.rackposition",
  "pk": 564
},
{
  "fields": {
    "position": 1,
    "rack": 565,
    "rr": 142
  },
  "model": "hwdoc.rackposition",
  "pk": 565
},
{
  "fields": {
    "position": 2,
    "rack": 566,
    "rr": 142
  },
  "model": "hwdoc.rackposition",
  "pk": 566
},
{
  "fields": {
    "position": 1,
    "rack": 567,
    "rr": 159
  },
  "model": "hwdoc.rackposition",
  "pk": 567
},
{
  "fields": {
    "position": 8,
    "rack": 568,
    "rr": 154
  },
  "model": "hwdoc.rackposition",
  "pk": 568
},
{
  "fields": {
    "position": 6,
    "rack": 569,
    "rr": 156
  },
  "model": "hwdoc.rackposition",
  "pk": 569
},
{
  "fields": {
    "position": 1,
    "rack": 570,
    "rr": 143
  },
  "model": "hwdoc.rackposition",
  "pk": 570
},
{
  "fields": {
    "position": 8,
    "rack": 571,
    "rr": 151
  },
  "model": "hwdoc.rackposition",
  "pk": 571
},
{
  "fields": {
    "position": 7,
    "rack": 572,
    "rr": 160
  },
  "model": "hwdoc.rackposition",
  "pk": 572
},
{
  "fields": {
    "position": 0,
    "rack": 573,
    "rr": 154
  },
  "model": "hwdoc.rackposition",
  "pk": 573
},
{
  "fields": {
    "position": 5,
    "rack": 574,
    "rr": 153
  },
  "model": "hwdoc.rackposition",
  "pk": 574
},
{
  "fields": {
    "position": 6,
    "rack": 575,
    "rr": 149
  },
  "model": "hwdoc.rackposition",
  "pk": 575
},
{
  "fields": {
    "position": 3,
    "rack": 576,
    "rr": 150
  },
  "model": "hwdoc.rackposition",
  "pk": 576
},
{
  "fields": {
    "position": 7,
    "rack": 577,
    "rr": 146
  },
  "model": "hwdoc.rackposition",
  "pk": 577
},
{
  "fields": {
    "position": 5,
    "rack": 578,
    "rr": 157
  },
  "model": "hwdoc.rackposition",
  "pk": 578
},
{
  "fields": {
    "position": 7,
    "rack": 579,
    "rr": 160
  },
  "model": "hwdoc.rackposition",
  "pk": 579
},
{
  "fields": {
    "position": 1,
    "rack": 580,
    "rr": 157
  },
  "model": "hwdoc.rackposition",
  "pk": 580
},
{
  "fields": {
    "position": 5,
    "rack": 581,
    "rr": 146
  },
  "model": "hwdoc.rackposition",
  "pk": 581
},
{
  "fields": {
    "position": 7,
    "rack": 582,
    "rr": 153
  },
  "model": "hwdoc.rackposition",
  "pk": 582
},
{
  "fields": {
    "position": 4,
    "rack": 583,
    "rr": 146
  },
  "model": "hwdoc.rackposition",
  "pk": 583
},
{
  "fields": {
    "position": 8,
    "rack": 584,
    "rr": 155
  },
  "model": "hwdoc.rackposition",
  "pk": 584
},
{
  "fields": {
    "position": 1,
    "rack": 585,
    "rr": 143
  },
  "model": "hwdoc.rackposition",
  "pk": 585
},
{
  "fields": {
    "position": 5,
    "rack": 586,
    "rr": 143
  },
  "model": "hwdoc.rackposition",
  "pk": 586
},
{
  "fields": {
    "position": 2,
    "rack": 587,
    "rr": 149
  },
  "model": "hwdoc.rackposition",
  "pk": 587
},
{
  "fields": {
    "position": 1,
    "rack": 588,
    "rr": 160
  },
  "model": "hwdoc.rackposition",
  "pk": 588
},
{
  "fields": {
    "position": 8,
    "rack": 589,
    "rr": 156
  },
  "model": "hwdoc.rackposition",
  "pk": 589
},
{
  "fields": {
    "position": 6,
    "rack": 590,
    "rr": 153
  },
  "model": "hwdoc.rackposition",
  "pk": 590
},
{
  "fields": {
    "position": 1,
    "rack": 591,
    "rr": 154
  },
  "model": "hwdoc.rackposition",
  "pk": 591
},
{
  "fields": {
    "position": 8,
    "rack": 592,
    "rr": 158
  },
  "model": "hwdoc.rackposition",
  "pk": 592
},
{
  "fields": {
    "position": 0,
    "rack": 593,
    "rr": 153
  },
  "model": "hwdoc.rackposition",
  "pk": 593
},
{
  "fields": {
    "position": 7,
    "rack": 594,
    "rr": 160
  },
  "model": "hwdoc.rackposition",
  "pk": 594
},
{
  "fields": {
    "position": 4,
    "rack": 595,
    "rr": 160
  },
  "model": "hwdoc.rackposition",
  "pk": 595
},
{
  "fields": {
    "position": 3,
    "rack": 596,
    "rr": 147
  },
  "model": "hwdoc.rackposition",
  "pk": 596
},
{
  "fields": {
    "position": 0,
    "rack": 597,
    "rr": 142
  },
  "model": "hwdoc.rackposition",
  "pk": 597
},
{
  "fields": {
    "position": 6,
    "rack": 598,
    "rr": 157
  },
  "model": "hwdoc.rackposition",
  "pk": 598
},
{
  "fields": {
    "position": 2,
    "rack": 599,
    "rr": 155
  },
  "model": "hwdoc.rackposition",
  "pk": 599
},
{
  "fields": {
    "position": 7,
    "rack": 600,
    "rr": 146
  },
  "model": "hwdoc.rackposition",
  "pk": 600
},
{
  "fields": {
    "position": 4,
    "rack": 601,
    "rr": 142
  },
  "model": "hwdoc.rackposition",
  "pk": 601
},
{
  "fields": {
    "position": 3,
    "rack": 602,
    "rr": 160
  },
  "model": "hwdoc.rackposition",
  "pk": 602
},
{
  "fields": {
    "position": 2,
    "rack": 603,
    "rr": 156
  },
  "model": "hwdoc.rackposition",
  "pk": 603
},
{
  "fields": {
    "position": 5,
    "rack": 604,
    "rr": 153
  },
  "model": "hwdoc.rackposition",
  "pk": 604
},
{
  "fields": {
    "position": 1,
    "rack": 605,
    "rr": 156
  },
  "model": "hwdoc.rackposition",
  "pk": 605
},
{
  "fields": {
    "position": 0,
    "rack": 606,
    "rr": 147
  },
  "model": "hwdoc.rackposition",
  "pk": 606
},
{
  "fields": {
    "position": 1,
    "rack": 607,
    "rr": 146
  },
  "model": "hwdoc.rackposition",
  "pk": 607
},
{
  "fields": {
    "position": 7,
    "rack": 608,
    "rr": 151
  },
  "model": "hwdoc.rackposition",
  "pk": 608
},
{
  "fields": {
    "position": 6,
    "rack": 609,
    "rr": 145
  },
  "model": "hwdoc.rackposition",
  "pk": 609
},
{
  "fields": {
    "position": 5,
    "rack": 610,
    "rr": 160
  },
  "model": "hwdoc.rackposition",
  "pk": 610
},
{
  "fields": {
    "position": 8,
    "rack": 611,
    "rr": 159
  },
  "model": "hwdoc.rackposition",
  "pk": 611
},
{
  "fields": {
    "position": 8,
    "rack": 612,
    "rr": 156
  },
  "model": "hwdoc.rackposition",
  "pk": 612
},
{
  "fields": {
    "position": 8,
    "rack": 613,
    "rr": 142
  },
  "model": "hwdoc.rackposition",
  "pk": 613
},
{
  "fields": {
    "position": 6,
    "rack": 614,
    "rr": 157
  },
  "model": "hwdoc.rackposition",
  "pk": 614
},
{
  "fields": {
    "position": 2,
    "rack": 615,
    "rr": 141
  },
  "model": "hwdoc.rackposition",
  "pk": 615
},
{
  "fields": {
    "position": 7,
    "rack": 616,
    "rr": 148
  },
  "model": "hwdoc.rackposition",
  "pk": 616
},
{
  "fields": {
    "position": 1,
    "rack": 617,
    "rr": 147
  },
  "model": "hwdoc.rackposition",
  "pk": 617
},
{
  "fields": {
    "position": 2,
    "rack": 618,
    "rr": 141
  },
  "model": "hwdoc.rackposition",
  "pk": 618
},
{
  "fields": {
    "position": 4,
    "rack": 619,
    "rr": 152
  },
  "model": "hwdoc.rackposition",
  "pk": 619
},
{
  "fields": {
    "position": 1,
    "rack": 620,
    "rr": 144
  },
  "model": "hwdoc.rackposition",
  "pk": 620
},
{
  "fields": {
    "position": 7,
    "rack": 621,
    "rr": 150
  },
  "model": "hwdoc.rackposition",
  "pk": 621
},
{
  "fields": {
    "position": 4,
    "rack": 622,
    "rr": 144
  },
  "model": "hwdoc.rackposition",
  "pk": 622
},
{
  "fields": {
    "position": 7,
    "rack": 623,
    "rr": 151
  },
  "model": "hwdoc.rackposition",
  "pk": 623
},
{
  "fields": {
    "position": 6,
    "rack": 624,
    "rr": 143
  },
  "model": "hwdoc.rackposition",
  "pk": 624
},
{
  "fields": {
    "position": 1,
    "rack": 625,
    "rr": 152
  },
  "model": "hwdoc.rackposition",
  "pk": 625
},
{
  "fields": {
    "position": 8,
    "rack": 626,
    "rr": 160
  },
  "model": "hwdoc.rackposition",
  "pk": 626
},
{
  "fields": {
    "position": 5,
    "rack": 627,
    "rr": 143
  },
  "model": "hwdoc.rackposition",
  "pk": 627
},
{
  "fields": {
    "position": 3,
    "rack": 628,
    "rr": 141
  },
  "model": "hwdoc.rackposition",
  "pk": 628
},
{
  "fields": {
    "position": 0,
    "rack": 629,
    "rr": 157
  },
  "model": "hwdoc.rackposition",
  "pk": 629
},
{
  "fields": {
    "position": 5,
    "rack": 630,
    "rr": 145
  },
  "model": "hwdoc.rackposition",
  "pk": 630
},
{
  "fields": {
    "position": 2,
    "rack": 631,
    "rr": 143
  },
  "model": "hwdoc.rackposition",
  "pk": 631
},
{
  "fields": {
    "position": 5,
    "rack": 632,
    "rr": 154
  },
  "model": "hwdoc.rackposition",
  "pk": 632
},
{
  "fields": {
    "position": 0,
    "rack": 633,
    "rr": 143
  },
  "model": "hwdoc.rackposition",
  "pk": 633
},
{
  "fields": {
    "position": 2,
    "rack": 634,
    "rr": 146
  },
  "model": "hwdoc.rackposition",
  "pk": 634
},
{
  "fields": {
    "position": 4,
    "rack": 635,
    "rr": 154
  },
  "model": "hwdoc.rackposition",
  "pk": 635
},
{
  "fields": {
    "position": 5,
    "rack": 636,
    "rr": 149
  },
  "model": "hwdoc.rackposition",
  "pk": 636
},
{
  "fields": {
    "position": 1,
    "rack": 637,
    "rr": 157
  },
  "model": "hwdoc.rackposition",
  "pk": 637
},
{
  "fields": {
    "position": 6,
    "rack": 638,
    "rr": 157
  },
  "model": "hwdoc.rackposition",
  "pk": 638
},
{
  "fields": {
    "position": 8,
    "rack": 639,
    "rr": 143
  },
  "model": "hwdoc.rackposition",
  "pk": 639
},
{
  "fields": {
    "position": 7,
    "rack": 640,
    "rr": 152
  },
  "model": "hwdoc.rackposition",
  "pk": 640
},
{
  "fields": {
    "u": 5,
    "vendor": 37,
    "name": "Proliant DL380"
  },
  "model": "hwdoc.equipmentmodel",
  "pk": 106
},
{
  "fields": {
    "u": 1,
    "vendor": 38,
    "name": "Proliant DL380"
  },
  "model": "hwdoc.equipmentmodel",
  "pk": 107
},
{
  "fields": {
    "u": 9,
    "vendor": 36,
    "name": "PowerEdge 1950"
  },
  "model": "hwdoc.equipmentmodel",
  "pk": 108
},
{
  "fields": {
    "u": 7,
    "vendor": 37,
    "name": "Someother"
  },
  "model": "hwdoc.equipmentmodel",
  "pk": 109
},
{
  "fields": {
    "u": 2,
    "vendor": 40,
    "name": "Someother"
  },
  "model": "hwdoc.equipmentmodel",
  "pk": 110
},
{
  "fields": {
    "u": 8,
    "vendor": 38,
    "name": "Someother"
  },
  "model": "hwdoc.equipmentmodel",
  "pk": 111
},
{
  "fields": {
    "u": 8,
    "vendor": 39,
    "name": "Someother"
  },
  "model": "hwdoc.equipmentmodel",
  "pk": 112
},
{
  "fields": {
    "u": 5,
    "vendor": 39,
    "name": "Proliant DL380"
  },
  "model": "hwdoc.equipmentmodel",
  "pk": 113
},
{
  "fields": {
    "u": 2,
    "vendor": 40,
    "name": "Proliant DL380"
  },
  "model": "hwdoc.equipmentmodel",
  "pk": 114
},
{
  "fields": {
    "u": 6,
    "vendor": 40,
    "name": "PowerEdge 1950"
  },
  "model": "hwdoc.equipmentmodel",
  "pk": 115
},
{
  "fields": {
    "u": 9,
    "vendor": 38,
    "name": "PowerEdge 1950"
  },
  "model": "hwdoc.equipmentmodel",
  "pk": 116
},
{
  "fields": {
    "u": 7,
    "vendor": 39,
    "name": "PowerEdge 1950"
  },
  "model": "hwdoc.equipmentmodel",
  "pk": 117
},
{
  "fields": {
    "u": 4,
    "vendor": 36,
    "name": "Someother"
  },
  "model": "hwdoc.equipmentmodel",
  "pk": 118
},
{
  "fields": {
    "u": 5,
    "vendor": 36,
    "name": "Proliant DL380"
  },
  "model": "hwdoc.equipmentmodel",
  "pk": 119
},
{
  "fields": {
    "u": 1,
    "vendor": 37,
    "name": "PowerEdge 1950"
  },
  "model": "hwdoc.equipmentmodel",
  "pk": 120
},
{
  "fields": {
    "updated": "2015-07-03T07:05:06.080Z",
    "rack_front": true,
    "orientation": "Front",
    "storage": null,
    "comments": "",
    "rack": 583,
    "allocation": 153,
    "added": "2015-07-03T07:05:06.080Z",
    "rack_back": true,
    "purpose": "",
    "rack_interior": true,
    "model": 108,
    "serial": "SFX2H8",
    "unit": 23
  },
  "model": "hwdoc.equipment",
  "pk": 1401
},
{
  "fields": {
    "updated": "2015-07-03T07:05:06.080Z",
    "rack_front": true,
    "orientation": "Front",
    "storage": null,
    "comments": "",
    "rack": null,
    "allocation": null,
    "added": "2015-07-03T07:05:06.080Z",
    "rack_back": true,
    "purpose": "",
    "rack_interior": true,
    "model": 106,
    "serial": "U88KXQ71",
    "unit": null
  },
  "model": "hwdoc.equipment",
  "pk": 1402
},
{
  "fields": {
    "updated": "2015-07-03T07:05:06.080Z",
    "rack_front": true,
    "orientation": "Front",
    "storage": null,
    "comments": "",
    "rack": 600,
    "allocation": null,
    "added": "2015-07-03T07:05:06.080Z",
    "rack_back": true,
    "purpose": "",
    "rack_interior": true,
    "model": 108,
    "serial": "31E1QK8",
    "unit": 5
  },
  "model": "hwdoc.equipment",
  "pk": 1403
},
{
  "fields": {
    "updated": "2015-07-03T07:05:06.080Z",
    "rack_front": true,
    "orientation": "Front",
    "storage": null,
    "comments": "",
    "rack": 602,
    "allocation": 160,
    "added": "2015-07-03T07:05:06.080Z",
    "rack_back": true,
    "purpose": "",
    "rack_interior": true,
    "model": 107,
    "serial": "OHUAOMV",
    "unit": 24
  },
  "model": "hwdoc.equipment",
  "pk": 1404
},
{
  "fields": {
    "updated": "2015-07-03T07:05:06.080Z",
    "rack_front": true,
    "orientation": "Front",
    "storage": null,
    "comments": "",
    "rack": null,
    "allocation": 144,
    "added": "2015-07-03T07:05:06.080Z",
    "rack_back": true,
    "purpose": "",
    "rack_interior": true,
    "model": 112,
    "serial": "V3Q8Y2IHN7ZDW7",
    "unit": null
  },
  "model": "hwdoc.equipment",
  "pk": 1405
},
{
  "fields": {
    "updated": "2015-07-03T07:05:06.080Z",
    "rack_front": true,
    "orientation": "Front",
    "storage": null,
    "comments": "",
    "rack": null,
    "allocation": 141,
    "added": "2015-07-03T07:05:06.080Z",
    "rack_back": true,
    "purpose": "",
    "rack_interior": true,
    "model": 112,
    "serial": "86BB8RLF2MEDSNA",
    "unit": null
  },
  "model": "hwdoc.equipment",
  "pk": 1406
},
{
  "fields": {
    "updated": "2015-07-03T07:05:06.081Z",
    "rack_front": true,
    "orientation": "Front",
    "storage": null,
    "comments": "",
    "rack": null,
    "allocation": 142,
    "added": "2015-07-03T07:05:06.080Z",
    "rack_back": true,
    "purpose": "",
    "rack_interior": true,
    "model": 111,
    "serial": "ZYVMC1",
    "unit": null
  },
  "model": "hwdoc.equipment",
  "pk": 1407
},
{
  "fields": {
    "updated": "2015-07-03T07:05:06.081Z",
    "rack_front": true,
    "orientation": "Front",
    "storage": null,
    "comments": "",
    "rack": 578,
    "allocation": null,
    "added": "2015-07-03T07:05:06.081Z",
    "rack_back": true,
    "purpose": "",
    "rack_interior": true,
    "model": 118,
    "serial": "A2XWQDVQP8",
    "unit": 1
  },
  "model": "hwdoc.equipment",
  "pk": 1408
},
{
  "fields": {
    "updated": "2015-07-03T07:05:06.081Z",
    "rack_front": true,
    "orientation": "Front",
    "storage": null,
    "comments": "",
    "rack": 597,
    "allocation": 146,
    "added": "2015-07-03T07:05:06.081Z",
    "rack_back": true,
    "purpose": "",
    "rack_interior": true,
    "model": 118,
    "serial": "NCZ2QDHUU8I6Q",
    "unit": 37
  },
  "model": "hwdoc.equipment",
  "pk": 1409
},
{
  "fields": {
    "updated": "2015-07-03T07:05:06.081Z",
    "rack_front": true,
    "orientation": "Front",
    "storage": null,
    "comments": "",
    "rack": 586,
    "allocation": 156,
    "added": "2015-07-03T07:05:06.081Z",
    "rack_back": true,
    "purpose": "",
    "rack_interior": true,
    "model": 117,
    "serial": "D3G2CH",
    "unit": 23
  },
  "model": "hwdoc.equipment",
  "pk": 1410
},
{
  "fields": {
    "updated": "2015-07-03T07:05:06.081Z",
    "rack_front": true,
    "orientation": "Front",
    "storage": null,
    "comments": "",
    "rack": null,
    "allocation": 152,
    "added": "2015-07-03T07:05:06.081Z",
    "rack_back": true,
    "purpose": "",
    "rack_interior": true,
    "model": 114,
    "serial": "5X21Y48VKYA",
    "unit": null
  },
  "model": "hwdoc.equipment",
  "pk": 1411
},
{
  "fields": {
    "updated": "2015-07-03T07:05:06.081Z",
    "rack_front": true,
    "orientation": "Front",
    "storage": null,
    "comments": "",
    "rack": 623,
    "allocation": 153,
    "added": "2015-07-03T07:05:06.081Z",
    "rack_back": true,
    "purpose": "",
    "rack_interior": true,
    "model": 109,
    "serial": "MQKBKVSUGTZ",
    "unit": 25
  },
  "model": "hwdoc.equipment",
  "pk": 1412
},
{
  "fields": {
    "updated": "2015-07-03T07:05:06.081Z",
    "rack_front": true,
    "orientation": "Front",
    "storage": null,
    "comments": "",
    "rack": 606,
    "allocation": null,
    "added": "2015-07-03T07:05:06.081Z",
    "rack_back": true,
    "purpose": "",
    "rack_interior": true,
    "model": 110,
    "serial": "2ES01DQL",
    "unit": 25
  },
  "model": "hwdoc.equipment",
  "pk": 1413
},
{
  "fields": {
    "updated": "2015-07-03T07:05:06.081Z",
    "rack_front": true,
    "orientation": "Front",
    "storage": null,
    "comments": "",
    "rack": null,
    "allocation": null,
    "added": "2015-07-03T07:05:06.081Z",
    "rack_back": true,
    "purpose": "",
    "rack_interior": true,
    "model": 112,
    "serial": "GZQ6PSPOSV736F7",
    "unit": null
  },
  "model": "hwdoc.equipment",
  "pk": 1414
},
{
  "fields": {
    "updated": "2015-07-03T07:05:06.081Z",
    "rack_front": true,
    "orientation": "Front",
    "storage": null,
    "comments": "",
    "rack": 624,
    "allocation": 152,
    "added": "2015-07-03T07:05:06.081Z",
    "rack_back": true,
    "purpose": "",
    "rack_interior": true,
    "model": 119,
    "serial": "740VOJ",
    "unit": 1
  },
  "model": "hwdoc.equipment",
  "pk": 1415
},
{
  "fields": {
    "updated": "2015-07-03T07:05:06.081Z",
    "rack_front": true,
    "orientation": "Front",
    "storage": null,
    "comments": "Test comment",
    "rack": 567,
    "allocation": 149,
    "added": "2015-07-03T07:05:06.081Z",
    "rack_back": true,
    "purpose": "",
    "rack_interior": true,
    "model": 110,
    "serial": "IIA84VZQQEPT7",
    "unit": 43
  },
  "model": "hwdoc.equipment",
  "pk": 1416
},
{
  "fields": {
    "updated": "2015-07-03T07:05:06.081Z",
    "rack_front": true,
    "orientation": "Front",
    "storage": null,
    "comments": "",
    "rack": 602,
    "allocation": 143,
    "added": "2015-07-03T07:05:06.081Z",
    "rack_back": true,
    "purpose": "",
    "rack_interior": true,
    "model": 112,
    "serial": "ZTVVXBGX9JQWA88",
    "unit": 4
  },
  "model": "hwdoc.equipment",
  "pk": 1417
},
{
  "fields": {
    "updated": "2015-07-03T07:05:06.081Z",
    "rack_front": true,
    "orientation": "Front",
    "storage": null,
    "comments": "",
    "rack": 604,
    "allocation": null,
    "added": "2015-07-03T07:05:06.081Z",
    "rack_back": true,
    "purpose": "",
    "rack_interior": true,
    "model": 113,
    "serial": "890TCCUXGL83C",
    "unit": 20
  },
  "model": "hwdoc.equipment",
  "pk": 1418
},
{
  "fields": {
    "updated": "2015-07-03T07:05:06.081Z",
    "rack_front": true,
    "orientation": "Front",
    "storage": null,
    "comments": "",
    "rack": null,
    "allocation": null,
    "added": "2015-07-03T07:05:06.081Z",
    "rack_back": true,
    "purpose": "",
    "rack_interior": true,
    "model": 117,
    "serial": "SQ8PXM",
    "unit": null
  },
  "model": "hwdoc.equipment",
  "pk": 1419
},
{
  "fields": {
    "updated": "2015-07-03T07:05:06.081Z",
    "rack_front": true,
    "orientation": "Front",
    "storage": null,
    "comments": "",
    "rack": 621,
    "allocation": 147,
    "added": "2015-07-03T07:05:06.081Z",
    "rack_back": true,
    "purpose": "",
    "rack_interior": true,
    "model": 107,
    "serial": "V101YVTQSUQ",
    "unit": 17
  },
  "model": "hwdoc.equipment",
  "pk": 1420
},
{
  "fields": {
    "updated": "2015-07-03T07:05:06.081Z",
    "rack_front": true,
    "orientation": "Front",
    "storage": null,
    "comments": "",
    "rack": 580,
    "allocation": null,
    "added": "2015-07-03T07:05:06.081Z",
    "rack_back": true,
    "purpose": "",
    "rack_interior": true,
    "model": 109,
    "serial": "EX7A32",
    "unit": 20
  },
  "model": "hwdoc.equipment",
  "pk": 1421
},
{
  "fields": {
    "updated": "2015-07-03T07:05:06.082Z",
    "rack_front": true,
    "orientation": "Front",
    "storage": null,
    "comments": "Test comment",
    "rack": 631,
    "allocation": null,
    "added": "2015-07-03T07:05:06.081Z",
    "rack_back": true,
    "purpose": "",
    "rack_interior": true,
    "model": 120,
    "serial": "ED1L1FS6BY4M4",
    "unit": 19
  },
  "model": "hwdoc.equipment",
  "pk": 1422
},
{
  "fields": {
    "updated": "2015-07-03T07:05:06.082Z",
    "rack_front": true,
    "orientation": "Front",
    "storage": null,
    "comments": "",
    "rack": 631,
    "allocation": 152,
    "added": "2015-07-03T07:05:06.082Z",
    "rack_back": true,
    "purpose": "",
    "rack_interior": true,
    "model": 120,
    "serial": "60XZW7O892STJC",
    "unit": 10
  },
  "model": "hwdoc.equipment",
  "pk": 1423
},
{
  "fields": {
    "updated": "2015-07-03T07:05:06.082Z",
    "rack_front": true,
    "orientation": "Front",
    "storage": null,
    "comments": "",
    "rack": 591,
    "allocation": 153,
    "added": "2015-07-03T07:05:06.082Z",
    "rack_back": true,
    "purpose": "",
    "rack_interior": true,
    "model": 110,
    "serial": "VNEOR6WW1N",
    "unit": 29
  },
  "model": "hwdoc.equipment",
  "pk": 1424
},
{
  "fields": {
    "updated": "2015-07-03T07:05:06.082Z",
    "rack_front": true,
    "orientation": "Front",
    "storage": null,
    "comments": "",
    "rack": 605,
    "allocation": null,
    "added": "2015-07-03T07:05:06.082Z",
    "rack_back": true,
    "purpose": "",
    "rack_interior": true,
    "model": 107,
    "serial": "5AS9XR00",
    "unit": 26
  },
  "model": "hwdoc.equipment",
  "pk": 1425
},
{
  "fields": {
    "updated": "2015-07-03T07:05:06.082Z",
    "rack_front": true,
    "orientation": "Front",
    "storage": null,
    "comments": "Test comment",
    "rack": null,
    "allocation": 141,
    "added": "2015-07-03T07:05:06.082Z",
    "rack_back": true,
    "purpose": "",
    "rack_interior": true,
    "model": 116,
    "serial": "3HHQ7APQZZXTVH",
    "unit": null
  },
  "model": "hwdoc.equipment",
  "pk": 1426
},
{
  "fields": {
    "updated": "2015-07-03T07:05:06.082Z",
    "rack_front": true,
    "orientation": "Front",
    "storage": null,
    "comments": "",
    "rack": 566,
    "allocation": 153,
    "added": "2015-07-03T07:05:06.082Z",
    "rack_back": true,
    "purpose": "",
    "rack_interior": true,
    "model": 114,
    "serial": "QL8O0SSL9U",
    "unit": 11
  },
  "model": "hwdoc.equipment",
  "pk": 1427
},
{
  "fields": {
    "updated": "2015-07-03T07:05:06.082Z",
    "rack_front": true,
    "orientation": "Front",
    "storage": null,
    "comments": "Test comment",
    "rack": 613,
    "allocation": 156,
    "added": "2015-07-03T07:05:06.082Z",
    "rack_back": true,
    "purpose": "",
    "rack_interior": true,
    "model": 114,
    "serial": "OZKWHKX",
    "unit": 39
  },
  "model": "hwdoc.equipment",
  "pk": 1428
},
{
  "fields": {
    "updated": "2015-07-03T07:05:06.082Z",
    "rack_front": true,
    "orientation": "Front",
    "storage": null,
    "comments": "",
    "rack": 602,
    "allocation": 155,
    "added": "2015-07-03T07:05:06.082Z",
    "rack_back": true,
    "purpose": "",
    "rack_interior": true,
    "model": 107,
    "serial": "WQOAK1Y",
    "unit": 13
  },
  "model": "hwdoc.equipment",
  "pk": 1429
},
{
  "fields": {
    "updated": "2015-07-03T07:05:06.082Z",
    "rack_front": true,
    "orientation": "Front",
    "storage": null,
    "comments": "",
    "rack": 605,
    "allocation": 159,
    "added": "2015-07-03T07:05:06.082Z",
    "rack_back": true,
    "purpose": "",
    "rack_interior": true,
    "model": 119,
    "serial": "66G4NI1TLTFS",
    "unit": 27
  },
  "model": "hwdoc.equipment",
  "pk": 1430
},
{
  "fields": {
    "updated": "2015-07-03T07:05:06.082Z",
    "rack_front": true,
    "orientation": "Front",
    "storage": null,
    "comments": "",
    "rack": null,
    "allocation": null,
    "added": "2015-07-03T07:05:06.082Z",
    "rack_back": true,
    "purpose": "",
    "rack_interior": true,
    "model": 115,
    "serial": "YU7M4OIKO",
    "unit": null
  },
  "model": "hwdoc.equipment",
  "pk": 1431
},
{
  "fields": {
    "updated": "2015-07-03T07:05:06.082Z",
    "rack_front": true,
    "orientation": "Front",
    "storage": null,
    "comments": "",
    "rack": 569,
    "allocation": 156,
    "added": "2015-07-03T07:05:06.082Z",
    "rack_back": true,
    "purpose": "",
    "rack_interior": true,
    "model": 112,
    "serial": "NVUCQ0N",
    "unit": 21
  },
  "model": "hwdoc.equipment",
  "pk": 1432
},
{
  "fields": {
    "updated": "2015-07-03T07:05:06.082Z",
    "rack_front": true,
    "orientation": "Front",
    "storage": null,
    "comments": "",
    "rack": 570,
    "allocation": 155,
    "added": "2015-07-03T07:05:06.082Z",
    "rack_back": true,
    "purpose": "",
    "rack_interior": true,
    "model": 116,
    "serial": "SAJU6TK4ZP",
    "unit": 40
  },
  "model": "hwdoc.equipment",
  "pk": 1433
},
{
  "fields": {
    "updated": "2015-07-03T07:05:06.082Z",
    "rack_front": true,
    "orientation": "Front",
    "storage": null,
    "comments": "",
    "rack": 571,
    "allocation": 142,
    "added": "2015-07-03T07:05:06.082Z",
    "rack_back": true,
    "purpose": "",
    "rack_interior": true,
    "model": 112,
    "serial": "4K0ESC18",
    "unit": 16
  },
  "model": "hwdoc.equipment",
  "pk": 1434
},
{
  "fields": {
    "updated": "2015-07-03T07:05:06.082Z",
    "rack_front": true,
    "orientation": "Front",
    "storage": null,
    "comments": "",
    "rack": 640,
    "allocation": 156,
    "added": "2015-07-03T07:05:06.082Z",
    "rack_back": true,
    "purpose": "",
    "rack_interior": true,
    "model": 111,
    "serial": "RI6B62GP2AKAN3",
    "unit": 15
  },
  "model": "hwdoc.equipment",
  "pk": 1435
},
{
  "fields": {
    "updated": "2015-07-03T07:05:06.082Z",
    "rack_front": true,
    "orientation": "Front",
    "storage": null,
    "comments": "",
    "rack": 624,
    "allocation": 144,
    "added": "2015-07-03T07:05:06.082Z",
    "rack_back": true,
    "purpose": "",
    "rack_interior": true,
    "model": 115,
    "serial": "KUDCGH",
    "unit": 17
  },
  "model": "hwdoc.equipment",
  "pk": 1436
},
{
  "fields": {
    "updated": "2015-07-03T07:05:06.083Z",
    "rack_front": true,
    "orientation": "Front",
    "storage": null,
    "comments": "",
    "rack": 640,
    "allocation": null,
    "added": "2015-07-03T07:05:06.083Z",
    "rack_back": true,
    "purpose": "",
    "rack_interior": true,
    "model": 115,
    "serial": "N8B6AT",
    "unit": 5
  },
  "model": "hwdoc.equipment",
  "pk": 1437
},
{
  "fields": {
    "updated": "2015-07-03T07:05:06.083Z",
    "rack_front": true,
    "orientation": "Front",
    "storage": null,
    "comments": "",
    "rack": 578,
    "allocation": 155,
    "added": "2015-07-03T07:05:06.083Z",
    "rack_back": true,
    "purpose": "",
    "rack_interior": true,
    "model": 109,
    "serial": "G5ESOKV3KMMN5",
    "unit": 29
  },
  "model": "hwdoc.equipment",
  "pk": 1438
},
{
  "fields": {
    "updated": "2015-07-03T07:05:06.083Z",
    "rack_front": true,
    "orientation": "Front",
    "storage": null,
    "comments": "",
    "rack": 589,
    "allocation": 149,
    "added": "2015-07-03T07:05:06.083Z",
    "rack_back": true,
    "purpose": "",
    "rack_interior": true,
    "model": 113,
    "serial": "BDZOYH",
    "unit": 12
  },
  "model": "hwdoc.equipment",
  "pk": 1439
},
{
  "fields": {
    "updated": "2015-07-03T07:05:06.083Z",
    "rack_front": true,
    "orientation": "Front",
    "storage": null,
    "comments": "",
    "rack": 630,
    "allocation": 155,
    "added": "2015-07-03T07:05:06.083Z",
    "rack_back": true,
    "purpose": "",
    "rack_interior": true,
    "model": 107,
    "serial": "CABQQ4AT9TQ0",
    "unit": 28
  },
  "model": "hwdoc.equipment",
  "pk": 1440
},
{
  "fields": {
    "updated": "2015-07-03T07:05:06.083Z",
    "rack_front": true,
    "orientation": "Front",
    "storage": null,
    "comments": "",
    "rack": 633,
    "allocation": 152,
    "added": "2015-07-03T07:05:06.083Z",
    "rack_back": true,
    "purpose": "",
    "rack_interior": true,
    "model": 114,
    "serial": "RGVOXD97",
    "unit": 48
  },
  "model": "hwdoc.equipment",
  "pk": 1441
},
{
  "fields": {
    "updated": "2015-07-03T07:05:06.083Z",
    "rack_front": true,
    "orientation": "Front",
    "storage": null,
    "comments": "",
    "rack": 618,
    "allocation": 148,
    "added": "2015-07-03T07:05:06.083Z",
    "rack_back": true,
    "purpose": "",
    "rack_interior": true,
    "model": 107,
    "serial": "Y5NGQRJTIDAL3P7",
    "unit": 27
  },
  "model": "hwdoc.equipment",
  "pk": 1442
},
{
  "fields": {
    "updated": "2015-07-03T07:05:06.083Z",
    "rack_front": true,
    "orientation": "Front",
    "storage": null,
    "comments": "",
    "rack": 616,
    "allocation": 149,
    "added": "2015-07-03T07:05:06.083Z",
    "rack_back": true,
    "purpose": "",
    "rack_interior": true,
    "model": 118,
    "serial": "FUS6ALNO97HTB3",
    "unit": 15
  },
  "model": "hwdoc.equipment",
  "pk": 1443
},
{
  "fields": {
    "updated": "2015-07-03T07:05:06.083Z",
    "rack_front": true,
    "orientation": "Front",
    "storage": null,
    "comments": "",
    "rack": 635,
    "allocation": null,
    "added": "2015-07-03T07:05:06.083Z",
    "rack_back": true,
    "purpose": "",
    "rack_interior": true,
    "model": 118,
    "serial": "U267Y8K0V0",
    "unit": 49
  },
  "model": "hwdoc.equipment",
  "pk": 1444
},
{
  "fields": {
    "updated": "2015-07-03T07:05:06.083Z",
    "rack_front": true,
    "orientation": "Front",
    "storage": null,
    "comments": "",
    "rack": 616,
    "allocation": null,
    "added": "2015-07-03T07:05:06.083Z",
    "rack_back": true,
    "purpose": "",
    "rack_interior": true,
    "model": 110,
    "serial": "EHBMYN",
    "unit": 22
  },
  "model": "hwdoc.equipment",
  "pk": 1445
},
{
  "fields": {
    "updated": "2015-07-03T07:05:06.083Z",
    "rack_front": true,
    "orientation": "Front",
    "storage": null,
    "comments": "",
    "rack": 631,
    "allocation": null,
    "added": "2015-07-03T07:05:06.083Z",
    "rack_back": true,
    "purpose": "",
    "rack_interior": true,
    "model": 106,
    "serial": "1R2NIM7SW77P",
    "unit": 24
  },
  "model": "hwdoc.equipment",
  "pk": 1446
},
{
  "fields": {
    "updated": "2015-07-03T07:05:06.083Z",
    "rack_front": true,
    "orientation": "Front",
    "storage": null,
    "comments": "",
    "rack": 635,
    "allocation": 157,
    "added": "2015-07-03T07:05:06.083Z",
    "rack_back": true,
    "purpose": "",
    "rack_interior": true,
    "model": 111,
    "serial": "FRUTRWQUR",
    "unit": 20
  },
  "model": "hwdoc.equipment",
  "pk": 1447
},
{
  "fields": {
    "updated": "2015-07-03T07:05:06.083Z",
    "rack_front": true,
    "orientation": "Front",
    "storage": null,
    "comments": "",
    "rack": 609,
    "allocation": null,
    "added": "2015-07-03T07:05:06.083Z",
    "rack_back": true,
    "purpose": "",
    "rack_interior": true,
    "model": 109,
    "serial": "Q33654BZOS4LI",
    "unit": 2
  },
  "model": "hwdoc.equipment",
  "pk": 1448
},
{
  "fields": {
    "updated": "2015-07-03T07:05:06.083Z",
    "rack_front": true,
    "orientation": "Front",
    "storage": null,
    "comments": "",
    "rack": null,
    "allocation": 145,
    "added": "2015-07-03T07:05:06.083Z",
    "rack_back": true,
    "purpose": "",
    "rack_interior": true,
    "model": 109,
    "serial": "ZC6KTJ5N2TCH",
    "unit": null
  },
  "model": "hwdoc.equipment",
  "pk": 1449
},
{
  "fields": {
    "updated": "2015-07-03T07:05:06.083Z",
    "rack_front": true,
    "orientation": "Front",
    "storage": null,
    "comments": "",
    "rack": 572,
    "allocation": null,
    "added": "2015-07-03T07:05:06.083Z",
    "rack_back": true,
    "purpose": "",
    "rack_interior": true,
    "model": 116,
    "serial": "A195APGZQ40M",
    "unit": 15
  },
  "model": "hwdoc.equipment",
  "pk": 1450
},
{
  "fields": {
    "updated": "2015-07-03T07:05:06.083Z",
    "rack_front": true,
    "orientation": "Front",
    "storage": null,
    "comments": "",
    "rack": 633,
    "allocation": null,
    "added": "2015-07-03T07:05:06.083Z",
    "rack_back": true,
    "purpose": "",
    "rack_interior": true,
    "model": 114,
    "serial": "ZDQ5QP0IM7ZRGF",
    "unit": 40
  },
  "model": "hwdoc.equipment",
  "pk": 1451
},
{
  "fields": {
    "updated": "2015-07-03T07:05:06.084Z",
    "rack_front": true,
    "orientation": "Front",
    "storage": 5,
    "comments": "",
    "rack": null,
    "allocation": 148,
    "added": "2015-07-03T07:05:06.084Z",
    "rack_back": true,
    "purpose": "",
    "rack_interior": true,
    "model": 108,
    "serial": "U6UZRH",
    "unit": null
  },
  "model": "hwdoc.equipment",
  "pk": 1452
},
{
  "fields": {
    "updated": "2015-07-03T07:05:06.084Z",
    "rack_front": true,
    "orientation": "Front",
    "storage": null,
    "comments": "",
    "rack": 610,
    "allocation": null,
    "added": "2015-07-03T07:05:06.084Z",
    "rack_back": true,
    "purpose": "",
    "rack_interior": true,
    "model": 116,
    "serial": "EAOI7OF",
    "unit": 16
  },
  "model": "hwdoc.equipment",
  "pk": 1453
},
{
  "fields": {
    "updated": "2015-07-03T07:05:06.084Z",
    "rack_front": true,
    "orientation": "Front",
    "storage": null,
    "comments": "",
    "rack": null,
    "allocation": 147,
    "added": "2015-07-03T07:05:06.084Z",
    "rack_back": true,
    "purpose": "",
    "rack_interior": true,
    "model": 110,
    "serial": "EC9N0504IRJ0HN",
    "unit": null
  },
  "model": "hwdoc.equipment",
  "pk": 1454
},
{
  "fields": {
    "updated": "2015-07-03T07:05:06.084Z",
    "rack_front": true,
    "orientation": "Front",
    "storage": null,
    "comments": "",
    "rack": 631,
    "allocation": 160,
    "added": "2015-07-03T07:05:06.084Z",
    "rack_back": true,
    "purpose": "",
    "rack_interior": true,
    "model": 117,
    "serial": "CXDDPSHSDGTRE6A",
    "unit": 18
  },
  "model": "hwdoc.equipment",
  "pk": 1455
},
{
  "fields": {
    "updated": "2015-07-03T07:05:06.084Z",
    "rack_front": true,
    "orientation": "Front",
    "storage": null,
    "comments": "",
    "rack": 633,
    "allocation": null,
    "added": "2015-07-03T07:05:06.084Z",
    "rack_back": true,
    "purpose": "",
    "rack_interior": true,
    "model": 113,
    "serial": "45ZUSU1UJJ7GLPA",
    "unit": 45
  },
  "model": "hwdoc.equipment",
  "pk": 1456
},
{
  "fields": {
    "updated": "2015-07-03T07:05:06.084Z",
    "rack_front": true,
    "orientation": "Front",
    "storage": null,
    "comments": "",
    "rack": 605,
    "allocation": null,
    "added": "2015-07-03T07:05:06.084Z",
    "rack_back": true,
    "purpose": "",
    "rack_interior": true,
    "model": 113,
    "serial": "5JYEBAQJU4D2",
    "unit": 38
  },
  "model": "hwdoc.equipment",
  "pk": 1457
},
{
  "fields": {
    "updated": "2015-07-03T07:05:06.084Z",
    "rack_front": true,
    "orientation": "Front",
    "storage": null,
    "comments": "",
    "rack": 595,
    "allocation": 159,
    "added": "2015-07-03T07:05:06.084Z",
    "rack_back": true,
    "purpose": "",
    "rack_interior": true,
    "model": 107,
    "serial": "W5W40X",
    "unit": 24
  },
  "model": "hwdoc.equipment",
  "pk": 1458
},
{
  "fields": {
    "updated": "2015-07-03T07:05:06.084Z",
    "rack_front": true,
    "orientation": "Front",
    "storage": null,
    "comments": "",
    "rack": null,
    "allocation": 157,
    "added": "2015-07-03T07:05:06.084Z",
    "rack_back": true,
    "purpose": "",
    "rack_interior": true,
    "model": 114,
    "serial": "ZBPV6HORKEC7",
    "unit": null
  },
  "model": "hwdoc.equipment",
  "pk": 1459
},
{
  "fields": {
    "updated": "2015-07-03T07:05:06.084Z",
    "rack_front": true,
    "orientation": "Front",
    "storage": null,
    "comments": "",
    "rack": 638,
    "allocation": 144,
    "added": "2015-07-03T07:05:06.084Z",
    "rack_back": true,
    "purpose": "",
    "rack_interior": true,
    "model": 113,
    "serial": "QX2QMF91RIEGPK",
    "unit": 7
  },
  "model": "hwdoc.equipment",
  "pk": 1460
},
{
  "fields": {
    "updated": "2015-07-03T07:05:06.084Z",
    "rack_front": true,
    "orientation": "Front",
    "storage": null,
    "comments": "",
    "rack": null,
    "allocation": null,
    "added": "2015-07-03T07:05:06.084Z",
    "rack_back": true,
    "purpose": "",
    "rack_interior": true,
    "model": 116,
    "serial": "Z7L7THRF",
    "unit": null
  },
  "model": "hwdoc.equipment",
  "pk": 1461
},
{
  "fields": {
    "updated": "2015-07-03T07:05:06.084Z",
    "rack_front": true,
    "orientation": "Front",
    "storage": null,
    "comments": "",
    "rack": null,
    "allocation": null,
    "added": "2015-07-03T07:05:06.084Z",
    "rack_back": true,
    "purpose": "",
    "rack_interior": true,
    "model": 112,
    "serial": "8BJB3NU8",
    "unit": null
  },
  "model": "hwdoc.equipment",
  "pk": 1462
},
{
  "fields": {
    "updated": "2015-07-03T07:05:06.084Z",
    "rack_front": true,
    "orientation": "Front",
    "storage": null,
    "comments": "",
    "rack": 570,
    "allocation": 150,
    "added": "2015-07-03T07:05:06.084Z",
    "rack_back": true,
    "purpose": "",
    "rack_interior": true,
    "model": 120,
    "serial": "V47UKD7RMALV3",
    "unit": 28
  },
  "model": "hwdoc.equipment",
  "pk": 1463
},
{
  "fields": {
    "updated": "2015-07-03T07:05:06.084Z",
    "rack_front": true,
    "orientation": "Front",
    "storage": null,
    "comments": "",
    "rack": 587,
    "allocation": 158,
    "added": "2015-07-03T07:05:06.084Z",
    "rack_back": true,
    "purpose": "",
    "rack_interior": true,
    "model": 113,
    "serial": "7RKXCI",
    "unit": 35
  },
  "model": "hwdoc.equipment",
  "pk": 1464
},
{
  "fields": {
    "updated": "2015-07-03T07:05:06.084Z",
    "rack_front": true,
    "orientation": "Front",
    "storage": null,
    "comments": "",
    "rack": 604,
    "allocation": null,
    "added": "2015-07-03T07:05:06.084Z",
    "rack_back": true,
    "purpose": "",
    "rack_interior": true,
    "model": 111,
    "serial": "GOTMIXW6ROM2V",
    "unit": 26
  },
  "model": "hwdoc.equipment",
  "pk": 1465
},
{
  "fields": {
    "updated": "2015-07-03T07:05:06.084Z",
    "rack_front": true,
    "orientation": "Front",
    "storage": null,
    "comments": "",
    "rack": 593,
    "allocation": null,
    "added": "2015-07-03T07:05:06.084Z",
    "rack_back": true,
    "purpose": "",
    "rack_interior": true,
    "model": 110,
    "serial": "UBT32V19B959A",
    "unit": 2
  },
  "model": "hwdoc.equipment",
  "pk": 1466
},
{
  "fields": {
    "updated": "2015-07-03T07:05:06.085Z",
    "rack_front": true,
    "orientation": "Front",
    "storage": null,
    "comments": "",
    "rack": 628,
    "allocation": null,
    "added": "2015-07-03T07:05:06.085Z",
    "rack_back": true,
    "purpose": "",
    "rack_interior": true,
    "model": 110,
    "serial": "DZ5J36UQE8K",
    "unit": 4
  },
  "model": "hwdoc.equipment",
  "pk": 1467
},
{
  "fields": {
    "updated": "2015-07-03T07:05:06.085Z",
    "rack_front": true,
    "orientation": "Front",
    "storage": null,
    "comments": "",
    "rack": null,
    "allocation": null,
    "added": "2015-07-03T07:05:06.085Z",
    "rack_back": true,
    "purpose": "",
    "rack_interior": true,
    "model": 116,
    "serial": "594T3A9IFAN8",
    "unit": null
  },
  "model": "hwdoc.equipment",
  "pk": 1468
},
{
  "fields": {
    "updated": "2015-07-03T07:05:06.085Z",
    "rack_front": true,
    "orientation": "Front",
    "storage": null,
    "comments": "",
    "rack": 582,
    "allocation": 159,
    "added": "2015-07-03T07:05:06.085Z",
    "rack_back": true,
    "purpose": "",
    "rack_interior": true,
    "model": 120,
    "serial": "D2M4CCK",
    "unit": 36
  },
  "model": "hwdoc.equipment",
  "pk": 1469
},
{
  "fields": {
    "updated": "2015-07-03T07:05:06.085Z",
    "rack_front": true,
    "orientation": "Front",
    "storage": null,
    "comments": "",
    "rack": 573,
    "allocation": null,
    "added": "2015-07-03T07:05:06.085Z",
    "rack_back": true,
    "purpose": "",
    "rack_interior": true,
    "model": 120,
    "serial": "ROQF4BY3LSXI9",
    "unit": 38
  },
  "model": "hwdoc.equipment",
  "pk": 1470
},
{
  "fields": {
    "updated": "2015-07-03T07:05:06.085Z",
    "rack_front": true,
    "orientation": "Front",
    "storage": null,
    "comments": "",
    "rack": 576,
    "allocation": 151,
    "added": "2015-07-03T07:05:06.085Z",
    "rack_back": true,
    "purpose": "",
    "rack_interior": true,
    "model": 107,
    "serial": "9KVQKK4KITG",
    "unit": 50
  },
  "model": "hwdoc.equipment",
  "pk": 1471
},
{
  "fields": {
    "updated": "2015-07-03T07:05:06.089Z",
    "rack_front": true,
    "orientation": "Front",
    "storage": null,
    "comments": "",
    "rack": 623,
    "allocation": 145,
    "added": "2015-07-03T07:05:06.089Z",
    "rack_back": true,
    "purpose": "",
    "rack_interior": true,
    "model": 106,
    "serial": "C9TRII72REP",
    "unit": 29
  },
  "model": "hwdoc.equipment",
  "pk": 1472
},
{
  "fields": {
    "updated": "2015-07-03T07:05:06.089Z",
    "rack_front": true,
    "orientation": "Front",
    "storage": null,
    "comments": "",
    "rack": 591,
    "allocation": 151,
    "added": "2015-07-03T07:05:06.089Z",
    "rack_back": true,
    "purpose": "",
    "rack_interior": true,
    "model": 113,
    "serial": "LCKJH4NGO",
    "unit": 18
  },
  "model": "hwdoc.equipment",
  "pk": 1473
},
{
  "fields": {
    "updated": "2015-07-03T07:05:06.089Z",
    "rack_front": true,
    "orientation": "Front",
    "storage": null,
    "comments": "",
    "rack": 564,
    "allocation": null,
    "added": "2015-07-03T07:05:06.089Z",
    "rack_back": true,
    "purpose": "",
    "rack_interior": true,
    "model": 114,
    "serial": "QXOTVT7OVBA",
    "unit": 33
  },
  "model": "hwdoc.equipment",
  "pk": 1474
},
{
  "fields": {
    "updated": "2015-07-03T07:05:06.089Z",
    "rack_front": true,
    "orientation": "Front",
    "storage": null,
    "comments": "",
    "rack": 595,
    "allocation": 150,
    "added": "2015-07-03T07:05:06.089Z",
    "rack_back": true,
    "purpose": "",
    "rack_interior": true,
    "model": 110,
    "serial": "2RL6ZX1A2FQK",
    "unit": 30
  },
  "model": "hwdoc.equipment",
  "pk": 1475
},
{
  "fields": {
    "updated": "2015-07-03T07:05:06.089Z",
    "rack_front": true,
    "orientation": "Front",
    "storage": null,
    "comments": "",
    "rack": 629,
    "allocation": 150,
    "added": "2015-07-03T07:05:06.089Z",
    "rack_back": true,
    "purpose": "",
    "rack_interior": true,
    "model": 112,
    "serial": "W8MHFBAP",
    "unit": 28
  },
  "model": "hwdoc.equipment",
  "pk": 1476
},
{
  "fields": {
    "updated": "2015-07-03T07:05:06.089Z",
    "rack_front": true,
    "orientation": "Front",
    "storage": null,
    "comments": "",
    "rack": 616,
    "allocation": 148,
    "added": "2015-07-03T07:05:06.089Z",
    "rack_back": true,
    "purpose": "",
    "rack_interior": true,
    "model": 115,
    "serial": "9HX39SHWAPQX",
    "unit": 16
  },
  "model": "hwdoc.equipment",
  "pk": 1477
},
{
  "fields": {
    "updated": "2015-07-03T07:05:06.089Z",
    "rack_front": true,
    "orientation": "Front",
    "storage": null,
    "comments": "",
    "rack": null,
    "allocation": 151,
    "added": "2015-07-03T07:05:06.089Z",
    "rack_back": true,
    "purpose": "",
    "rack_interior": true,
    "model": 108,
    "serial": "FEIS1WRT84",
    "unit": null
  },
  "model": "hwdoc.equipment",
  "pk": 1478
},
{
  "fields": {
    "updated": "2015-07-03T07:05:06.089Z",
    "rack_front": true,
    "orientation": "Front",
    "storage": null,
    "comments": "",
    "rack": 621,
    "allocation": 150,
    "added": "2015-07-03T07:05:06.089Z",
    "rack_back": true,
    "purpose": "",
    "rack_interior": true,
    "model": 117,
    "serial": "4UQ8AMPZUQV",
    "unit": 9
  },
  "model": "hwdoc.equipment",
  "pk": 1479
},
{
  "fields": {
    "updated": "2015-07-03T07:05:06.089Z",
    "rack_front": true,
    "orientation": "Front",
    "storage": 8,
    "comments": "",
    "rack": null,
    "allocation": null,
    "added": "2015-07-03T07:05:06.089Z",
    "rack_back": true,
    "purpose": "",
    "rack_interior": true,
    "model": 118,
    "serial": "PQ982MA",
    "unit": null
  },
  "model": "hwdoc.equipment",
  "pk": 1480
},
{
  "fields": {
    "updated": "2015-07-03T07:05:06.090Z",
    "rack_front": true,
    "orientation": "Front",
    "storage": null,
    "comments": "",
    "rack": 601,
    "allocation": 159,
    "added": "2015-07-03T07:05:06.090Z",
    "rack_back": true,
    "purpose": "",
    "rack_interior": true,
    "model": 107,
    "serial": "GKMK8LLKGOZ3",
    "unit": 43
  },
  "model": "hwdoc.equipment",
  "pk": 1481
},
{
  "fields": {
    "updated": "2015-07-03T07:05:06.090Z",
    "rack_front": true,
    "orientation": "Front",
    "storage": 7,
    "comments": "",
    "rack": null,
    "allocation": null,
    "added": "2015-07-03T07:05:06.090Z",
    "rack_back": true,
    "purpose": "",
    "rack_interior": true,
    "model": 108,
    "serial": "6R355U97AJTGS3G",
    "unit": null
  },
  "model": "hwdoc.equipment",
  "pk": 1482
},
{
  "fields": {
    "updated": "2015-07-03T07:05:06.090Z",
    "rack_front": true,
    "orientation": "Front",
    "storage": null,
    "comments": "",
    "rack": 564,
    "allocation": null,
    "added": "2015-07-03T07:05:06.090Z",
    "rack_back": true,
    "purpose": "",
    "rack_interior": true,
    "model": 110,
    "serial": "0JZZ3D4UK",
    "unit": 19
  },
  "model": "hwdoc.equipment",
  "pk": 1483
},
{
  "fields": {
    "updated": "2015-07-03T07:05:06.090Z",
    "rack_front": true,
    "orientation": "Front",
    "storage": null,
    "comments": "",
    "rack": 583,
    "allocation": 146,
    "added": "2015-07-03T07:05:06.090Z",
    "rack_back": true,
    "purpose": "",
    "rack_interior": true,
    "model": 110,
    "serial": "75BS2XFJ208",
    "unit": 25
  },
  "model": "hwdoc.equipment",
  "pk": 1484
},
{
  "fields": {
    "updated": "2015-07-03T07:05:06.090Z",
    "rack_front": true,
    "orientation": "Front",
    "storage": null,
    "comments": "",
    "rack": 634,
    "allocation": 154,
    "added": "2015-07-03T07:05:06.090Z",
    "rack_back": true,
    "purpose": "",
    "rack_interior": true,
    "model": 115,
    "serial": "RUJ9Y49O3D8",
    "unit": 3
  },
  "model": "hwdoc.equipment",
  "pk": 1485
},
{
  "fields": {
    "updated": "2015-07-03T07:05:06.090Z",
    "rack_front": true,
    "orientation": "Front",
    "storage": null,
    "comments": "",
    "rack": 627,
    "allocation": 158,
    "added": "2015-07-03T07:05:06.090Z",
    "rack_back": true,
    "purpose": "",
    "rack_interior": true,
    "model": 110,
    "serial": "21ANHKWCRF0",
    "unit": 26
  },
  "model": "hwdoc.equipment",
  "pk": 1486
},
{
  "fields": {
    "updated": "2015-07-03T07:05:06.090Z",
    "rack_front": true,
    "orientation": "Front",
    "storage": null,
    "comments": "Test comment",
    "rack": 629,
    "allocation": null,
    "added": "2015-07-03T07:05:06.090Z",
    "rack_back": true,
    "purpose": "",
    "rack_interior": true,
    "model": 116,
    "serial": "JD3OSY136LO",
    "unit": 42
  },
  "model": "hwdoc.equipment",
  "pk": 1487
},
{
  "fields": {
    "updated": "2015-07-03T07:05:06.090Z",
    "rack_front": true,
    "orientation": "Front",
    "storage": null,
    "comments": "",
    "rack": 604,
    "allocation": 154,
    "added": "2015-07-03T07:05:06.090Z",
    "rack_back": true,
    "purpose": "",
    "rack_interior": true,
    "model": 112,
    "serial": "8HZUEVHZQQ0M5KL",
    "unit": 26
  },
  "model": "hwdoc.equipment",
  "pk": 1488
},
{
  "fields": {
    "updated": "2015-07-03T07:05:06.090Z",
    "rack_front": true,
    "orientation": "Front",
    "storage": null,
    "comments": "",
    "rack": 638,
    "allocation": 150,
    "added": "2015-07-03T07:05:06.090Z",
    "rack_back": true,
    "purpose": "",
    "rack_interior": true,
    "model": 112,
    "serial": "JEG5T9YEH1",
    "unit": 20
  },
  "model": "hwdoc.equipment",
  "pk": 1489
},
{
  "fields": {
    "updated": "2015-07-03T07:05:06.090Z",
    "rack_front": true,
    "orientation": "Front",
    "storage": null,
    "comments": "",
    "rack": 564,
    "allocation": null,
    "added": "2015-07-03T07:05:06.090Z",
    "rack_back": true,
    "purpose": "",
    "rack_interior": true,
    "model": 113,
    "serial": "2DKCS0M",
    "unit": 16
  },
  "model": "hwdoc.equipment",
  "pk": 1490
},
{
  "fields": {
    "updated": "2015-07-03T07:05:06.090Z",
    "rack_front": true,
    "orientation": "Front",
    "storage": null,
    "comments": "",
    "rack": 606,
    "allocation": 150,
    "added": "2015-07-03T07:05:06.090Z",
    "rack_back": true,
    "purpose": "",
    "rack_interior": true,
    "model": 112,
    "serial": "NNFPI8EKP8QMFQ2",
    "unit": 19
  },
  "model": "hwdoc.equipment",
  "pk": 1491
},
{
  "fields": {
    "updated": "2015-07-03T07:05:06.090Z",
    "rack_front": true,
    "orientation": "Front",
    "storage": null,
    "comments": "",
    "rack": 617,
    "allocation": null,
    "added": "2015-07-03T07:05:06.090Z",
    "rack_back": true,
    "purpose": "",
    "rack_interior": true,
    "model": 119,
    "serial": "L3I1MYCZQJ",
    "unit": 48
  },
  "model": "hwdoc.equipment",
  "pk": 1492
},
{
  "fields": {
    "updated": "2015-07-03T07:05:06.090Z",
    "rack_front": true,
    "orientation": "Front",
    "storage": null,
    "comments": "",
    "rack": null,
    "allocation": 150,
    "added": "2015-07-03T07:05:06.090Z",
    "rack_back": true,
    "purpose": "",
    "rack_interior": true,
    "model": 112,
    "serial": "4ZAXTF7TM5",
    "unit": null
  },
  "model": "hwdoc.equipment",
  "pk": 1493
},
{
  "fields": {
    "updated": "2015-07-03T07:05:06.090Z",
    "rack_front": true,
    "orientation": "Front",
    "storage": null,
    "comments": "",
    "rack": 584,
    "allocation": 153,
    "added": "2015-07-03T07:05:06.090Z",
    "rack_back": true,
    "purpose": "",
    "rack_interior": true,
    "model": 108,
    "serial": "21WVRNYPA96",
    "unit": 27
  },
  "model": "hwdoc.equipment",
  "pk": 1494
},
{
  "fields": {
    "updated": "2015-07-03T07:05:06.091Z",
    "rack_front": true,
    "orientation": "Front",
    "storage": null,
    "comments": "",
    "rack": 569,
    "allocation": 156,
    "added": "2015-07-03T07:05:06.091Z",
    "rack_back": true,
    "purpose": "",
    "rack_interior": true,
    "model": 116,
    "serial": "3SMW97X6CTJR",
    "unit": 12
  },
  "model": "hwdoc.equipment",
  "pk": 1495
},
{
  "fields": {
    "updated": "2015-07-03T07:05:06.091Z",
    "rack_front": true,
    "orientation": "Front",
    "storage": null,
    "comments": "Test comment",
    "rack": 601,
    "allocation": null,
    "added": "2015-07-03T07:05:06.091Z",
    "rack_back": true,
    "purpose": "",
    "rack_interior": true,
    "model": 107,
    "serial": "HFBP60TEF9L",
    "unit": 5
  },
  "model": "hwdoc.equipment",
  "pk": 1496
},
{
  "fields": {
    "updated": "2015-07-03T07:05:06.091Z",
    "rack_front": true,
    "orientation": "Front",
    "storage": null,
    "comments": "",
    "rack": 638,
    "allocation": 154,
    "added": "2015-07-03T07:05:06.091Z",
    "rack_back": true,
    "purpose": "",
    "rack_interior": true,
    "model": 108,
    "serial": "FZX9AGJQK92O",
    "unit": 30
  },
  "model": "hwdoc.equipment",
  "pk": 1497
},
{
  "fields": {
    "updated": "2015-07-03T07:05:06.091Z",
    "rack_front": true,
    "orientation": "Front",
    "storage": null,
    "comments": "Test comment",
    "rack": 626,
    "allocation": 156,
    "added": "2015-07-03T07:05:06.091Z",
    "rack_back": true,
    "purpose": "",
    "rack_interior": true,
    "model": 119,
    "serial": "7YJ9GXH",
    "unit": 35
  },
  "model": "hwdoc.equipment",
  "pk": 1498
},
{
  "fields": {
    "updated": "2015-07-03T07:05:06.091Z",
    "rack_front": true,
    "orientation": "Front",
    "storage": null,
    "comments": "",
    "rack": 569,
    "allocation": 160,
    "added": "2015-07-03T07:05:06.091Z",
    "rack_back": true,
    "purpose": "",
    "rack_interior": true,
    "model": 110,
    "serial": "TVLJCJ4W8T3G",
    "unit": 45
  },
  "model": "hwdoc.equipment",
  "pk": 1499
},
{
  "fields": {
    "updated": "2015-07-03T07:05:06.091Z",
    "rack_front": true,
    "orientation": "Front",
    "storage": null,
    "comments": "",
    "rack": 596,
    "allocation": 149,
    "added": "2015-07-03T07:05:06.091Z",
    "rack_back": true,
    "purpose": "",
    "rack_interior": true,
    "model": 109,
    "serial": "1HMIPCG",
    "unit": 24
  },
  "model": "hwdoc.equipment",
  "pk": 1500
},
{
  "fields": {
    "updated": "2015-07-03T07:05:06.091Z",
    "rack_front": true,
    "orientation": "Front",
    "storage": null,
    "comments": "Test comment",
    "rack": null,
    "allocation": 153,
    "added": "2015-07-03T07:05:06.091Z",
    "rack_back": true,
    "purpose": "",
    "rack_interior": true,
    "model": 109,
    "serial": "7TQ1SGSHR",
    "unit": null
  },
  "model": "hwdoc.equipment",
  "pk": 1501
},
{
  "fields": {
    "updated": "2015-07-03T07:05:06.091Z",
    "rack_front": true,
    "orientation": "Front",
    "storage": null,
    "comments": "",
    "rack": 609,
    "allocation": null,
    "added": "2015-07-03T07:05:06.091Z",
    "rack_back": true,
    "purpose": "",
    "rack_interior": true,
    "model": 119,
    "serial": "KDKVEQ",
    "unit": 3
  },
  "model": "hwdoc.equipment",
  "pk": 1502
},
{
  "fields": {
    "updated": "2015-07-03T07:05:06.091Z",
    "rack_front": true,
    "orientation": "Front",
    "storage": null,
    "comments": "",
    "rack": 595,
    "allocation": null,
    "added": "2015-07-03T07:05:06.091Z",
    "rack_back": true,
    "purpose": "",
    "rack_interior": true,
    "model": 118,
    "serial": "S6RN2AW09STA077",
    "unit": 8
  },
  "model": "hwdoc.equipment",
  "pk": 1503
},
{
  "fields": {
    "updated": "2015-07-03T07:05:06.091Z",
    "rack_front": true,
    "orientation": "Front",
    "storage": null,
    "comments": "",
    "rack": 609,
    "allocation": null,
    "added": "2015-07-03T07:05:06.091Z",
    "rack_back": true,
    "purpose": "",
    "rack_interior": true,
    "model": 108,
    "serial": "A8SDFK94",
    "unit": 14
  },
  "model": "hwdoc.equipment",
  "pk": 1504
},
{
  "fields": {
    "updated": "2015-07-03T07:05:06.091Z",
    "rack_front": true,
    "orientation": "Front",
    "storage": null,
    "comments": "",
    "rack": 573,
    "allocation": 152,
    "added": "2015-07-03T07:05:06.091Z",
    "rack_back": true,
    "purpose": "",
    "rack_interior": true,
    "model": 115,
    "serial": "V1DU6KCPSNNB",
    "unit": 8
  },
  "model": "hwdoc.equipment",
  "pk": 1505
},
{
  "fields": {
    "updated": "2015-07-03T07:05:06.091Z",
    "rack_front": true,
    "orientation": "Front",
    "storage": null,
    "comments": "",
    "rack": 568,
    "allocation": 148,
    "added": "2015-07-03T07:05:06.091Z",
    "rack_back": true,
    "purpose": "",
    "rack_interior": true,
    "model": 107,
    "serial": "1KRKG0623D",
    "unit": 5
  },
  "model": "hwdoc.equipment",
  "pk": 1506
},
{
  "fields": {
    "updated": "2015-07-03T07:05:06.091Z",
    "rack_front": true,
    "orientation": "Front",
    "storage": null,
    "comments": "",
    "rack": 561,
    "allocation": null,
    "added": "2015-07-03T07:05:06.091Z",
    "rack_back": true,
    "purpose": "",
    "rack_interior": true,
    "model": 108,
    "serial": "RJ23QLL56",
    "unit": 22
  },
  "model": "hwdoc.equipment",
  "pk": 1507
},
{
  "fields": {
    "updated": "2015-07-03T07:05:06.091Z",
    "rack_front": true,
    "orientation": "Front",
    "storage": null,
    "comments": "",
    "rack": 596,
    "allocation": null,
    "added": "2015-07-03T07:05:06.091Z",
    "rack_back": true,
    "purpose": "",
    "rack_interior": true,
    "model": 119,
    "serial": "904RPF",
    "unit": 20
  },
  "model": "hwdoc.equipment",
  "pk": 1508
},
{
  "fields": {
    "updated": "2015-07-03T07:05:06.092Z",
    "rack_front": true,
    "orientation": "Front",
    "storage": null,
    "comments": "",
    "rack": null,
    "allocation": 151,
    "added": "2015-07-03T07:05:06.092Z",
    "rack_back": true,
    "purpose": "",
    "rack_interior": true,
    "model": 112,
    "serial": "7AQ0LUY9YR",
    "unit": null
  },
  "model": "hwdoc.equipment",
  "pk": 1509
},
{
  "fields": {
    "updated": "2015-07-03T07:05:06.092Z",
    "rack_front": true,
    "orientation": "Front",
    "storage": null,
    "comments": "",
    "rack": 632,
    "allocation": 153,
    "added": "2015-07-03T07:05:06.092Z",
    "rack_back": true,
    "purpose": "",
    "rack_interior": true,
    "model": 108,
    "serial": "PJA47OG",
    "unit": 14
  },
  "model": "hwdoc.equipment",
  "pk": 1510
},
{
  "fields": {
    "updated": "2015-07-03T07:05:06.092Z",
    "rack_front": true,
    "orientation": "Front",
    "storage": null,
    "comments": "",
    "rack": 582,
    "allocation": null,
    "added": "2015-07-03T07:05:06.092Z",
    "rack_back": true,
    "purpose": "",
    "rack_interior": true,
    "model": 119,
    "serial": "HJLWSFDQ378Y7P",
    "unit": 13
  },
  "model": "hwdoc.equipment",
  "pk": 1511
},
{
  "fields": {
    "updated": "2015-07-03T07:05:06.092Z",
    "rack_front": true,
    "orientation": "Front",
    "storage": null,
    "comments": "Test comment",
    "rack": 567,
    "allocation": null,
    "added": "2015-07-03T07:05:06.092Z",
    "rack_back": true,
    "purpose": "",
    "rack_interior": true,
    "model": 120,
    "serial": "28CC01H",
    "unit": 31
  },
  "model": "hwdoc.equipment",
  "pk": 1512
},
{
  "fields": {
    "updated": "2015-07-03T07:05:06.092Z",
    "rack_front": true,
    "orientation": "Front",
    "storage": null,
    "comments": "",
    "rack": 600,
    "allocation": null,
    "added": "2015-07-03T07:05:06.092Z",
    "rack_back": true,
    "purpose": "",
    "rack_interior": true,
    "model": 110,
    "serial": "WU3BN265ZBHI0",
    "unit": 25
  },
  "model": "hwdoc.equipment",
  "pk": 1513
},
{
  "fields": {
    "updated": "2015-07-03T07:05:06.092Z",
    "rack_front": true,
    "orientation": "Front",
    "storage": null,
    "comments": "",
    "rack": null,
    "allocation": null,
    "added": "2015-07-03T07:05:06.092Z",
    "rack_back": true,
    "purpose": "",
    "rack_interior": true,
    "model": 109,
    "serial": "Q0S3O4HK4Z",
    "unit": null
  },
  "model": "hwdoc.equipment",
  "pk": 1514
},
{
  "fields": {
    "updated": "2015-07-03T07:05:06.092Z",
    "rack_front": true,
    "orientation": "Front",
    "storage": null,
    "comments": "",
    "rack": 623,
    "allocation": 159,
    "added": "2015-07-03T07:05:06.092Z",
    "rack_back": true,
    "purpose": "",
    "rack_interior": true,
    "model": 120,
    "serial": "EWG8Y5I",
    "unit": 20
  },
  "model": "hwdoc.equipment",
  "pk": 1515
},
{
  "fields": {
    "updated": "2015-07-03T07:05:06.092Z",
    "rack_front": true,
    "orientation": "Front",
    "storage": null,
    "comments": "",
    "rack": 622,
    "allocation": 147,
    "added": "2015-07-03T07:05:06.092Z",
    "rack_back": true,
    "purpose": "",
    "rack_interior": true,
    "model": 112,
    "serial": "26KZD3",
    "unit": 30
  },
  "model": "hwdoc.equipment",
  "pk": 1516
},
{
  "fields": {
    "updated": "2015-07-03T07:05:06.092Z",
    "rack_front": true,
    "orientation": "Front",
    "storage": null,
    "comments": "",
    "rack": 618,
    "allocation": 146,
    "added": "2015-07-03T07:05:06.092Z",
    "rack_back": true,
    "purpose": "",
    "rack_interior": true,
    "model": 113,
    "serial": "QM43VPQ22NM",
    "unit": 28
  },
  "model": "hwdoc.equipment",
  "pk": 1517
},
{
  "fields": {
    "updated": "2015-07-03T07:05:06.092Z",
    "rack_front": true,
    "orientation": "Front",
    "storage": null,
    "comments": "",
    "rack": 625,
    "allocation": 154,
    "added": "2015-07-03T07:05:06.092Z",
    "rack_back": true,
    "purpose": "",
    "rack_interior": true,
    "model": 118,
    "serial": "29KY5D97WE1",
    "unit": 29
  },
  "model": "hwdoc.equipment",
  "pk": 1518
},
{
  "fields": {
    "updated": "2015-07-03T07:05:06.092Z",
    "rack_front": true,
    "orientation": "Front",
    "storage": null,
    "comments": "",
    "rack": 609,
    "allocation": 150,
    "added": "2015-07-03T07:05:06.092Z",
    "rack_back": true,
    "purpose": "",
    "rack_interior": true,
    "model": 107,
    "serial": "53K8SPIJ737",
    "unit": 14
  },
  "model": "hwdoc.equipment",
  "pk": 1519
},
{
  "fields": {
    "updated": "2015-07-03T07:05:06.092Z",
    "rack_front": true,
    "orientation": "Front",
    "storage": null,
    "comments": "",
    "rack": 607,
    "allocation": null,
    "added": "2015-07-03T07:05:06.092Z",
    "rack_back": true,
    "purpose": "",
    "rack_interior": true,
    "model": 107,
    "serial": "0YE1907P",
    "unit": 32
  },
  "model": "hwdoc.equipment",
  "pk": 1520
},
{
  "fields": {
    "updated": "2015-07-03T07:05:06.092Z",
    "rack_front": true,
    "orientation": "Front",
    "storage": null,
    "comments": "",
    "rack": null,
    "allocation": null,
    "added": "2015-07-03T07:05:06.092Z",
    "rack_back": true,
    "purpose": "",
    "rack_interior": true,
    "model": 115,
    "serial": "7CP4MANZHP95H",
    "unit": null
  },
  "model": "hwdoc.equipment",
  "pk": 1521
},
{
  "fields": {
    "updated": "2015-07-03T07:05:06.092Z",
    "rack_front": true,
    "orientation": "Front",
    "storage": null,
    "comments": "",
    "rack": 633,
    "allocation": null,
    "added": "2015-07-03T07:05:06.092Z",
    "rack_back": true,
    "purpose": "",
    "rack_interior": true,
    "model": 115,
    "serial": "G230XTQNTOAAQ5",
    "unit": 20
  },
  "model": "hwdoc.equipment",
  "pk": 1522
},
{
  "fields": {
    "updated": "2015-07-03T07:05:06.093Z",
    "rack_front": true,
    "orientation": "Front",
    "storage": null,
    "comments": "",
    "rack": 592,
    "allocation": 151,
    "added": "2015-07-03T07:05:06.093Z",
    "rack_back": true,
    "purpose": "",
    "rack_interior": true,
    "model": 106,
    "serial": "KNDRDZ6FZ0GZ",
    "unit": 12
  },
  "model": "hwdoc.equipment",
  "pk": 1523
},
{
  "fields": {
    "updated": "2015-07-03T07:05:06.093Z",
    "rack_front": true,
    "orientation": "Front",
    "storage": null,
    "comments": "",
    "rack": 635,
    "allocation": 141,
    "added": "2015-07-03T07:05:06.093Z",
    "rack_back": true,
    "purpose": "",
    "rack_interior": true,
    "model": 110,
    "serial": "GIROCMCBS5RPGL",
    "unit": 6
  },
  "model": "hwdoc.equipment",
  "pk": 1524
},
{
  "fields": {
    "updated": "2015-07-03T07:05:06.093Z",
    "rack_front": true,
    "orientation": "Front",
    "storage": null,
    "comments": "",
    "rack": 589,
    "allocation": 141,
    "added": "2015-07-03T07:05:06.093Z",
    "rack_back": true,
    "purpose": "",
    "rack_interior": true,
    "model": 110,
    "serial": "CAQGKLLE69MJ",
    "unit": 24
  },
  "model": "hwdoc.equipment",
  "pk": 1525
},
{
  "fields": {
    "updated": "2015-07-03T07:05:06.093Z",
    "rack_front": true,
    "orientation": "Front",
    "storage": null,
    "comments": "",
    "rack": null,
    "allocation": null,
    "added": "2015-07-03T07:05:06.093Z",
    "rack_back": true,
    "purpose": "",
    "rack_interior": true,
    "model": 111,
    "serial": "H9F4Y2CFHGJCDK7",
    "unit": null
  },
  "model": "hwdoc.equipment",
  "pk": 1526
},
{
  "fields": {
    "updated": "2015-07-03T07:05:06.093Z",
    "rack_front": true,
    "orientation": "Front",
    "storage": null,
    "comments": "",
    "rack": 618,
    "allocation": null,
    "added": "2015-07-03T07:05:06.093Z",
    "rack_back": true,
    "purpose": "",
    "rack_interior": true,
    "model": 113,
    "serial": "SWPC7SI3BLF",
    "unit": 20
  },
  "model": "hwdoc.equipment",
  "pk": 1527
},
{
  "fields": {
    "updated": "2015-07-03T07:05:06.093Z",
    "rack_front": true,
    "orientation": "Front",
    "storage": null,
    "comments": "",
    "rack": null,
    "allocation": 152,
    "added": "2015-07-03T07:05:06.093Z",
    "rack_back": true,
    "purpose": "",
    "rack_interior": true,
    "model": 111,
    "serial": "DDT2UB7",
    "unit": null
  },
  "model": "hwdoc.equipment",
  "pk": 1528
},
{
  "fields": {
    "updated": "2015-07-03T07:05:06.093Z",
    "rack_front": true,
    "orientation": "Front",
    "storage": null,
    "comments": "",
    "rack": 609,
    "allocation": 156,
    "added": "2015-07-03T07:05:06.093Z",
    "rack_back": true,
    "purpose": "",
    "rack_interior": true,
    "model": 108,
    "serial": "8DBVQMPGGOLKUIW",
    "unit": 17
  },
  "model": "hwdoc.equipment",
  "pk": 1529
},
{
  "fields": {
    "updated": "2015-07-03T07:05:06.093Z",
    "rack_front": true,
    "orientation": "Front",
    "storage": null,
    "comments": "",
    "rack": 597,
    "allocation": 142,
    "added": "2015-07-03T07:05:06.093Z",
    "rack_back": true,
    "purpose": "",
    "rack_interior": true,
    "model": 107,
    "serial": "92XKPX",
    "unit": 37
  },
  "model": "hwdoc.equipment",
  "pk": 1530
},
{
  "fields": {
    "updated": "2015-07-03T07:05:06.093Z",
    "rack_front": true,
    "orientation": "Front",
    "storage": null,
    "comments": "",
    "rack": 597,
    "allocation": 153,
    "added": "2015-07-03T07:05:06.093Z",
    "rack_back": true,
    "purpose": "",
    "rack_interior": true,
    "model": 109,
    "serial": "K9F0A29CB",
    "unit": 20
  },
  "model": "hwdoc.equipment",
  "pk": 1531
},
{
  "fields": {
    "updated": "2015-07-03T07:05:06.093Z",
    "rack_front": true,
    "orientation": "Front",
    "storage": null,
    "comments": "",
    "rack": 613,
    "allocation": 152,
    "added": "2015-07-03T07:05:06.093Z",
    "rack_back": true,
    "purpose": "",
    "rack_interior": true,
    "model": 112,
    "serial": "NL31J4FPGVRO6",
    "unit": 20
  },
  "model": "hwdoc.equipment",
  "pk": 1532
},
{
  "fields": {
    "updated": "2015-07-03T07:05:06.093Z",
    "rack_front": true,
    "orientation": "Front",
    "storage": null,
    "comments": "",
    "rack": 631,
    "allocation": 147,
    "added": "2015-07-03T07:05:06.093Z",
    "rack_back": true,
    "purpose": "",
    "rack_interior": true,
    "model": 116,
    "serial": "0AZ4IEMQ",
    "unit": 4
  },
  "model": "hwdoc.equipment",
  "pk": 1533
},
{
  "fields": {
    "updated": "2015-07-03T07:05:06.093Z",
    "rack_front": true,
    "orientation": "Front",
    "storage": null,
    "comments": "",
    "rack": 617,
    "allocation": null,
    "added": "2015-07-03T07:05:06.093Z",
    "rack_back": true,
    "purpose": "",
    "rack_interior": true,
    "model": 109,
    "serial": "Y1VS2A6PHNWUR2",
    "unit": 18
  },
  "model": "hwdoc.equipment",
  "pk": 1534
},
{
  "fields": {
    "updated": "2015-07-03T07:05:06.093Z",
    "rack_front": true,
    "orientation": "Front",
    "storage": null,
    "comments": "",
    "rack": 630,
    "allocation": 160,
    "added": "2015-07-03T07:05:06.093Z",
    "rack_back": true,
    "purpose": "",
    "rack_interior": true,
    "model": 115,
    "serial": "FM5A3AE",
    "unit": 20
  },
  "model": "hwdoc.equipment",
  "pk": 1535
},
{
  "fields": {
    "updated": "2015-07-03T07:05:06.094Z",
    "rack_front": true,
    "orientation": "Front",
    "storage": null,
    "comments": "Test comment",
    "rack": 617,
    "allocation": 142,
    "added": "2015-07-03T07:05:06.093Z",
    "rack_back": true,
    "purpose": "",
    "rack_interior": true,
    "model": 106,
    "serial": "28GE5MN",
    "unit": 15
  },
  "model": "hwdoc.equipment",
  "pk": 1536
},
{
  "fields": {
    "updated": "2015-07-03T07:05:06.094Z",
    "rack_front": true,
    "orientation": "Front",
    "storage": null,
    "comments": "",
    "rack": 576,
    "allocation": null,
    "added": "2015-07-03T07:05:06.094Z",
    "rack_back": true,
    "purpose": "",
    "rack_interior": true,
    "model": 111,
    "serial": "B5SGRFRAQ8",
    "unit": 14
  },
  "model": "hwdoc.equipment",
  "pk": 1537
},
{
  "fields": {
    "updated": "2015-07-03T07:05:06.094Z",
    "rack_front": true,
    "orientation": "Front",
    "storage": null,
    "comments": "",
    "rack": null,
    "allocation": null,
    "added": "2015-07-03T07:05:06.094Z",
    "rack_back": true,
    "purpose": "",
    "rack_interior": true,
    "model": 110,
    "serial": "WVYZNV9I9J8OD",
    "unit": null
  },
  "model": "hwdoc.equipment",
  "pk": 1538
},
{
  "fields": {
    "updated": "2015-07-03T07:05:06.094Z",
    "rack_front": true,
    "orientation": "Front",
    "storage": null,
    "comments": "",
    "rack": null,
    "allocation": 145,
    "added": "2015-07-03T07:05:06.094Z",
    "rack_back": true,
    "purpose": "",
    "rack_interior": true,
    "model": 110,
    "serial": "L1WXSE",
    "unit": null
  },
  "model": "hwdoc.equipment",
  "pk": 1539
},
{
  "fields": {
    "updated": "2015-07-03T07:05:06.094Z",
    "rack_front": true,
    "orientation": "Front",
    "storage": null,
    "comments": "",
    "rack": 623,
    "allocation": 141,
    "added": "2015-07-03T07:05:06.094Z",
    "rack_back": true,
    "purpose": "",
    "rack_interior": true,
    "model": 109,
    "serial": "PVPS1EVEFZKHS",
    "unit": 20
  },
  "model": "hwdoc.equipment",
  "pk": 1540
},
{
  "fields": {
    "updated": "2015-07-03T07:05:06.094Z",
    "rack_front": true,
    "orientation": "Front",
    "storage": null,
    "comments": "",
    "rack": 632,
    "allocation": 144,
    "added": "2015-07-03T07:05:06.094Z",
    "rack_back": true,
    "purpose": "",
    "rack_interior": true,
    "model": 110,
    "serial": "X609JL",
    "unit": 23
  },
  "model": "hwdoc.equipment",
  "pk": 1541
},
{
  "fields": {
    "updated": "2015-07-03T07:05:06.094Z",
    "rack_front": true,
    "orientation": "Front",
    "storage": null,
    "comments": "",
    "rack": 569,
    "allocation": 159,
    "added": "2015-07-03T07:05:06.094Z",
    "rack_back": true,
    "purpose": "",
    "rack_interior": true,
    "model": 110,
    "serial": "9VV7UE0ZX01Q",
    "unit": 10
  },
  "model": "hwdoc.equipment",
  "pk": 1542
},
{
  "fields": {
    "updated": "2015-07-03T07:05:06.097Z",
    "rack_front": true,
    "orientation": "Front",
    "storage": null,
    "comments": "",
    "rack": 611,
    "allocation": null,
    "added": "2015-07-03T07:05:06.097Z",
    "rack_back": true,
    "purpose": "",
    "rack_interior": true,
    "model": 113,
    "serial": "MMGZTDQ",
    "unit": 28
  },
  "model": "hwdoc.equipment",
  "pk": 1543
},
{
  "fields": {
    "updated": "2015-07-03T07:05:06.097Z",
    "rack_front": true,
    "orientation": "Front",
    "storage": null,
    "comments": "",
    "rack": 634,
    "allocation": null,
    "added": "2015-07-03T07:05:06.097Z",
    "rack_back": true,
    "purpose": "",
    "rack_interior": true,
    "model": 109,
    "serial": "AJHU1PQGMP9AFKK",
    "unit": 34
  },
  "model": "hwdoc.equipment",
  "pk": 1544
},
{
  "fields": {
    "updated": "2015-07-03T07:05:06.098Z",
    "rack_front": true,
    "orientation": "Front",
    "storage": 6,
    "comments": "",
    "rack": null,
    "allocation": null,
    "added": "2015-07-03T07:05:06.098Z",
    "rack_back": true,
    "purpose": "",
    "rack_interior": true,
    "model": 116,
    "serial": "HNUCIUNUCNQW",
    "unit": null
  },
  "model": "hwdoc.equipment",
  "pk": 1545
},
{
  "fields": {
    "updated": "2015-07-03T07:05:06.098Z",
    "rack_front": true,
    "orientation": "Front",
    "storage": null,
    "comments": "",
    "rack": 561,
    "allocation": 158,
    "added": "2015-07-03T07:05:06.098Z",
    "rack_back": true,
    "purpose": "",
    "rack_interior": true,
    "model": 112,
    "serial": "SVHHBIT6RCO89W",
    "unit": 7
  },
  "model": "hwdoc.equipment",
  "pk": 1546
},
{
  "fields": {
    "updated": "2015-07-03T07:05:06.098Z",
    "rack_front": true,
    "orientation": "Front",
    "storage": null,
    "comments": "",
    "rack": 615,
    "allocation": 150,
    "added": "2015-07-03T07:05:06.098Z",
    "rack_back": true,
    "purpose": "",
    "rack_interior": true,
    "model": 120,
    "serial": "FHBYFU",
    "unit": 23
  },
  "model": "hwdoc.equipment",
  "pk": 1547
},
{
  "fields": {
    "updated": "2015-07-03T07:05:06.098Z",
    "rack_front": true,
    "orientation": "Front",
    "storage": null,
    "comments": "",
    "rack": 618,
    "allocation": 141,
    "added": "2015-07-03T07:05:06.098Z",
    "rack_back": true,
    "purpose": "",
    "rack_interior": true,
    "model": 116,
    "serial": "IIE2FU88F",
    "unit": 26
  },
  "model": "hwdoc.equipment",
  "pk": 1548
},
{
  "fields": {
    "updated": "2015-07-03T07:05:06.098Z",
    "rack_front": true,
    "orientation": "Front",
    "storage": null,
    "comments": "",
    "rack": 596,
    "allocation": 141,
    "added": "2015-07-03T07:05:06.098Z",
    "rack_back": true,
    "purpose": "",
    "rack_interior": true,
    "model": 107,
    "serial": "MPCJRC84WMJB8Q",
    "unit": 36
  },
  "model": "hwdoc.equipment",
  "pk": 1549
},
{
  "fields": {
    "updated": "2015-07-03T07:05:06.098Z",
    "rack_front": true,
    "orientation": "Front",
    "storage": null,
    "comments": "",
    "rack": null,
    "allocation": 150,
    "added": "2015-07-03T07:05:06.098Z",
    "rack_back": true,
    "purpose": "",
    "rack_interior": true,
    "model": 111,
    "serial": "YG7WMRK",
    "unit": null
  },
  "model": "hwdoc.equipment",
  "pk": 1550
},
{
  "fields": {
    "updated": "2015-07-03T07:05:06.098Z",
    "rack_front": true,
    "orientation": "Front",
    "storage": null,
    "comments": "Test comment",
    "rack": 627,
    "allocation": null,
    "added": "2015-07-03T07:05:06.098Z",
    "rack_back": true,
    "purpose": "",
    "rack_interior": true,
    "model": 115,
    "serial": "JLB46X",
    "unit": 24
  },
  "model": "hwdoc.equipment",
  "pk": 1551
},
{
  "fields": {
    "updated": "2015-07-03T07:05:06.098Z",
    "rack_front": true,
    "orientation": "Front",
    "storage": null,
    "comments": "Test comment",
    "rack": 627,
    "allocation": null,
    "added": "2015-07-03T07:05:06.098Z",
    "rack_back": true,
    "purpose": "",
    "rack_interior": true,
    "model": 106,
    "serial": "EIPP4N",
    "unit": 12
  },
  "model": "hwdoc.equipment",
  "pk": 1552
},
{
  "fields": {
    "updated": "2015-07-03T07:05:06.098Z",
    "rack_front": true,
    "orientation": "Front",
    "storage": null,
    "comments": "",
    "rack": 608,
    "allocation": 144,
    "added": "2015-07-03T07:05:06.098Z",
    "rack_back": true,
    "purpose": "",
    "rack_interior": true,
    "model": 114,
    "serial": "2ATNDN94O",
    "unit": 31
  },
  "model": "hwdoc.equipment",
  "pk": 1553
},
{
  "fields": {
    "updated": "2015-07-03T07:05:06.098Z",
    "rack_front": true,
    "orientation": "Front",
    "storage": null,
    "comments": "",
    "rack": null,
    "allocation": null,
    "added": "2015-07-03T07:05:06.098Z",
    "rack_back": true,
    "purpose": "",
    "rack_interior": true,
    "model": 110,
    "serial": "VN9663RM5",
    "unit": null
  },
  "model": "hwdoc.equipment",
  "pk": 1554
},
{
  "fields": {
    "updated": "2015-07-03T07:05:06.098Z",
    "rack_front": true,
    "orientation": "Front",
    "storage": null,
    "comments": "",
    "rack": 561,
    "allocation": null,
    "added": "2015-07-03T07:05:06.098Z",
    "rack_back": true,
    "purpose": "",
    "rack_interior": true,
    "model": 118,
    "serial": "UQMXTSYLASB2340",
    "unit": 12
  },
  "model": "hwdoc.equipment",
  "pk": 1555
},
{
  "fields": {
    "updated": "2015-07-03T07:05:06.098Z",
    "rack_front": true,
    "orientation": "Front",
    "storage": null,
    "comments": "Test comment",
    "rack": null,
    "allocation": null,
    "added": "2015-07-03T07:05:06.098Z",
    "rack_back": true,
    "purpose": "",
    "rack_interior": true,
    "model": 106,
    "serial": "QAS4AJULX",
    "unit": null
  },
  "model": "hwdoc.equipment",
  "pk": 1556
},
{
  "fields": {
    "updated": "2015-07-03T07:05:06.098Z",
    "rack_front": true,
    "orientation": "Front",
    "storage": null,
    "comments": "",
    "rack": 587,
    "allocation": null,
    "added": "2015-07-03T07:05:06.098Z",
    "rack_back": true,
    "purpose": "",
    "rack_interior": true,
    "model": 106,
    "serial": "M6TNNQ",
    "unit": 10
  },
  "model": "hwdoc.equipment",
  "pk": 1557
},
{
  "fields": {
    "updated": "2015-07-03T07:05:06.098Z",
    "rack_front": true,
    "orientation": "Front",
    "storage": null,
    "comments": "",
    "rack": 640,
    "allocation": 151,
    "added": "2015-07-03T07:05:06.098Z",
    "rack_back": true,
    "purpose": "",
    "rack_interior": true,
    "model": 108,
    "serial": "Y5SD1A6",
    "unit": 40
  },
  "model": "hwdoc.equipment",
  "pk": 1558
},
{
  "fields": {
    "updated": "2015-07-03T07:05:06.099Z",
    "rack_front": true,
    "orientation": "Front",
    "storage": null,
    "comments": "",
    "rack": 577,
    "allocation": 156,
    "added": "2015-07-03T07:05:06.099Z",
    "rack_back": true,
    "purpose": "",
    "rack_interior": true,
    "model": 110,
    "serial": "VCQNS7EFVH",
    "unit": 27
  },
  "model": "hwdoc.equipment",
  "pk": 1559
},
{
  "fields": {
    "updated": "2015-07-03T07:05:06.099Z",
    "rack_front": true,
    "orientation": "Front",
    "storage": null,
    "comments": "",
    "rack": 612,
    "allocation": 148,
    "added": "2015-07-03T07:05:06.099Z",
    "rack_back": true,
    "purpose": "",
    "rack_interior": true,
    "model": 120,
    "serial": "AL023758U",
    "unit": 27
  },
  "model": "hwdoc.equipment",
  "pk": 1560
},
{
  "fields": {
    "updated": "2015-07-03T07:05:06.099Z",
    "rack_front": true,
    "orientation": "Front",
    "storage": null,
    "comments": "",
    "rack": null,
    "allocation": 147,
    "added": "2015-07-03T07:05:06.099Z",
    "rack_back": true,
    "purpose": "",
    "rack_interior": true,
    "model": 117,
    "serial": "UJY57Q1W",
    "unit": null
  },
  "model": "hwdoc.equipment",
  "pk": 1561
},
{
  "fields": {
    "updated": "2015-07-03T07:05:06.099Z",
    "rack_front": true,
    "orientation": "Front",
    "storage": null,
    "comments": "Test comment",
    "rack": 626,
    "allocation": 157,
    "added": "2015-07-03T07:05:06.099Z",
    "rack_back": true,
    "purpose": "",
    "rack_interior": true,
    "model": 108,
    "serial": "2NXOT8RD",
    "unit": 7
  },
  "model": "hwdoc.equipment",
  "pk": 1562
},
{
  "fields": {
    "updated": "2015-07-03T07:05:06.099Z",
    "rack_front": true,
    "orientation": "Front",
    "storage": null,
    "comments": "",
    "rack": 629,
    "allocation": 158,
    "added": "2015-07-03T07:05:06.099Z",
    "rack_back": true,
    "purpose": "",
    "rack_interior": true,
    "model": 118,
    "serial": "FI5SCU1T",
    "unit": 32
  },
  "model": "hwdoc.equipment",
  "pk": 1563
},
{
  "fields": {
    "updated": "2015-07-03T07:05:06.099Z",
    "rack_front": true,
    "orientation": "Front",
    "storage": null,
    "comments": "",
    "rack": 561,
    "allocation": null,
    "added": "2015-07-03T07:05:06.099Z",
    "rack_back": true,
    "purpose": "",
    "rack_interior": true,
    "model": 110,
    "serial": "LHJNXRC9",
    "unit": 27
  },
  "model": "hwdoc.equipment",
  "pk": 1564
},
{
  "fields": {
    "updated": "2015-07-03T07:05:06.099Z",
    "rack_front": true,
    "orientation": "Front",
    "storage": null,
    "comments": "",
    "rack": 582,
    "allocation": 152,
    "added": "2015-07-03T07:05:06.099Z",
    "rack_back": true,
    "purpose": "",
    "rack_interior": true,
    "model": 115,
    "serial": "IYL1J8Q97HNUG",
    "unit": 36
  },
  "model": "hwdoc.equipment",
  "pk": 1565
},
{
  "fields": {
    "updated": "2015-07-03T07:05:06.099Z",
    "rack_front": true,
    "orientation": "Front",
    "storage": null,
    "comments": "",
    "rack": 616,
    "allocation": null,
    "added": "2015-07-03T07:05:06.099Z",
    "rack_back": true,
    "purpose": "",
    "rack_interior": true,
    "model": 109,
    "serial": "QE3KIMLGLL",
    "unit": 1
  },
  "model": "hwdoc.equipment",
  "pk": 1566
},
{
  "fields": {
    "updated": "2015-07-03T07:05:06.099Z",
    "rack_front": true,
    "orientation": "Front",
    "storage": null,
    "comments": "Test comment",
    "rack": 630,
    "allocation": 143,
    "added": "2015-07-03T07:05:06.099Z",
    "rack_back": true,
    "purpose": "",
    "rack_interior": true,
    "model": 106,
    "serial": "IWIAAUA7JI1OI7",
    "unit": 17
  },
  "model": "hwdoc.equipment",
  "pk": 1567
},
{
  "fields": {
    "updated": "2015-07-03T07:05:06.099Z",
    "rack_front": true,
    "orientation": "Front",
    "storage": null,
    "comments": "",
    "rack": null,
    "allocation": 157,
    "added": "2015-07-03T07:05:06.099Z",
    "rack_back": true,
    "purpose": "",
    "rack_interior": true,
    "model": 108,
    "serial": "AD138M",
    "unit": null
  },
  "model": "hwdoc.equipment",
  "pk": 1568
},
{
  "fields": {
    "updated": "2015-07-03T07:05:06.099Z",
    "rack_front": true,
    "orientation": "Front",
    "storage": null,
    "comments": "",
    "rack": 579,
    "allocation": 141,
    "added": "2015-07-03T07:05:06.099Z",
    "rack_back": true,
    "purpose": "",
    "rack_interior": true,
    "model": 111,
    "serial": "Y7HOCUSQFJ",
    "unit": 45
  },
  "model": "hwdoc.equipment",
  "pk": 1569
},
{
  "fields": {
    "updated": "2015-07-03T07:05:06.099Z",
    "rack_front": true,
    "orientation": "Front",
    "storage": null,
    "comments": "",
    "rack": 570,
    "allocation": 154,
    "added": "2015-07-03T07:05:06.099Z",
    "rack_back": true,
    "purpose": "",
    "rack_interior": true,
    "model": 119,
    "serial": "NUI6ODIR",
    "unit": 7
  },
  "model": "hwdoc.equipment",
  "pk": 1570
},
{
  "fields": {
    "updated": "2015-07-03T07:05:06.099Z",
    "rack_front": true,
    "orientation": "Front",
    "storage": null,
    "comments": "",
    "rack": null,
    "allocation": 150,
    "added": "2015-07-03T07:05:06.099Z",
    "rack_back": true,
    "purpose": "",
    "rack_interior": true,
    "model": 109,
    "serial": "P2L7WQAF3GT",
    "unit": null
  },
  "model": "hwdoc.equipment",
  "pk": 1571
},
{
  "fields": {
    "updated": "2015-07-03T07:05:06.100Z",
    "rack_front": true,
    "orientation": "Front",
    "storage": null,
    "comments": "",
    "rack": null,
    "allocation": 151,
    "added": "2015-07-03T07:05:06.100Z",
    "rack_back": true,
    "purpose": "",
    "rack_interior": true,
    "model": 119,
    "serial": "5XFEXQ0WD3",
    "unit": null
  },
  "model": "hwdoc.equipment",
  "pk": 1572
},
{
  "fields": {
    "updated": "2015-07-03T07:05:06.100Z",
    "rack_front": true,
    "orientation": "Front",
    "storage": null,
    "comments": "",
    "rack": null,
    "allocation": null,
    "added": "2015-07-03T07:05:06.100Z",
    "rack_back": true,
    "purpose": "",
    "rack_interior": true,
    "model": 111,
    "serial": "3VPPA0ZLF",
    "unit": null
  },
  "model": "hwdoc.equipment",
  "pk": 1573
},
{
  "fields": {
    "updated": "2015-07-03T07:05:06.100Z",
    "rack_front": true,
    "orientation": "Front",
    "storage": null,
    "comments": "",
    "rack": 582,
    "allocation": 144,
    "added": "2015-07-03T07:05:06.100Z",
    "rack_back": true,
    "purpose": "",
    "rack_interior": true,
    "model": 108,
    "serial": "VTESYX",
    "unit": 26
  },
  "model": "hwdoc.equipment",
  "pk": 1574
},
{
  "fields": {
    "updated": "2015-07-03T07:05:06.100Z",
    "rack_front": true,
    "orientation": "Front",
    "storage": null,
    "comments": "",
    "rack": 602,
    "allocation": 156,
    "added": "2015-07-03T07:05:06.100Z",
    "rack_back": true,
    "purpose": "",
    "rack_interior": true,
    "model": 118,
    "serial": "E4HD770RVEK88I",
    "unit": 35
  },
  "model": "hwdoc.equipment",
  "pk": 1575
},
{
  "fields": {
    "updated": "2015-07-03T07:05:06.100Z",
    "rack_front": true,
    "orientation": "Front",
    "storage": null,
    "comments": "",
    "rack": 637,
    "allocation": 151,
    "added": "2015-07-03T07:05:06.100Z",
    "rack_back": true,
    "purpose": "",
    "rack_interior": true,
    "model": 114,
    "serial": "L5CNAJTI",
    "unit": 27
  },
  "model": "hwdoc.equipment",
  "pk": 1576
},
{
  "fields": {
    "updated": "2015-07-03T07:05:06.100Z",
    "rack_front": true,
    "orientation": "Front",
    "storage": null,
    "comments": "",
    "rack": 624,
    "allocation": 157,
    "added": "2015-07-03T07:05:06.100Z",
    "rack_back": true,
    "purpose": "",
    "rack_interior": true,
    "model": 110,
    "serial": "OECF0AZW87WLCFO",
    "unit": 26
  },
  "model": "hwdoc.equipment",
  "pk": 1577
},
{
  "fields": {
    "updated": "2015-07-03T07:05:06.100Z",
    "rack_front": true,
    "orientation": "Front",
    "storage": null,
    "comments": "",
    "rack": null,
    "allocation": null,
    "added": "2015-07-03T07:05:06.100Z",
    "rack_back": true,
    "purpose": "",
    "rack_interior": true,
    "model": 118,
    "serial": "3OAZ2XR4SU",
    "unit": null
  },
  "model": "hwdoc.equipment",
  "pk": 1578
},
{
  "fields": {
    "updated": "2015-07-03T07:05:06.100Z",
    "rack_front": true,
    "orientation": "Front",
    "storage": null,
    "comments": "",
    "rack": 601,
    "allocation": null,
    "added": "2015-07-03T07:05:06.100Z",
    "rack_back": true,
    "purpose": "",
    "rack_interior": true,
    "model": 114,
    "serial": "OXANW1M2",
    "unit": 45
  },
  "model": "hwdoc.equipment",
  "pk": 1579
},
{
  "fields": {
    "updated": "2015-07-03T07:05:06.100Z",
    "rack_front": true,
    "orientation": "Front",
    "storage": null,
    "comments": "Test comment",
    "rack": null,
    "allocation": null,
    "added": "2015-07-03T07:05:06.100Z",
    "rack_back": true,
    "purpose": "",
    "rack_interior": true,
    "model": 108,
    "serial": "C2V3D9GWSAP",
    "unit": null
  },
  "model": "hwdoc.equipment",
  "pk": 1580
},
{
  "fields": {
    "updated": "2015-07-03T07:05:06.100Z",
    "rack_front": true,
    "orientation": "Front",
    "storage": null,
    "comments": "",
    "rack": null,
    "allocation": null,
    "added": "2015-07-03T07:05:06.100Z",
    "rack_back": true,
    "purpose": "",
    "rack_interior": true,
    "model": 119,
    "serial": "5MIZSZ8LVEWBK",
    "unit": null
  },
  "model": "hwdoc.equipment",
  "pk": 1581
},
{
  "fields": {
    "updated": "2015-07-03T07:05:06.100Z",
    "rack_front": true,
    "orientation": "Front",
    "storage": null,
    "comments": "",
    "rack": null,
    "allocation": null,
    "added": "2015-07-03T07:05:06.100Z",
    "rack_back": true,
    "purpose": "",
    "rack_interior": true,
    "model": 114,
    "serial": "D71CXF",
    "unit": null
  },
  "model": "hwdoc.equipment",
  "pk": 1582
},
{
  "fields": {
    "updated": "2015-07-03T07:05:06.100Z",
    "rack_front": true,
    "orientation": "Front",
    "storage": null,
    "comments": "",
    "rack": 579,
    "allocation": null,
    "added": "2015-07-03T07:05:06.100Z",
    "rack_back": true,
    "purpose": "",
    "rack_interior": true,
    "model": 110,
    "serial": "UQQ84RV",
    "unit": 36
  },
  "model": "hwdoc.equipment",
  "pk": 1583
},
{
  "fields": {
    "updated": "2015-07-03T07:05:06.100Z",
    "rack_front": true,
    "orientation": "Front",
    "storage": null,
    "comments": "",
    "rack": 621,
    "allocation": null,
    "added": "2015-07-03T07:05:06.100Z",
    "rack_back": true,
    "purpose": "",
    "rack_interior": true,
    "model": 109,
    "serial": "AJ4C8FCOQ",
    "unit": 5
  },
  "model": "hwdoc.equipment",
  "pk": 1584
},
{
  "fields": {
    "updated": "2015-07-03T07:05:06.100Z",
    "rack_front": true,
    "orientation": "Front",
    "storage": null,
    "comments": "",
    "rack": 635,
    "allocation": 156,
    "added": "2015-07-03T07:05:06.100Z",
    "rack_back": true,
    "purpose": "",
    "rack_interior": true,
    "model": 120,
    "serial": "QCL5Q84N3AVY4W",
    "unit": 46
  },
  "model": "hwdoc.equipment",
  "pk": 1585
},
{
  "fields": {
    "updated": "2015-07-03T07:05:06.101Z",
    "rack_front": true,
    "orientation": "Front",
    "storage": null,
    "comments": "",
    "rack": 623,
    "allocation": null,
    "added": "2015-07-03T07:05:06.101Z",
    "rack_back": true,
    "purpose": "",
    "rack_interior": true,
    "model": 110,
    "serial": "9OYQX61JOWN9",
    "unit": 27
  },
  "model": "hwdoc.equipment",
  "pk": 1586
},
{
  "fields": {
    "updated": "2015-07-03T07:05:06.101Z",
    "rack_front": true,
    "orientation": "Front",
    "storage": null,
    "comments": "",
    "rack": 601,
    "allocation": null,
    "added": "2015-07-03T07:05:06.101Z",
    "rack_back": true,
    "purpose": "",
    "rack_interior": true,
    "model": 114,
    "serial": "11IA0L1W",
    "unit": 1
  },
  "model": "hwdoc.equipment",
  "pk": 1587
},
{
  "fields": {
    "updated": "2015-07-03T07:05:06.101Z",
    "rack_front": true,
    "orientation": "Front",
    "storage": null,
    "comments": "",
    "rack": 613,
    "allocation": 145,
    "added": "2015-07-03T07:05:06.101Z",
    "rack_back": true,
    "purpose": "",
    "rack_interior": true,
    "model": 119,
    "serial": "V4EZ16BXP14",
    "unit": 16
  },
  "model": "hwdoc.equipment",
  "pk": 1588
},
{
  "fields": {
    "updated": "2015-07-03T07:05:06.101Z",
    "rack_front": true,
    "orientation": "Front",
    "storage": null,
    "comments": "",
    "rack": 633,
    "allocation": 150,
    "added": "2015-07-03T07:05:06.101Z",
    "rack_back": true,
    "purpose": "",
    "rack_interior": true,
    "model": 108,
    "serial": "7V7TM5J2ZB4N6WZ",
    "unit": 2
  },
  "model": "hwdoc.equipment",
  "pk": 1589
},
{
  "fields": {
    "updated": "2015-07-03T07:05:06.101Z",
    "rack_front": true,
    "orientation": "Front",
    "storage": null,
    "comments": "",
    "rack": 586,
    "allocation": 148,
    "added": "2015-07-03T07:05:06.101Z",
    "rack_back": true,
    "purpose": "",
    "rack_interior": true,
    "model": 117,
    "serial": "1PJWOX3G59T0F",
    "unit": 36
  },
  "model": "hwdoc.equipment",
  "pk": 1590
},
{
  "fields": {
    "updated": "2015-07-03T07:05:06.101Z",
    "rack_front": true,
    "orientation": "Front",
    "storage": null,
    "comments": "Test comment",
    "rack": 569,
    "allocation": 141,
    "added": "2015-07-03T07:05:06.101Z",
    "rack_back": true,
    "purpose": "",
    "rack_interior": true,
    "model": 106,
    "serial": "QUHUNNOD8LWNOL5",
    "unit": 25
  },
  "model": "hwdoc.equipment",
  "pk": 1591
},
{
  "fields": {
    "updated": "2015-07-03T07:05:06.101Z",
    "rack_front": true,
    "orientation": "Front",
    "storage": null,
    "comments": "Test comment",
    "rack": 615,
    "allocation": 147,
    "added": "2015-07-03T07:05:06.101Z",
    "rack_back": true,
    "purpose": "",
    "rack_interior": true,
    "model": 107,
    "serial": "UL86U69C20J",
    "unit": 17
  },
  "model": "hwdoc.equipment",
  "pk": 1592
},
{
  "fields": {
    "updated": "2015-07-03T07:05:06.101Z",
    "rack_front": true,
    "orientation": "Front",
    "storage": null,
    "comments": "",
    "rack": 601,
    "allocation": 141,
    "added": "2015-07-03T07:05:06.101Z",
    "rack_back": true,
    "purpose": "",
    "rack_interior": true,
    "model": 113,
    "serial": "QEOX6VS9PYBBHV",
    "unit": 35
  },
  "model": "hwdoc.equipment",
  "pk": 1593
},
{
  "fields": {
    "updated": "2015-07-03T07:05:06.101Z",
    "rack_front": true,
    "orientation": "Front",
    "storage": null,
    "comments": "",
    "rack": 628,
    "allocation": null,
    "added": "2015-07-03T07:05:06.101Z",
    "rack_back": true,
    "purpose": "",
    "rack_interior": true,
    "model": 113,
    "serial": "Z5908JME",
    "unit": 17
  },
  "model": "hwdoc.equipment",
  "pk": 1594
},
{
  "fields": {
    "updated": "2015-07-03T07:05:06.101Z",
    "rack_front": true,
    "orientation": "Front",
    "storage": null,
    "comments": "",
    "rack": 561,
    "allocation": null,
    "added": "2015-07-03T07:05:06.101Z",
    "rack_back": true,
    "purpose": "",
    "rack_interior": true,
    "model": 114,
    "serial": "4ALKTB",
    "unit": 23
  },
  "model": "hwdoc.equipment",
  "pk": 1595
},
{
  "fields": {
    "updated": "2015-07-03T07:05:06.101Z",
    "rack_front": true,
    "orientation": "Front",
    "storage": null,
    "comments": "",
    "rack": 610,
    "allocation": 153,
    "added": "2015-07-03T07:05:06.101Z",
    "rack_back": true,
    "purpose": "",
    "rack_interior": true,
    "model": 118,
    "serial": "RDMS4QMM",
    "unit": 16
  },
  "model": "hwdoc.equipment",
  "pk": 1596
},
{
  "fields": {
    "updated": "2015-07-03T07:05:06.101Z",
    "rack_front": true,
    "orientation": "Front",
    "storage": null,
    "comments": "",
    "rack": null,
    "allocation": null,
    "added": "2015-07-03T07:05:06.101Z",
    "rack_back": true,
    "purpose": "",
    "rack_interior": true,
    "model": 106,
    "serial": "PCQ4PLA9Q9Z",
    "unit": null
  },
  "model": "hwdoc.equipment",
  "pk": 1597
},
{
  "fields": {
    "updated": "2015-07-03T07:05:06.101Z",
    "rack_front": true,
    "orientation": "Front",
    "storage": null,
    "comments": "",
    "rack": 625,
    "allocation": null,
    "added": "2015-07-03T07:05:06.101Z",
    "rack_back": true,
    "purpose": "",
    "rack_interior": true,
    "model": 111,
    "serial": "JIPXXP",
    "unit": 18
  },
  "model": "hwdoc.equipment",
  "pk": 1598
},
{
  "fields": {
    "updated": "2015-07-03T07:05:06.101Z",
    "rack_front": true,
    "orientation": "Front",
    "storage": null,
    "comments": "",
    "rack": 621,
    "allocation": 145,
    "added": "2015-07-03T07:05:06.101Z",
    "rack_back": true,
    "purpose": "",
    "rack_interior": true,
    "model": 111,
    "serial": "725MP6LYRKK5CY",
    "unit": 15
  },
  "model": "hwdoc.equipment",
  "pk": 1599
},
{
  "fields": {
    "updated": "2015-07-03T07:05:06.102Z",
    "rack_front": true,
    "orientation": "Front",
    "storage": null,
    "comments": "",
    "rack": null,
    "allocation": 141,
    "added": "2015-07-03T07:05:06.102Z",
    "rack_back": true,
    "purpose": "",
    "rack_interior": true,
    "model": 108,
    "serial": "UPZVF3JI2OLV1",
    "unit": null
  },
  "model": "hwdoc.equipment",
  "pk": 1600
},
{
  "fields": {
    "username": "",
    "updated": "2015-07-03T07:05:06.126Z",
    "added": "2015-07-03T07:05:06.126Z",
    "license": "",
    "raid_license": "",
    "hostname": "769e3t9brkm0j0i.example.com",
    "equipment": 1540,
    "mac": "",
    "password": "",
    "method": "dummy"
  },
  "model": "hwdoc.servermanagement",
  "pk": 142
},
{
  "fields": {
    "username": "",
    "updated": "2015-07-03T07:05:06.126Z",
    "added": "2015-07-03T07:05:06.126Z",
    "license": "",
    "raid_license": "",
    "hostname": "3qn40rfnmhv.example.com",
    "equipment": 1554,
    "mac": "",
    "password": "",
    "method": "dummy"
  },
  "model": "hwdoc.servermanagement",
  "pk": 143
},
{
  "fields": {
    "username": "",
    "updated": "2015-07-03T07:05:06.126Z",
    "added": "2015-07-03T07:05:06.126Z",
    "license": "",
    "raid_license": "",
    "hostname": "9vyk0e4hnhlo7ya.example.com",
    "equipment": 1582,
    "mac": "",
    "password": "",
    "method": "dummy"
  },
  "model": "hwdoc.servermanagement",
  "pk": 144
},
{
  "fields": {
    "username": "",
    "updated": "2015-07-03T07:05:06.126Z",
    "added": "2015-07-03T07:05:06.126Z",
    "license": "",
    "raid_license": "",
    "hostname": "tibnbuffdxjx.example.com",
    "equipment": 1448,
    "mac": "",
    "password": "",
    "method": "dummy"
  },
  "model": "hwdoc.servermanagement",
  "pk": 145
},
{
  "fields": {
    "username": "",
    "updated": "2015-07-03T07:05:06.126Z",
    "added": "2015-07-03T07:05:06.126Z",
    "license": "",
    "raid_license": "",
    "hostname": "9hhx7lgb0z9.example.com",
    "equipment": 1600,
    "mac": "",
    "password": "",
    "method": "dummy"
  },
  "model": "hwdoc.servermanagement",
  "pk": 146
},
{
  "fields": {
    "username": "",
    "updated": "2015-07-03T07:05:06.126Z",
    "added": "2015-07-03T07:05:06.126Z",
    "license": "",
    "raid_license": "",
    "hostname": "o2wnkw1ovs6u.example.com",
    "equipment": 1443,
    "mac": "",
    "password": "",
    "method": "dummy"
  },
  "model": "hwdoc.servermanagement",
  "pk": 147
},
{
  "fields": {
    "username": "",
    "updated": "2015-07-03T07:05:06.126Z",
    "added": "2015-07-03T07:05:06.126Z",
    "license": "",
    "raid_license": "",
    "hostname": "0pt6g29pu34.example.com",
    "equipment": 1445,
    "mac": "",
    "password": "",
    "method": "dummy"
  },
  "model": "hwdoc.servermanagement",
  "pk": 148
},
{
  "fields": {
    "username": "",
    "updated": "2015-07-03T07:05:06.126Z",
    "added": "2015-07-03T07:05:06.126Z",
    "license": "",
    "raid_license": "",
    "hostname": "7dyk0xtpo7hc9ur.example.com",
    "equipment": 1486,
    "mac": "",
    "password": "",
    "method": "dummy"
  },
  "model": "hwdoc.servermanagement",
  "pk": 149
},
{
  "fields": {
    "username": "",
    "updated": "2015-07-03T07:05:06.126Z",
    "added": "2015-07-03T07:05:06.126Z",
    "license": "",
    "raid_license": "",
    "hostname": "zfcj080hu9g5.example.com",
    "equipment": 1429,
    "mac": "",
    "password": "",
    "method": "dummy"
  },
  "model": "hwdoc.servermanagement",
  "pk": 150
},
{
  "fields": {
    "username": "",
    "updated": "2015-07-03T07:05:06.126Z",
    "added": "2015-07-03T07:05:06.126Z",
    "license": "",
    "raid_license": "",
    "hostname": "rodnq8yxobqc3lssw7.example.com",
    "equipment": 1526,
    "mac": "",
    "password": "",
    "method": "dummy"
  },
  "model": "hwdoc.servermanagement",
  "pk": 151
},
{
  "fields": {
    "username": "",
    "updated": "2015-07-03T07:05:06.126Z",
    "added": "2015-07-03T07:05:06.126Z",
    "license": "",
    "raid_license": "",
    "hostname": "2xmb0qit575.example.com",
    "equipment": 1519,
    "mac": "",
    "password": "",
    "method": "dummy"
  },
  "model": "hwdoc.servermanagement",
  "pk": 152
},
{
  "fields": {
    "username": "",
    "updated": "2015-07-03T07:05:06.126Z",
    "added": "2015-07-03T07:05:06.126Z",
    "license": "",
    "raid_license": "",
    "hostname": "pdo55apmlp9spqzgdx6.example.com",
    "equipment": 1528,
    "mac": "",
    "password": "",
    "method": "dummy"
  },
  "model": "hwdoc.servermanagement",
  "pk": 153
},
{
  "fields": {
    "username": "",
    "updated": "2015-07-03T07:05:06.126Z",
    "added": "2015-07-03T07:05:06.126Z",
    "license": "",
    "raid_license": "",
    "hostname": "nwkonwx.example.com",
    "equipment": 1414,
    "mac": "",
    "password": "",
    "method": "dummy"
  },
  "model": "hwdoc.servermanagement",
  "pk": 154
},
{
  "fields": {
    "username": "",
    "updated": "2015-07-03T07:05:06.126Z",
    "added": "2015-07-03T07:05:06.126Z",
    "license": "",
    "raid_license": "",
    "hostname": "zj3h7qfmrrg78v0pulvl.example.com",
    "equipment": 1426,
    "mac": "",
    "password": "",
    "method": "dummy"
  },
  "model": "hwdoc.servermanagement",
  "pk": 155
},
{
  "fields": {
    "username": "",
    "updated": "2015-07-03T07:05:06.127Z",
    "added": "2015-07-03T07:05:06.127Z",
    "license": "",
    "raid_license": "",
    "hostname": "0z1c5qrl7h3kfa.example.com",
    "equipment": 1456,
    "mac": "",
    "password": "",
    "method": "dummy"
  },
  "model": "hwdoc.servermanagement",
  "pk": 156
},
{
  "fields": {
    "username": "",
    "updated": "2015-07-03T07:05:06.127Z",
    "added": "2015-07-03T07:05:06.127Z",
    "license": "",
    "raid_license": "",
    "hostname": "jlut8fiy.example.com",
    "equipment": 1497,
    "mac": "",
    "password": "",
    "method": "dummy"
  },
  "model": "hwdoc.servermanagement",
  "pk": 157
},
{
  "fields": {
    "username": "",
    "updated": "2015-07-03T07:05:06.127Z",
    "added": "2015-07-03T07:05:06.127Z",
    "license": "",
    "raid_license": "",
    "hostname": "gswx2s9kuqq70m8ol9x.example.com",
    "equipment": 1506,
    "mac": "",
    "password": "",
    "method": "dummy"
  },
  "model": "hwdoc.servermanagement",
  "pk": 158
},
{
  "fields": {
    "username": "",
    "updated": "2015-07-03T07:05:06.127Z",
    "added": "2015-07-03T07:05:06.127Z",
    "license": "",
    "raid_license": "",
    "hostname": "2vryozkhrjpcd.example.com",
    "equipment": 1530,
    "mac": "",
    "password": "",
    "method": "dummy"
  },
  "model": "hwdoc.servermanagement",
  "pk": 159
},
{
  "fields": {
    "username": "",
    "updated": "2015-07-03T07:05:06.127Z",
    "added": "2015-07-03T07:05:06.127Z",
    "license": "",
    "raid_license": "",
    "hostname": "n8nn5clsbw16s8q.example.com",
    "equipment": 1453,
    "mac": "",
    "password": "",
    "method": "dummy"
  },
  "model": "hwdoc.servermanagement",
  "pk": 160
},
{
  "fields": {
    "username": "",
    "updated": "2015-07-03T07:05:06.127Z",
    "added": "2015-07-03T07:05:06.127Z",
    "license": "",
    "raid_license": "",
    "hostname": "h0z9bk.example.com",
    "equipment": 1561,
    "mac": "",
    "password": "",
    "method": "dummy"
  },
  "model": "hwdoc.servermanagement",
  "pk": 161
},
{
  "fields": {
    "username": "",
    "updated": "2015-07-03T07:05:06.127Z",
    "added": "2015-07-03T07:05:06.127Z",
    "license": "",
    "raid_license": "",
    "hostname": "86lhhy8pi.example.com",
    "equipment": 1404,
    "mac": "",
    "password": "",
    "method": "dummy"
  },
  "model": "hwdoc.servermanagement",
  "pk": 162
},
{
  "fields": {
    "username": "",
    "updated": "2015-07-03T07:05:06.127Z",
    "added": "2015-07-03T07:05:06.127Z",
    "license": "",
    "raid_license": "",
    "hostname": "6k4c99ldrsoozd.example.com",
    "equipment": 1461,
    "mac": "",
    "password": "",
    "method": "dummy"
  },
  "model": "hwdoc.servermanagement",
  "pk": 163
},
{
  "fields": {
    "username": "",
    "updated": "2015-07-03T07:05:06.127Z",
    "added": "2015-07-03T07:05:06.127Z",
    "license": "",
    "raid_license": "",
    "hostname": "0qg657a.example.com",
    "equipment": 1510,
    "mac": "",
    "password": "",
    "method": "dummy"
  },
  "model": "hwdoc.servermanagement",
  "pk": 164
},
{
  "fields": {
    "username": "",
    "updated": "2015-07-03T07:05:06.127Z",
    "added": "2015-07-03T07:05:06.127Z",
    "license": "",
    "raid_license": "",
    "hostname": "jqpwnst3v3omukp8yn9p.example.com",
    "equipment": 1464,
    "mac": "",
    "password": "",
    "method": "dummy"
  },
  "model": "hwdoc.servermanagement",
  "pk": 165
},
{
  "fields": {
    "username": "",
    "updated": "2015-07-03T07:05:06.127Z",
    "added": "2015-07-03T07:05:06.127Z",
    "license": "",
    "raid_license": "",
    "hostname": "igi4d184bd6.example.com",
    "equipment": 1574,
    "mac": "",
    "password": "",
    "method": "dummy"
  },
  "model": "hwdoc.servermanagement",
  "pk": 166
},
{
  "fields": {
    "username": "",
    "updated": "2015-07-03T07:05:06.127Z",
    "added": "2015-07-03T07:05:06.127Z",
    "license": "",
    "raid_license": "",
    "hostname": "dduqmfa9vm30qpha1ac.example.com",
    "equipment": 1418,
    "mac": "",
    "password": "",
    "method": "dummy"
  },
  "model": "hwdoc.servermanagement",
  "pk": 167
},
{
  "fields": {
    "username": "",
    "updated": "2015-07-03T07:05:06.127Z",
    "added": "2015-07-03T07:05:06.127Z",
    "license": "",
    "raid_license": "",
    "hostname": "zzbd2m.example.com",
    "equipment": 1575,
    "mac": "",
    "password": "",
    "method": "dummy"
  },
  "model": "hwdoc.servermanagement",
  "pk": 168
},
{
  "fields": {
    "username": "",
    "updated": "2015-07-03T07:05:06.127Z",
    "added": "2015-07-03T07:05:06.127Z",
    "license": "",
    "raid_license": "",
    "hostname": "fxcz9xdkpatfbxw.example.com",
    "equipment": 1466,
    "mac": "",
    "password": "",
    "method": "dummy"
  },
  "model": "hwdoc.servermanagement",
  "pk": 169
},
{
  "fields": {
    "username": "",
    "updated": "2015-07-03T07:05:06.127Z",
    "added": "2015-07-03T07:05:06.127Z",
    "license": "",
    "raid_license": "",
    "hostname": "lcre8nkac7zzlz.example.com",
    "equipment": 1572,
    "mac": "",
    "password": "",
    "method": "dummy"
  },
  "model": "hwdoc.servermanagement",
  "pk": 170
},
{
  "fields": {
    "username": "",
    "updated": "2015-07-03T07:05:06.127Z",
    "added": "2015-07-03T07:05:06.127Z",
    "license": "",
    "raid_license": "",
    "hostname": "1x8q2mnh.example.com",
    "equipment": 1521,
    "mac": "",
    "password": "",
    "method": "dummy"
  },
  "model": "hwdoc.servermanagement",
  "pk": 171
},
{
  "fields": {
    "username": "",
    "updated": "2015-07-03T07:05:06.127Z",
    "added": "2015-07-03T07:05:06.127Z",
    "license": "",
    "raid_license": "",
    "hostname": "nu9vn1ut06g.example.com",
    "equipment": 1545,
    "mac": "",
    "password": "",
    "method": "dummy"
  },
  "model": "hwdoc.servermanagement",
  "pk": 172
},
{
  "fields": {
    "username": "",
    "updated": "2015-07-03T07:05:06.127Z",
    "added": "2015-07-03T07:05:06.127Z",
    "license": "",
    "raid_license": "",
    "hostname": "hso480wa64.example.com",
    "equipment": 1529,
    "mac": "",
    "password": "",
    "method": "dummy"
  },
  "model": "hwdoc.servermanagement",
  "pk": 173
},
{
  "fields": {
    "username": "",
    "updated": "2015-07-03T07:05:06.128Z",
    "added": "2015-07-03T07:05:06.128Z",
    "license": "",
    "raid_license": "",
    "hostname": "utaytiuxylszz.example.com",
    "equipment": 1576,
    "mac": "",
    "password": "",
    "method": "dummy"
  },
  "model": "hwdoc.servermanagement",
  "pk": 174
},
{
  "fields": {
    "username": "",
    "updated": "2015-07-03T07:05:06.128Z",
    "added": "2015-07-03T07:05:06.128Z",
    "license": "",
    "raid_license": "",
    "hostname": "n0dyw4ayprtsen9a72nf.example.com",
    "equipment": 1537,
    "mac": "",
    "password": "",
    "method": "dummy"
  },
  "model": "hwdoc.servermanagement",
  "pk": 175
},
{
  "fields": {
    "username": "",
    "updated": "2015-07-03T07:05:06.128Z",
    "added": "2015-07-03T07:05:06.128Z",
    "license": "",
    "raid_license": "",
    "hostname": "lf5kz03xsth.example.com",
    "equipment": 1455,
    "mac": "",
    "password": "",
    "method": "dummy"
  },
  "model": "hwdoc.servermanagement",
  "pk": 176
},
{
  "fields": {
    "username": "",
    "updated": "2015-07-03T07:05:06.128Z",
    "added": "2015-07-03T07:05:06.128Z",
    "license": "",
    "raid_license": "",
    "hostname": "kg9e0sh.example.com",
    "equipment": 1444,
    "mac": "",
    "password": "",
    "method": "dummy"
  },
  "model": "hwdoc.servermanagement",
  "pk": 177
},
{
  "fields": {
    "username": "",
    "updated": "2015-07-03T07:05:06.128Z",
    "added": "2015-07-03T07:05:06.128Z",
    "license": "",
    "raid_license": "",
    "hostname": "cpqx9oeixn39godyilo.example.com",
    "equipment": 1583,
    "mac": "",
    "password": "",
    "method": "dummy"
  },
  "model": "hwdoc.servermanagement",
  "pk": 178
},
{
  "fields": {
    "username": "",
    "updated": "2015-07-03T07:05:06.128Z",
    "added": "2015-07-03T07:05:06.128Z",
    "license": "",
    "raid_license": "",
    "hostname": "nmnt4m7c3l.example.com",
    "equipment": 1595,
    "mac": "",
    "password": "",
    "method": "dummy"
  },
  "model": "hwdoc.servermanagement",
  "pk": 179
},
{
  "fields": {
    "username": "",
    "updated": "2015-07-03T07:05:06.128Z",
    "added": "2015-07-03T07:05:06.128Z",
    "license": "",
    "raid_license": "",
    "hostname": "nme1qj9.example.com",
    "equipment": 1478,
    "mac": "",
    "password": "",
    "method": "dummy"
  },
  "model": "hwdoc.servermanagement",
  "pk": 180
},
{
  "fields": {
    "username": "",
    "updated": "2015-07-03T07:05:06.128Z",
    "added": "2015-07-03T07:05:06.128Z",
    "license": "",
    "raid_license": "",
    "hostname": "oirayffe104v.example.com",
    "equipment": 1553,
    "mac": "",
    "password": "",
    "method": "dummy"
  },
  "model": "hwdoc.servermanagement",
  "pk": 181
},
{
  "fields": {
    "username": "",
    "updated": "2015-07-03T07:05:06.128Z",
    "added": "2015-07-03T07:05:06.128Z",
    "license": "",
    "raid_license": "",
    "hostname": "wco0t8tbbmotep.example.com",
    "equipment": 1527,
    "mac": "",
    "password": "",
    "method": "dummy"
  },
  "model": "hwdoc.servermanagement",
  "pk": 182
},
{
  "fields": {
    "username": "",
    "updated": "2015-07-03T07:05:06.128Z",
    "added": "2015-07-03T07:05:06.128Z",
    "license": "",
    "raid_license": "",
    "hostname": "q8kr0b.example.com",
    "equipment": 1434,
    "mac": "",
    "password": "",
    "method": "dummy"
  },
  "model": "hwdoc.servermanagement",
  "pk": 183
},
{
  "fields": {
    "username": "",
    "updated": "2015-07-03T07:05:06.128Z",
    "added": "2015-07-03T07:05:06.128Z",
    "license": "",
    "raid_license": "",
    "hostname": "pa4basfmoxtcpp6v.example.com",
    "equipment": 1476,
    "mac": "",
    "password": "",
    "method": "dummy"
  },
  "model": "hwdoc.servermanagement",
  "pk": 184
},
{
  "fields": {
    "username": "",
    "updated": "2015-07-03T07:05:06.128Z",
    "added": "2015-07-03T07:05:06.128Z",
    "license": "",
    "raid_license": "",
    "hostname": "gf8e4lex56yxqrl.example.com",
    "equipment": 1551,
    "mac": "",
    "password": "",
    "method": "dummy"
  },
  "model": "hwdoc.servermanagement",
  "pk": 185
},
{
  "fields": {
    "username": "",
    "updated": "2015-07-03T07:05:06.128Z",
    "added": "2015-07-03T07:05:06.128Z",
    "license": "",
    "raid_license": "",
    "hostname": "vuysl7wvagye0.example.com",
    "equipment": 1467,
    "mac": "",
    "password": "",
    "method": "dummy"
  },
  "model": "hwdoc.servermanagement",
  "pk": 186
},
{
  "fields": {
    "username": "",
    "updated": "2015-07-03T07:05:06.128Z",
    "added": "2015-07-03T07:05:06.128Z",
    "license": "",
    "raid_license": "",
    "hostname": "b1b8i7ujqrt.example.com",
    "equipment": 1423,
    "mac": "",
    "password": "",
    "method": "dummy"
  },
  "model": "hwdoc.servermanagement",
  "pk": 187
},
{
  "fields": {
    "username": "",
    "updated": "2015-07-03T07:05:06.128Z",
    "added": "2015-07-03T07:05:06.128Z",
    "license": "",
    "raid_license": "",
    "hostname": "g3z23o6axpkh3bs6d.example.com",
    "equipment": 1498,
    "mac": "",
    "password": "",
    "method": "dummy"
  },
  "model": "hwdoc.servermanagement",
  "pk": 188
},
{
  "fields": {
    "username": "",
    "updated": "2015-07-03T07:05:06.128Z",
    "added": "2015-07-03T07:05:06.128Z",
    "license": "",
    "raid_license": "",
    "hostname": "n7slv8czmyifytnl.example.com",
    "equipment": 1493,
    "mac": "",
    "password": "",
    "method": "dummy"
  },
  "model": "hwdoc.servermanagement",
  "pk": 189
},
{
  "fields": {
    "username": "",
    "updated": "2015-07-03T07:05:06.128Z",
    "added": "2015-07-03T07:05:06.128Z",
    "license": "",
    "raid_license": "",
    "hostname": "tnw0ktyc2mf0mjfsa7rt.example.com",
    "equipment": 1535,
    "mac": "",
    "password": "",
    "method": "dummy"
  },
  "model": "hwdoc.servermanagement",
  "pk": 190
},
{
  "fields": {
    "username": "",
    "updated": "2015-07-03T07:05:06.128Z",
    "added": "2015-07-03T07:05:06.128Z",
    "license": "",
    "raid_license": "",
    "hostname": "j0jpfuw31.example.com",
    "equipment": 1556,
    "mac": "",
    "password": "",
    "method": "dummy"
  },
  "model": "hwdoc.servermanagement",
  "pk": 191
},
{
  "fields": {
    "username": "",
    "updated": "2015-07-03T07:05:06.129Z",
    "added": "2015-07-03T07:05:06.128Z",
    "license": "",
    "raid_license": "",
    "hostname": "e6e038wmk1pem.example.com",
    "equipment": 1457,
    "mac": "",
    "password": "",
    "method": "dummy"
  },
  "model": "hwdoc.servermanagement",
  "pk": 192
},
{
  "fields": {
    "username": "",
    "updated": "2015-07-03T07:05:06.129Z",
    "added": "2015-07-03T07:05:06.129Z",
    "license": "",
    "raid_license": "",
    "hostname": "2tqjdij04529a00w.example.com",
    "equipment": 1578,
    "mac": "",
    "password": "",
    "method": "dummy"
  },
  "model": "hwdoc.servermanagement",
  "pk": 193
},
{
  "fields": {
    "username": "",
    "updated": "2015-07-03T07:05:06.129Z",
    "added": "2015-07-03T07:05:06.129Z",
    "license": "",
    "raid_license": "",
    "hostname": "cvujc55uwhcnt9mt9rg2.example.com",
    "equipment": 1421,
    "mac": "",
    "password": "",
    "method": "dummy"
  },
  "model": "hwdoc.servermanagement",
  "pk": 194
},
{
  "fields": {
    "username": "",
    "updated": "2015-07-03T07:05:06.129Z",
    "added": "2015-07-03T07:05:06.129Z",
    "license": "",
    "raid_license": "",
    "hostname": "zzi5ego81oh4f.example.com",
    "equipment": 1522,
    "mac": "",
    "password": "",
    "method": "dummy"
  },
  "model": "hwdoc.servermanagement",
  "pk": 195
},
{
  "fields": {
    "username": "",
    "updated": "2015-07-03T07:05:06.129Z",
    "added": "2015-07-03T07:05:06.129Z",
    "license": "",
    "raid_license": "",
    "hostname": "ta8xl14zm4f98qut8.example.com",
    "equipment": 1415,
    "mac": "",
    "password": "",
    "method": "dummy"
  },
  "model": "hwdoc.servermanagement",
  "pk": 196
},
{
  "fields": {
    "username": "",
    "updated": "2015-07-03T07:05:06.129Z",
    "added": "2015-07-03T07:05:06.129Z",
    "license": "",
    "raid_license": "",
    "hostname": "zank69il715bytkgwl2k.example.com",
    "equipment": 1483,
    "mac": "",
    "password": "",
    "method": "dummy"
  },
  "model": "hwdoc.servermanagement",
  "pk": 197
},
{
  "fields": {
    "username": "",
    "updated": "2015-07-03T07:05:06.129Z",
    "added": "2015-07-03T07:05:06.129Z",
    "license": "",
    "raid_license": "",
    "hostname": "fnwhcmej0.example.com",
    "equipment": 1501,
    "mac": "",
    "password": "",
    "method": "dummy"
  },
  "model": "hwdoc.servermanagement",
  "pk": 198
},
{
  "fields": {
    "username": "",
    "updated": "2015-07-03T07:05:06.129Z",
    "added": "2015-07-03T07:05:06.129Z",
    "license": "",
    "raid_license": "",
    "hostname": "uvj0isi0m.example.com",
    "equipment": 1446,
    "mac": "",
    "password": "",
    "method": "dummy"
  },
  "model": "hwdoc.servermanagement",
  "pk": 199
},
{
  "fields": {
    "username": "",
    "updated": "2015-07-03T07:05:06.129Z",
    "added": "2015-07-03T07:05:06.129Z",
    "license": "",
    "raid_license": "",
    "hostname": "4ma4pe3h1p.example.com",
    "equipment": 1439,
    "mac": "",
    "password": "",
    "method": "dummy"
  },
  "model": "hwdoc.servermanagement",
  "pk": 200
},
{
  "fields": {
    "username": "",
    "updated": "2015-07-03T07:05:06.129Z",
    "added": "2015-07-03T07:05:06.129Z",
    "license": "",
    "raid_license": "",
    "hostname": "ea2von11qqvrrf.example.com",
    "equipment": 1590,
    "mac": "",
    "password": "",
    "method": "dummy"
  },
  "model": "hwdoc.servermanagement",
  "pk": 201
},
{
  "fields": {
    "username": "",
    "updated": "2015-07-03T07:05:06.129Z",
    "added": "2015-07-03T07:05:06.129Z",
    "license": "",
    "raid_license": "",
    "hostname": "kmdx7k.example.com",
    "equipment": 1405,
    "mac": "",
    "password": "",
    "method": "dummy"
  },
  "model": "hwdoc.servermanagement",
  "pk": 202
},
{
  "fields": {
    "username": "",
    "updated": "2015-07-03T07:05:06.129Z",
    "added": "2015-07-03T07:05:06.129Z",
    "license": "",
    "raid_license": "",
    "hostname": "6pkpm87d7rkqp6ezpi8.example.com",
    "equipment": 1472,
    "mac": "",
    "password": "",
    "method": "dummy"
  },
  "model": "hwdoc.servermanagement",
  "pk": 203
},
{
  "fields": {
    "username": "",
    "updated": "2015-07-03T07:05:06.129Z",
    "added": "2015-07-03T07:05:06.129Z",
    "license": "",
    "raid_license": "",
    "hostname": "xgeq9hb1q7dcwnpfu8.example.com",
    "equipment": 1517,
    "mac": "",
    "password": "",
    "method": "dummy"
  },
  "model": "hwdoc.servermanagement",
  "pk": 204
},
{
  "fields": {
    "username": "",
    "updated": "2015-07-03T07:05:06.129Z",
    "added": "2015-07-03T07:05:06.129Z",
    "license": "",
    "raid_license": "",
    "hostname": "fnxyeq.example.com",
    "equipment": 1541,
    "mac": "",
    "password": "",
    "method": "dummy"
  },
  "model": "hwdoc.servermanagement",
  "pk": 205
},
{
  "fields": {
    "username": "",
    "updated": "2015-07-03T07:05:06.129Z",
    "added": "2015-07-03T07:05:06.129Z",
    "license": "",
    "raid_license": "",
    "hostname": "oddw5mhu2mjow89h.example.com",
    "equipment": 1588,
    "mac": "",
    "password": "",
    "method": "dummy"
  },
  "model": "hwdoc.servermanagement",
  "pk": 206
},
{
  "fields": {
    "username": "",
    "updated": "2015-07-03T07:05:06.129Z",
    "added": "2015-07-03T07:05:06.129Z",
    "license": "",
    "raid_license": "",
    "hostname": "c61zruqchy71k.example.com",
    "equipment": 1485,
    "mac": "",
    "password": "",
    "method": "dummy"
  },
  "model": "hwdoc.servermanagement",
  "pk": 207
},
{
  "fields": {
    "username": "",
    "updated": "2015-07-03T07:05:06.129Z",
    "added": "2015-07-03T07:05:06.129Z",
    "license": "",
    "raid_license": "",
    "hostname": "rs7kcs0.example.com",
    "equipment": 1441,
    "mac": "",
    "password": "",
    "method": "dummy"
  },
  "model": "hwdoc.servermanagement",
  "pk": 208
},
{
  "fields": {
    "username": "",
    "updated": "2015-07-03T07:05:06.129Z",
    "added": "2015-07-03T07:05:06.129Z",
    "license": "",
    "raid_license": "",
    "hostname": "xve3drfi7cvd7noqx.example.com",
    "equipment": 1566,
    "mac": "",
    "password": "",
    "method": "dummy"
  },
  "model": "hwdoc.servermanagement",
  "pk": 209
},
{
  "fields": {
    "username": "",
    "updated": "2015-07-03T07:05:06.129Z",
    "added": "2015-07-03T07:05:06.129Z",
    "license": "",
    "raid_license": "",
    "hostname": "sxmjdgb.example.com",
    "equipment": 1507,
    "mac": "",
    "password": "",
    "method": "dummy"
  },
  "model": "hwdoc.servermanagement",
  "pk": 210
},
{
  "fields": {
    "username": "",
    "updated": "2015-07-03T07:05:06.130Z",
    "added": "2015-07-03T07:05:06.130Z",
    "license": "",
    "raid_license": "",
    "hostname": "39f8sxlzt9huqhr4epp.example.com",
    "equipment": 1459,
    "mac": "",
    "password": "",
    "method": "dummy"
  },
  "model": "hwdoc.servermanagement",
  "pk": 211
},
{
  "fields": {
    "username": "",
    "updated": "2015-07-03T07:05:06.130Z",
    "added": "2015-07-03T07:05:06.130Z",
    "license": "",
    "raid_license": "",
    "hostname": "27dbecbe6slt.example.com",
    "equipment": 1555,
    "mac": "",
    "password": "",
    "method": "dummy"
  },
  "model": "hwdoc.servermanagement",
  "pk": 212
},
{
  "fields": {
    "username": "",
    "updated": "2015-07-03T07:05:06.130Z",
    "added": "2015-07-03T07:05:06.130Z",
    "license": "",
    "raid_license": "",
    "hostname": "4cnb2kzde6hth9wo.example.com",
    "equipment": 1518,
    "mac": "",
    "password": "",
    "method": "dummy"
  },
  "model": "hwdoc.servermanagement",
  "pk": 213
},
{
  "fields": {
    "username": "",
    "updated": "2015-07-03T07:05:06.130Z",
    "added": "2015-07-03T07:05:06.130Z",
    "license": "",
    "raid_license": "",
    "hostname": "fmw6jl8.example.com",
    "equipment": 1470,
    "mac": "",
    "password": "",
    "method": "dummy"
  },
  "model": "hwdoc.servermanagement",
  "pk": 214
},
{
  "fields": {
    "username": "",
    "updated": "2015-07-03T07:05:06.130Z",
    "added": "2015-07-03T07:05:06.130Z",
    "license": "",
    "raid_license": "",
    "hostname": "ucqe6op7kw53isptx.example.com",
    "equipment": 1502,
    "mac": "",
    "password": "",
    "method": "dummy"
  },
  "model": "hwdoc.servermanagement",
  "pk": 215
},
{
  "fields": {
    "username": "",
    "updated": "2015-07-03T07:05:06.130Z",
    "added": "2015-07-03T07:05:06.130Z",
    "license": "",
    "raid_license": "",
    "hostname": "fmdp9gsddidfd1in.example.com",
    "equipment": 1563,
    "mac": "",
    "password": "",
    "method": "dummy"
  },
  "model": "hwdoc.servermanagement",
  "pk": 216
},
{
  "fields": {
    "username": "",
    "updated": "2015-07-03T07:05:06.130Z",
    "added": "2015-07-03T07:05:06.130Z",
    "license": "",
    "raid_license": "",
    "hostname": "bddm64wu5ab.example.com",
    "equipment": 1511,
    "mac": "",
    "password": "",
    "method": "dummy"
  },
  "model": "hwdoc.servermanagement",
  "pk": 217
},
{
  "fields": {
    "username": "",
    "updated": "2015-07-03T07:05:06.130Z",
    "added": "2015-07-03T07:05:06.130Z",
    "license": "",
    "raid_license": "",
    "hostname": "u32dr0ah3.example.com",
    "equipment": 1564,
    "mac": "",
    "password": "",
    "method": "dummy"
  },
  "model": "hwdoc.servermanagement",
  "pk": 218
},
{
  "fields": {
    "username": "",
    "updated": "2015-07-03T07:05:06.130Z",
    "added": "2015-07-03T07:05:06.130Z",
    "license": "",
    "raid_license": "",
    "hostname": "850jt8wwrs3hhk.example.com",
    "equipment": 1480,
    "mac": "",
    "password": "",
    "method": "dummy"
  },
  "model": "hwdoc.servermanagement",
  "pk": 219
},
{
  "fields": {
    "username": "",
    "updated": "2015-07-03T07:05:06.130Z",
    "added": "2015-07-03T07:05:06.130Z",
    "license": "",
    "raid_license": "",
    "hostname": "5gsksfaf1swk5j8.example.com",
    "equipment": 1534,
    "mac": "",
    "password": "",
    "method": "dummy"
  },
  "model": "hwdoc.servermanagement",
  "pk": 220
},
{
  "fields": {
    "username": "",
    "updated": "2015-07-03T07:05:06.130Z",
    "added": "2015-07-03T07:05:06.130Z",
    "license": "",
    "raid_license": "",
    "hostname": "snjv1dvuxy.example.com",
    "equipment": 1531,
    "mac": "",
    "password": "",
    "method": "dummy"
  },
  "model": "hwdoc.servermanagement",
  "pk": 221
},
{
  "fields": {
    "username": "",
    "updated": "2015-07-03T07:05:06.130Z",
    "added": "2015-07-03T07:05:06.130Z",
    "license": "",
    "raid_license": "",
    "hostname": "pyqd2ra37ipytp.example.com",
    "equipment": 1586,
    "mac": "",
    "password": "",
    "method": "dummy"
  },
  "model": "hwdoc.servermanagement",
  "pk": 222
},
{
  "fields": {
    "username": "",
    "updated": "2015-07-03T07:05:06.130Z",
    "added": "2015-07-03T07:05:06.130Z",
    "license": "",
    "raid_license": "",
    "hostname": "3hw6qcxwhlaxf97it1.example.com",
    "equipment": 1431,
    "mac": "",
    "password": "",
    "method": "dummy"
  },
  "model": "hwdoc.servermanagement",
  "pk": 223
},
{
  "fields": {
    "username": "",
    "updated": "2015-07-03T07:05:06.130Z",
    "added": "2015-07-03T07:05:06.130Z",
    "license": "",
    "raid_license": "",
    "hostname": "m5emiavk.example.com",
    "equipment": 1425,
    "mac": "",
    "password": "",
    "method": "dummy"
  },
  "model": "hwdoc.servermanagement",
  "pk": 224
},
{
  "fields": {
    "username": "",
    "updated": "2015-07-03T07:05:06.130Z",
    "added": "2015-07-03T07:05:06.130Z",
    "license": "",
    "raid_license": "",
    "hostname": "r8p01sxqs.example.com",
    "equipment": 1539,
    "mac": "",
    "password": "",
    "method": "dummy"
  },
  "model": "hwdoc.servermanagement",
  "pk": 225
},
{
  "fields": {
    "username": "",
    "updated": "2015-07-03T07:05:06.130Z",
    "added": "2015-07-03T07:05:06.130Z",
    "license": "",
    "raid_license": "",
    "hostname": "kqxz13q8ugjpdgy.example.com",
    "equipment": 1491,
    "mac": "",
    "password": "",
    "method": "dummy"
  },
  "model": "hwdoc.servermanagement",
  "pk": 226
},
{
  "fields": {
    "username": "",
    "updated": "2015-07-03T07:05:06.130Z",
    "added": "2015-07-03T07:05:06.130Z",
    "license": "",
    "raid_license": "",
    "hostname": "qwhvxhgnhgrr04i.example.com",
    "equipment": 1468,
    "mac": "",
    "password": "",
    "method": "dummy"
  },
  "model": "hwdoc.servermanagement",
  "pk": 227
},
{
  "fields": {
    "username": "",
    "updated": "2015-07-03T07:05:06.130Z",
    "added": "2015-07-03T07:05:06.130Z",
    "license": "",
    "raid_license": "",
    "hostname": "zsn3ez.example.com",
    "equipment": 1408,
    "mac": "",
    "password": "",
    "method": "dummy"
  },
  "model": "hwdoc.servermanagement",
  "pk": 228
},
{
  "fields": {
    "username": "",
    "updated": "2015-07-03T07:05:06.130Z",
    "added": "2015-07-03T07:05:06.130Z",
    "license": "",
    "raid_license": "",
    "hostname": "0m20xb0.example.com",
    "equipment": 1417,
    "mac": "",
    "password": "",
    "method": "dummy"
  },
  "model": "hwdoc.servermanagement",
  "pk": 229
},
{
  "fields": {
    "username": "",
    "updated": "2015-07-03T07:05:06.131Z",
    "added": "2015-07-03T07:05:06.131Z",
    "license": "",
    "raid_license": "",
    "hostname": "hsrjhqxkbkj5.example.com",
    "equipment": 1479,
    "mac": "",
    "password": "",
    "method": "dummy"
  },
  "model": "hwdoc.servermanagement",
  "pk": 230
},
{
  "fields": {
    "username": "",
    "updated": "2015-07-03T07:05:06.131Z",
    "added": "2015-07-03T07:05:06.131Z",
    "license": "",
    "raid_license": "",
    "hostname": "n1l3xus7ffdckf6j0h.example.com",
    "equipment": 1477,
    "mac": "",
    "password": "",
    "method": "dummy"
  },
  "model": "hwdoc.servermanagement",
  "pk": 231
},
{
  "fields": {
    "username": "",
    "updated": "2015-07-03T07:05:06.131Z",
    "added": "2015-07-03T07:05:06.131Z",
    "license": "",
    "raid_license": "",
    "hostname": "vmoppykh53gyup5x.example.com",
    "equipment": 1571,
    "mac": "",
    "password": "",
    "method": "dummy"
  },
  "model": "hwdoc.servermanagement",
  "pk": 232
},
{
  "fields": {
    "username": "",
    "updated": "2015-07-03T07:05:06.131Z",
    "added": "2015-07-03T07:05:06.131Z",
    "license": "",
    "raid_license": "",
    "hostname": "ry7ia1o.example.com",
    "equipment": 1549,
    "mac": "",
    "password": "",
    "method": "dummy"
  },
  "model": "hwdoc.servermanagement",
  "pk": 233
},
{
  "fields": {
    "username": "",
    "updated": "2015-07-03T07:05:06.131Z",
    "added": "2015-07-03T07:05:06.131Z",
    "license": "",
    "raid_license": "",
    "hostname": "0ndfulnjt.example.com",
    "equipment": 1505,
    "mac": "",
    "password": "",
    "method": "dummy"
  },
  "model": "hwdoc.servermanagement",
  "pk": 234
},
{
  "fields": {
    "username": "",
    "updated": "2015-07-03T07:05:06.131Z",
    "added": "2015-07-03T07:05:06.131Z",
    "license": "",
    "raid_license": "",
    "hostname": "ieg90a6.example.com",
    "equipment": 1550,
    "mac": "",
    "password": "",
    "method": "dummy"
  },
  "model": "hwdoc.servermanagement",
  "pk": 235
},
{
  "fields": {
    "username": "",
    "updated": "2015-07-03T07:05:06.131Z",
    "added": "2015-07-03T07:05:06.131Z",
    "license": "",
    "raid_license": "",
    "hostname": "adprkn.example.com",
    "equipment": 1579,
    "mac": "",
    "password": "",
    "method": "dummy"
  },
  "model": "hwdoc.servermanagement",
  "pk": 236
},
{
  "fields": {
    "username": "",
    "updated": "2015-07-03T07:05:06.131Z",
    "added": "2015-07-03T07:05:06.131Z",
    "license": "",
    "raid_license": "",
    "hostname": "gg7pcdn82pzwpd.example.com",
    "equipment": 1542,
    "mac": "",
    "password": "",
    "method": "dummy"
  },
  "model": "hwdoc.servermanagement",
  "pk": 237
},
{
  "fields": {
    "username": "",
    "updated": "2015-07-03T07:05:06.131Z",
    "added": "2015-07-03T07:05:06.131Z",
    "license": "",
    "raid_license": "",
    "hostname": "9m04h6kmdqz23e5dc.example.com",
    "equipment": 1543,
    "mac": "",
    "password": "",
    "method": "dummy"
  },
  "model": "hwdoc.servermanagement",
  "pk": 238
},
{
  "fields": {
    "username": "",
    "updated": "2015-07-03T07:05:06.131Z",
    "added": "2015-07-03T07:05:06.131Z",
    "license": "",
    "raid_license": "",
    "hostname": "kboiien1v006j6p3649.example.com",
    "equipment": 1562,
    "mac": "",
    "password": "",
    "method": "dummy"
  },
  "model": "hwdoc.servermanagement",
  "pk": 239
},
{
  "fields": {
    "username": "",
    "updated": "2015-07-03T07:05:06.131Z",
    "added": "2015-07-03T07:05:06.131Z",
    "license": "",
    "raid_license": "",
    "hostname": "n4tst3cq9q4fpe39gjun.example.com",
    "equipment": 1469,
    "mac": "",
    "password": "",
    "method": "dummy"
  },
  "model": "hwdoc.servermanagement",
  "pk": 240
},
{
  "fields": {
    "username": "",
    "updated": "2015-07-03T07:05:06.136Z",
    "added": "2015-07-03T07:05:06.136Z",
    "license": "",
    "raid_license": "",
    "hostname": "t0rz6umptgoiiae0s.example.com",
    "equipment": 1433,
    "mac": "",
    "password": "",
    "method": "dummy"
  },
  "model": "hwdoc.servermanagement",
  "pk": 241
},
{
  "fields": {
    "username": "",
    "updated": "2015-07-03T07:05:06.136Z",
    "added": "2015-07-03T07:05:06.136Z",
    "license": "",
    "raid_license": "",
    "hostname": "3vxix95yfn6mpic.example.com",
    "equipment": 1413,
    "mac": "",
    "password": "",
    "method": "dummy"
  },
  "model": "hwdoc.servermanagement",
  "pk": 242
},
{
  "fields": {
    "username": "",
    "updated": "2015-07-03T07:05:06.136Z",
    "added": "2015-07-03T07:05:06.136Z",
    "license": "",
    "raid_license": "",
    "hostname": "mwuxo7k1i20o0pne8kg.example.com",
    "equipment": 1402,
    "mac": "",
    "password": "",
    "method": "dummy"
  },
  "model": "hwdoc.servermanagement",
  "pk": 243
},
{
  "fields": {
    "username": "",
    "updated": "2015-07-03T07:05:06.136Z",
    "added": "2015-07-03T07:05:06.136Z",
    "license": "",
    "raid_license": "",
    "hostname": "lzirluzxez1x.example.com",
    "equipment": 1420,
    "mac": "",
    "password": "",
    "method": "dummy"
  },
  "model": "hwdoc.servermanagement",
  "pk": 244
},
{
  "fields": {
    "username": "",
    "updated": "2015-07-03T07:05:06.136Z",
    "added": "2015-07-03T07:05:06.136Z",
    "license": "",
    "raid_license": "",
    "hostname": "mdu1m6xbd10o6.example.com",
    "equipment": 1409,
    "mac": "",
    "password": "",
    "method": "dummy"
  },
  "model": "hwdoc.servermanagement",
  "pk": 245
},
{
  "fields": {
    "username": "",
    "updated": "2015-07-03T07:05:06.136Z",
    "added": "2015-07-03T07:05:06.136Z",
    "license": "",
    "raid_license": "",
    "hostname": "zeasz07i.example.com",
    "equipment": 1512,
    "mac": "",
    "password": "",
    "method": "dummy"
  },
  "model": "hwdoc.servermanagement",
  "pk": 246
},
{
  "fields": {
    "username": "",
    "updated": "2015-07-03T07:05:06.136Z",
    "added": "2015-07-03T07:05:06.136Z",
    "license": "",
    "raid_license": "",
    "hostname": "apxjy4a4xsqjvs5yqa2v.example.com",
    "equipment": 1585,
    "mac": "",
    "password": "",
    "method": "dummy"
  },
  "model": "hwdoc.servermanagement",
  "pk": 247
},
{
  "fields": {
    "username": "",
    "updated": "2015-07-03T07:05:06.136Z",
    "added": "2015-07-03T07:05:06.136Z",
    "license": "",
    "raid_license": "",
    "hostname": "gt47nh.example.com",
    "equipment": 1442,
    "mac": "",
    "password": "",
    "method": "dummy"
  },
  "model": "hwdoc.servermanagement",
  "pk": 248
},
{
  "fields": {
    "username": "",
    "updated": "2015-07-03T07:05:06.136Z",
    "added": "2015-07-03T07:05:06.136Z",
    "license": "",
    "raid_license": "",
    "hostname": "xbooa3bw.example.com",
    "equipment": 1599,
    "mac": "",
    "password": "",
    "method": "dummy"
  },
  "model": "hwdoc.servermanagement",
  "pk": 249
},
{
  "fields": {
    "username": "",
    "updated": "2015-07-03T07:05:06.136Z",
    "added": "2015-07-03T07:05:06.136Z",
    "license": "",
    "raid_license": "",
    "hostname": "6c7wobokf59.example.com",
    "equipment": 1450,
    "mac": "",
    "password": "",
    "method": "dummy"
  },
  "model": "hwdoc.servermanagement",
  "pk": 250
},
{
  "fields": {
    "username": "",
    "updated": "2015-07-03T07:05:06.136Z",
    "added": "2015-07-03T07:05:06.136Z",
    "license": "",
    "raid_license": "",
    "hostname": "aauxtpi.example.com",
    "equipment": 1573,
    "mac": "",
    "password": "",
    "method": "dummy"
  },
  "model": "hwdoc.servermanagement",
  "pk": 251
},
{
  "fields": {
    "username": "",
    "updated": "2015-07-03T07:05:06.136Z",
    "added": "2015-07-03T07:05:06.136Z",
    "license": "",
    "raid_license": "",
    "hostname": "rs7c9t0y43.example.com",
    "equipment": 1489,
    "mac": "",
    "password": "",
    "method": "dummy"
  },
  "model": "hwdoc.servermanagement",
  "pk": 252
},
{
  "fields": {
    "username": "",
    "updated": "2015-07-03T07:05:06.136Z",
    "added": "2015-07-03T07:05:06.136Z",
    "license": "",
    "raid_license": "",
    "hostname": "lk4crsm8msaeevup3k.example.com",
    "equipment": 1428,
    "mac": "",
    "password": "",
    "method": "dummy"
  },
  "model": "hwdoc.servermanagement",
  "pk": 253
},
{
  "fields": {
    "username": "",
    "updated": "2015-07-03T07:05:06.136Z",
    "added": "2015-07-03T07:05:06.136Z",
    "license": "",
    "raid_license": "",
    "hostname": "x4klb40721u0iflhro.example.com",
    "equipment": 1488,
    "mac": "",
    "password": "",
    "method": "dummy"
  },
  "model": "hwdoc.servermanagement",
  "pk": 254
},
{
  "fields": {
    "username": "",
    "updated": "2015-07-03T07:05:06.136Z",
    "added": "2015-07-03T07:05:06.136Z",
    "license": "",
    "raid_license": "",
    "hostname": "cmcmmr8u2ybihxu.example.com",
    "equipment": 1463,
    "mac": "",
    "password": "",
    "method": "dummy"
  },
  "model": "hwdoc.servermanagement",
  "pk": 255
},
{
  "fields": {
    "username": "",
    "updated": "2015-07-03T07:05:06.136Z",
    "added": "2015-07-03T07:05:06.136Z",
    "license": "",
    "raid_license": "",
    "hostname": "gk4rvy.example.com",
    "equipment": 1460,
    "mac": "",
    "password": "",
    "method": "dummy"
  },
  "model": "hwdoc.servermanagement",
  "pk": 256
},
{
  "fields": {
    "username": "",
    "updated": "2015-07-03T07:05:06.136Z",
    "added": "2015-07-03T07:05:06.136Z",
    "license": "",
    "raid_license": "",
    "hostname": "09qguv32xfobn195z021.example.com",
    "equipment": 1416,
    "mac": "",
    "password": "",
    "method": "dummy"
  },
  "model": "hwdoc.servermanagement",
  "pk": 257
},
{
  "fields": {
    "username": "",
    "updated": "2015-07-03T07:05:06.137Z",
    "added": "2015-07-03T07:05:06.137Z",
    "license": "",
    "raid_license": "",
    "hostname": "t1ioalepgx4l472yp.example.com",
    "equipment": 1503,
    "mac": "",
    "password": "",
    "method": "dummy"
  },
  "model": "hwdoc.servermanagement",
  "pk": 258
},
{
  "fields": {
    "username": "",
    "updated": "2015-07-03T07:05:06.137Z",
    "added": "2015-07-03T07:05:06.137Z",
    "license": "",
    "raid_license": "",
    "hostname": "wqyilg8n600y.example.com",
    "equipment": 1523,
    "mac": "",
    "password": "",
    "method": "dummy"
  },
  "model": "hwdoc.servermanagement",
  "pk": 259
},
{
  "fields": {
    "username": "",
    "updated": "2015-07-03T07:05:06.137Z",
    "added": "2015-07-03T07:05:06.137Z",
    "license": "",
    "raid_license": "",
    "hostname": "v23runu2pj8nxj0mnvoc.example.com",
    "equipment": 1558,
    "mac": "",
    "password": "",
    "method": "dummy"
  },
  "model": "hwdoc.servermanagement",
  "pk": 260
},
{
  "fields": {
    "username": "",
    "updated": "2015-07-03T07:05:06.137Z",
    "added": "2015-07-03T07:05:06.137Z",
    "license": "",
    "raid_license": "",
    "hostname": "nbzw0l32jful7ub2ucc.example.com",
    "equipment": 1410,
    "mac": "",
    "password": "",
    "method": "dummy"
  },
  "model": "hwdoc.servermanagement",
  "pk": 261
},
{
  "fields": {
    "username": "",
    "updated": "2015-07-03T07:05:06.137Z",
    "added": "2015-07-03T07:05:06.137Z",
    "license": "",
    "raid_license": "",
    "hostname": "yu31l8wa0bybuo28q.example.com",
    "equipment": 1430,
    "mac": "",
    "password": "",
    "method": "dummy"
  },
  "model": "hwdoc.servermanagement",
  "pk": 262
},
{
  "fields": {
    "username": "",
    "updated": "2015-07-03T07:05:06.137Z",
    "added": "2015-07-03T07:05:06.137Z",
    "license": "",
    "raid_license": "",
    "hostname": "cynzqjhbfr.example.com",
    "equipment": 1504,
    "mac": "",
    "password": "",
    "method": "dummy"
  },
  "model": "hwdoc.servermanagement",
  "pk": 263
},
{
  "fields": {
    "username": "",
    "updated": "2015-07-03T07:05:06.137Z",
    "added": "2015-07-03T07:05:06.137Z",
    "license": "",
    "raid_license": "",
    "hostname": "cs6t5ef3hd.example.com",
    "equipment": 1432,
    "mac": "",
    "password": "",
    "method": "dummy"
  },
  "model": "hwdoc.servermanagement",
  "pk": 264
},
{
  "fields": {
    "username": "",
    "updated": "2015-07-03T07:05:06.137Z",
    "added": "2015-07-03T07:05:06.137Z",
    "license": "",
    "raid_license": "",
    "hostname": "uon47v4cb.example.com",
    "equipment": 1475,
    "mac": "",
    "password": "",
    "method": "dummy"
  },
  "model": "hwdoc.servermanagement",
  "pk": 265
},
{
  "fields": {
    "username": "",
    "updated": "2015-07-03T07:05:06.137Z",
    "added": "2015-07-03T07:05:06.137Z",
    "license": "",
    "raid_license": "",
    "hostname": "7mi2phplosesf67.example.com",
    "equipment": 1513,
    "mac": "",
    "password": "",
    "method": "dummy"
  },
  "model": "hwdoc.servermanagement",
  "pk": 266
},
{
  "fields": {
    "username": "",
    "updated": "2015-07-03T07:05:06.137Z",
    "added": "2015-07-03T07:05:06.137Z",
    "license": "",
    "raid_license": "",
    "hostname": "9z48rgc0ao3zh.example.com",
    "equipment": 1436,
    "mac": "",
    "password": "",
    "method": "dummy"
  },
  "model": "hwdoc.servermanagement",
  "pk": 267
},
{
  "fields": {
    "username": "",
    "updated": "2015-07-03T07:05:06.137Z",
    "added": "2015-07-03T07:05:06.137Z",
    "license": "",
    "raid_license": "",
    "hostname": "uoakk4.example.com",
    "equipment": 1520,
    "mac": "",
    "password": "",
    "method": "dummy"
  },
  "model": "hwdoc.servermanagement",
  "pk": 268
},
{
  "fields": {
    "username": "",
    "updated": "2015-07-03T07:05:06.137Z",
    "added": "2015-07-03T07:05:06.137Z",
    "license": "",
    "raid_license": "",
    "hostname": "6q4uv1g3prc.example.com",
    "equipment": 1547,
    "mac": "",
    "password": "",
    "method": "dummy"
  },
  "model": "hwdoc.servermanagement",
  "pk": 269
},
{
  "fields": {
    "username": "",
    "updated": "2015-07-03T07:05:06.137Z",
    "added": "2015-07-03T07:05:06.137Z",
    "license": "",
    "raid_license": "",
    "hostname": "mfyln2ux5.example.com",
    "equipment": 1471,
    "mac": "",
    "password": "",
    "method": "dummy"
  },
  "model": "hwdoc.servermanagement",
  "pk": 270
},
{
  "fields": {
    "username": "",
    "updated": "2015-07-03T07:05:06.137Z",
    "added": "2015-07-03T07:05:06.137Z",
    "license": "",
    "raid_license": "",
    "hostname": "03ho1ppul.example.com",
    "equipment": 1596,
    "mac": "",
    "password": "",
    "method": "dummy"
  },
  "model": "hwdoc.servermanagement",
  "pk": 271
},
{
  "fields": {
    "username": "",
    "updated": "2015-07-03T07:05:06.137Z",
    "added": "2015-07-03T07:05:06.137Z",
    "license": "",
    "raid_license": "",
    "hostname": "j65ahekc.example.com",
    "equipment": 1577,
    "mac": "",
    "password": "",
    "method": "dummy"
  },
  "model": "hwdoc.servermanagement",
  "pk": 272
},
{
  "fields": {
    "username": "",
    "updated": "2015-07-03T07:05:06.137Z",
    "added": "2015-07-03T07:05:06.137Z",
    "license": "",
    "raid_license": "",
    "hostname": "wy4jmysigs5kdq85.example.com",
    "equipment": 1406,
    "mac": "",
    "password": "",
    "method": "dummy"
  },
  "model": "hwdoc.servermanagement",
  "pk": 273
},
{
  "fields": {
    "username": "",
    "updated": "2015-07-03T07:05:06.137Z",
    "added": "2015-07-03T07:05:06.137Z",
    "license": "",
    "raid_license": "",
    "hostname": "qtyjiqnf2z5aay0nr.example.com",
    "equipment": 1516,
    "mac": "",
    "password": "",
    "method": "dummy"
  },
  "model": "hwdoc.servermanagement",
  "pk": 274
},
{
  "fields": {
    "username": "",
    "updated": "2015-07-03T07:05:06.137Z",
    "added": "2015-07-03T07:05:06.137Z",
    "license": "",
    "raid_license": "",
    "hostname": "plrzrtt870o86jr.example.com",
    "equipment": 1424,
    "mac": "",
    "password": "",
    "method": "dummy"
  },
  "model": "hwdoc.servermanagement",
  "pk": 275
},
{
  "fields": {
    "username": "",
    "updated": "2015-07-03T07:05:06.138Z",
    "added": "2015-07-03T07:05:06.138Z",
    "license": "",
    "raid_license": "",
    "hostname": "ojyq8hsq9q2uqzqf8o.example.com",
    "equipment": 1499,
    "mac": "",
    "password": "",
    "method": "dummy"
  },
  "model": "hwdoc.servermanagement",
  "pk": 276
},
{
  "fields": {
    "username": "",
    "updated": "2015-07-03T07:05:06.138Z",
    "added": "2015-07-03T07:05:06.138Z",
    "license": "",
    "raid_license": "",
    "hostname": "cmmganodvrp7x8.example.com",
    "equipment": 1544,
    "mac": "",
    "password": "",
    "method": "dummy"
  },
  "model": "hwdoc.servermanagement",
  "pk": 277
},
{
  "fields": {
    "username": "",
    "updated": "2015-07-03T07:05:06.138Z",
    "added": "2015-07-03T07:05:06.138Z",
    "license": "",
    "raid_license": "",
    "hostname": "2x9ovay8o.example.com",
    "equipment": 1465,
    "mac": "",
    "password": "",
    "method": "dummy"
  },
  "model": "hwdoc.servermanagement",
  "pk": 278
},
{
  "fields": {
    "username": "",
    "updated": "2015-07-03T07:05:06.138Z",
    "added": "2015-07-03T07:05:06.138Z",
    "license": "",
    "raid_license": "",
    "hostname": "4sr5as5mzegyc.example.com",
    "equipment": 1458,
    "mac": "",
    "password": "",
    "method": "dummy"
  },
  "model": "hwdoc.servermanagement",
  "pk": 279
},
{
  "fields": {
    "username": "",
    "updated": "2015-07-03T07:05:06.138Z",
    "added": "2015-07-03T07:05:06.138Z",
    "license": "",
    "raid_license": "",
    "hostname": "idi7sif.example.com",
    "equipment": 1419,
    "mac": "",
    "password": "",
    "method": "dummy"
  },
  "model": "hwdoc.servermanagement",
  "pk": 280
},
{
  "fields": {
    "username": "",
    "updated": "2015-07-03T07:05:06.138Z",
    "added": "2015-07-03T07:05:06.138Z",
    "license": "",
    "raid_license": "",
    "hostname": "8471l00loa901.example.com",
    "equipment": 1584,
    "mac": "",
    "password": "",
    "method": "dummy"
  },
  "model": "hwdoc.servermanagement",
  "pk": 281
}
]
