[
{
  "fields": {
    "email": "00apoy0fq3@example.com"
  },
  "model": "hwdoc.email",
  "pk": 61
},
{
  "fields": {
    "email": "2cvrvkltn@example.com"
  },
  "model": "hwdoc.email",
  "pk": 62
},
{
  "fields": {
    "email": "ov76pf@example.com"
  },
  "model": "hwdoc.email",
  "pk": 63
},
{
  "fields": {
    "email": "b0e0cm7cr3@example.com"
  },
  "model": "hwdoc.email",
  "pk": 64
},
{
  "fields": {
    "email": "ci3i0u4@example.com"
  },
  "model": "hwdoc.email",
  "pk": 65
},
{
  "fields": {
    "email": "1eangy@example.com"
  },
  "model": "hwdoc.email",
  "pk": 66
},
{
  "fields": {
    "email": "p7io0un@example.com"
  },
  "model": "hwdoc.email",
  "pk": 67
},
{
  "fields": {
    "email": "jlq9pq@example.com"
  },
  "model": "hwdoc.email",
  "pk": 68
},
{
  "fields": {
    "email": "v50m6j@example.com"
  },
  "model": "hwdoc.email",
  "pk": 69
},
{
  "fields": {
    "email": "qepmi8@example.com"
  },
  "model": "hwdoc.email",
  "pk": 70
},
{
  "fields": {
    "email": "v3wjaxu@example.com"
  },
  "model": "hwdoc.email",
  "pk": 71
},
{
  "fields": {
    "email": "3kkio1der@example.com"
  },
  "model": "hwdoc.email",
  "pk": 72
},
{
  "fields": {
    "email": "300ke2n9k8@example.com"
  },
  "model": "hwdoc.email",
  "pk": 73
},
{
  "fields": {
    "email": "cmoewkhxxg@example.com"
  },
  "model": "hwdoc.email",
  "pk": 74
},
{
  "fields": {
    "email": "avlltlg6@example.com"
  },
  "model": "hwdoc.email",
  "pk": 75
},
{
  "fields": {
    "email": "19kaixgaj6@example.com"
  },
  "model": "hwdoc.email",
  "pk": 76
},
{
  "fields": {
    "email": "vhydzml@example.com"
  },
  "model": "hwdoc.email",
  "pk": 77
},
{
  "fields": {
    "email": "hr1ix5i72@example.com"
  },
  "model": "hwdoc.email",
  "pk": 78
},
{
  "fields": {
    "email": "2emwng@example.com"
  },
  "model": "hwdoc.email",
  "pk": 79
},
{
  "fields": {
    "email": "766cototev@example.com"
  },
  "model": "hwdoc.email",
  "pk": 80
},
{
  "fields": {
    "number": "8661378021"
  },
  "model": "hwdoc.phone",
  "pk": 61
},
{
  "fields": {
    "number": "3038428973"
  },
  "model": "hwdoc.phone",
  "pk": 62
},
{
  "fields": {
    "number": "6719204567"
  },
  "model": "hwdoc.phone",
  "pk": 63
},
{
  "fields": {
    "number": "2644375273"
  },
  "model": "hwdoc.phone",
  "pk": 64
},
{
  "fields": {
    "number": "7029447655"
  },
  "model": "hwdoc.phone",
  "pk": 65
},
{
  "fields": {
    "number": "9255293959"
  },
  "model": "hwdoc.phone",
  "pk": 66
},
{
  "fields": {
    "number": "8784253809"
  },
  "model": "hwdoc.phone",
  "pk": 67
},
{
  "fields": {
    "number": "7798738986"
  },
  "model": "hwdoc.phone",
  "pk": 68
},
{
  "fields": {
    "number": "9511779863"
  },
  "model": "hwdoc.phone",
  "pk": 69
},
{
  "fields": {
    "number": "7736409585"
  },
  "model": "hwdoc.phone",
  "pk": 70
},
{
  "fields": {
    "number": "4434057926"
  },
  "model": "hwdoc.phone",
  "pk": 71
},
{
  "fields": {
    "number": "8267305890"
  },
  "model": "hwdoc.phone",
  "pk": 72
},
{
  "fields": {
    "number": "8880432934"
  },
  "model": "hwdoc.phone",
  "pk": 73
},
{
  "fields": {
    "number": "9184031224"
  },
  "model": "hwdoc.phone",
  "pk": 74
},
{
  "fields": {
    "number": "8284055458"
  },
  "model": "hwdoc.phone",
  "pk": 75
},
{
  "fields": {
    "number": "7655189080"
  },
  "model": "hwdoc.phone",
  "pk": 76
},
{
  "fields": {
    "number": "2440934383"
  },
  "model": "hwdoc.phone",
  "pk": 77
},
{
  "fields": {
    "number": "3225981114"
  },
  "model": "hwdoc.phone",
  "pk": 78
},
{
  "fields": {
    "number": "8932876994"
  },
  "model": "hwdoc.phone",
  "pk": 79
},
{
  "fields": {
    "number": "1439732333"
  },
  "model": "hwdoc.phone",
  "pk": 80
},
{
  "fields": {
    "phones": [
      74
    ],
    "surname": "N9eo36yl",
    "name": "18zb4",
    "emails": [
      67
    ]
  },
  "model": "hwdoc.person",
  "pk": 61
},
{
  "fields": {
    "phones": [
      78
    ],
    "surname": "Gvdcd",
    "name": "Yrhkk8",
    "emails": [
      61,
      68
    ]
  },
  "model": "hwdoc.person",
  "pk": 62
},
{
  "fields": {
    "phones": [
      74
    ],
    "surname": "1lbwh",
    "name": "Qish",
    "emails": [
      70,
      73
    ]
  },
  "model": "hwdoc.person",
  "pk": 63
},
{
  "fields": {
    "phones": [
      69,
      75,
      79
    ],
    "surname": "Qkw0y",
    "name": "Rwjxf",
    "emails": [
      71
    ]
  },
  "model": "hwdoc.person",
  "pk": 64
},
{
  "fields": {
    "phones": [
      70,
      71
    ],
    "surname": "Dm1fi",
    "name": "P40s6qvk9",
    "emails": [
      66,
      77
    ]
  },
  "model": "hwdoc.person",
  "pk": 65
},
{
  "fields": {
    "phones": [
      79
    ],
    "surname": "Enxypa",
    "name": "L6olgg",
    "emails": [
      61,
      74
    ]
  },
  "model": "hwdoc.person",
  "pk": 66
},
{
  "fields": {
    "phones": [
      62,
      63
    ],
    "surname": "Svupw1",
    "name": "Oqe",
    "emails": [
      68
    ]
  },
  "model": "hwdoc.person",
  "pk": 67
},
{
  "fields": {
    "phones": [
      67,
      69,
      77
    ],
    "surname": "6h3qoqhssf",
    "name": "Cn7gnnrho3",
    "emails": [
      62
    ]
  },
  "model": "hwdoc.person",
  "pk": 68
},
{
  "fields": {
    "phones": [
      78
    ],
    "surname": "Osq",
    "name": "5t2nine",
    "emails": [
      68
    ]
  },
  "model": "hwdoc.person",
  "pk": 69
},
{
  "fields": {
    "phones": [
      74
    ],
    "surname": "8vyrm",
    "name": "Nccwz8a679",
    "emails": [
      64,
      76
    ]
  },
  "model": "hwdoc.person",
  "pk": 70
},
{
  "fields": {
    "phones": [
      67
    ],
    "surname": "L4c6ij19",
    "name": "B9sa",
    "emails": [
      69
    ]
  },
  "model": "hwdoc.person",
  "pk": 71
},
{
  "fields": {
    "phones": [
      65,
      79
    ],
    "surname": "J627z44c",
    "name": "G45",
    "emails": [
      61,
      79
    ]
  },
  "model": "hwdoc.person",
  "pk": 72
},
{
  "fields": {
    "phones": [
      70,
      77
    ],
    "surname": "M3kdqxy6tx",
    "name": "1y2wmi",
    "emails": [
      71
    ]
  },
  "model": "hwdoc.person",
  "pk": 73
},
{
  "fields": {
    "phones": [
      61,
      75
    ],
    "surname": "Sw1guw9k",
    "name": "Fo81bf",
    "emails": [
      78
    ]
  },
  "model": "hwdoc.person",
  "pk": 74
},
{
  "fields": {
    "phones": [
      74,
      80
    ],
    "surname": "Fvc2ka",
    "name": "Jv779z9l6",
    "emails": [
      72,
      79
    ]
  },
  "model": "hwdoc.person",
  "pk": 75
},
{
  "fields": {
    "phones": [
      63,
      70,
      74
    ],
    "surname": "3rkvj",
    "name": "Rpe07t",
    "emails": [
      61,
      62
    ]
  },
  "model": "hwdoc.person",
  "pk": 76
},
{
  "fields": {
    "phones": [
      70,
      75,
      78
    ],
    "surname": "Qncya",
    "name": "8luvf07oi",
    "emails": [
      64
    ]
  },
  "model": "hwdoc.person",
  "pk": 77
},
{
  "fields": {
    "phones": [
      64,
      70
    ],
    "surname": "Xb5yr956",
    "name": "6fig0p",
    "emails": [
      69,
      79
    ]
  },
  "model": "hwdoc.person",
  "pk": 78
},
{
  "fields": {
    "phones": [
      63,
      76
    ],
    "surname": "Q4z2wki",
    "name": "0xa5z9",
    "emails": [
      62
    ]
  },
  "model": "hwdoc.person",
  "pk": 79
},
{
  "fields": {
    "phones": [
      68,
      72
    ],
    "surname": "E80ze7cr",
    "name": "Ybejw0isu",
    "emails": [
      71
    ]
  },
  "model": "hwdoc.person",
  "pk": 80
},
{
  "fields": {
    "name": "1ped7bo3k"
  },
  "model": "hwdoc.project",
  "pk": 61
},
{
  "fields": {
    "name": "Bb9sjrth"
  },
  "model": "hwdoc.project",
  "pk": 62
},
{
  "fields": {
    "name": "Cxxg4gm"
  },
  "model": "hwdoc.project",
  "pk": 63
},
{
  "fields": {
    "name": "Vf3d1i"
  },
  "model": "hwdoc.project",
  "pk": 64
},
{
  "fields": {
    "name": "4tv4iwf"
  },
  "model": "hwdoc.project",
  "pk": 65
},
{
  "fields": {
    "name": "T37b1h7"
  },
  "model": "hwdoc.project",
  "pk": 66
},
{
  "fields": {
    "name": "Vzppe9f19"
  },
  "model": "hwdoc.project",
  "pk": 67
},
{
  "fields": {
    "name": "Yakcc5469"
  },
  "model": "hwdoc.project",
  "pk": 68
},
{
  "fields": {
    "name": "55yui1"
  },
  "model": "hwdoc.project",
  "pk": 69
},
{
  "fields": {
    "name": "Garguc"
  },
  "model": "hwdoc.project",
  "pk": 70
},
{
  "fields": {
    "name": "4p0teu4v"
  },
  "model": "hwdoc.project",
  "pk": 71
},
{
  "fields": {
    "name": "Blkeyqnkr"
  },
  "model": "hwdoc.project",
  "pk": 72
},
{
  "fields": {
    "name": "Hg1j5iu14y"
  },
  "model": "hwdoc.project",
  "pk": 73
},
{
  "fields": {
    "name": "Zih4uypw"
  },
  "model": "hwdoc.project",
  "pk": 74
},
{
  "fields": {
    "name": "Vsyr77"
  },
  "model": "hwdoc.project",
  "pk": 75
},
{
  "fields": {
    "name": "Uomegv34"
  },
  "model": "hwdoc.project",
  "pk": 76
},
{
  "fields": {
    "name": "Xi0nqcem1"
  },
  "model": "hwdoc.project",
  "pk": 77
},
{
  "fields": {
    "name": "Mhe2uokitt"
  },
  "model": "hwdoc.project",
  "pk": 78
},
{
  "fields": {
    "name": "Fbgp4n"
  },
  "model": "hwdoc.project",
  "pk": 79
},
{
  "fields": {
    "name": "A3yxaye"
  },
  "model": "hwdoc.project",
  "pk": 80
},
{
  "fields": {
    "project": 64,
    "person": 80,
    "role": "manager"
  },
  "model": "hwdoc.role",
  "pk": 35
},
{
  "fields": {
    "project": 65,
    "person": 72,
    "role": "manager"
  },
  "model": "hwdoc.role",
  "pk": 36
},
{
  "fields": {
    "project": 66,
    "person": 80,
    "role": "manager"
  },
  "model": "hwdoc.role",
  "pk": 37
},
{
  "fields": {
    "project": 68,
    "person": 64,
    "role": "manager"
  },
  "model": "hwdoc.role",
  "pk": 38
},
{
  "fields": {
    "project": 69,
    "person": 72,
    "role": "manager"
  },
  "model": "hwdoc.role",
  "pk": 39
},
{
  "fields": {
    "project": 71,
    "person": 64,
    "role": "manager"
  },
  "model": "hwdoc.role",
  "pk": 40
},
{
  "fields": {
    "project": 72,
    "person": 66,
    "role": "manager"
  },
  "model": "hwdoc.role",
  "pk": 41
},
{
  "fields": {
    "project": 73,
    "person": 67,
    "role": "manager"
  },
  "model": "hwdoc.role",
  "pk": 42
},
{
  "fields": {
    "project": 74,
    "person": 78,
    "role": "manager"
  },
  "model": "hwdoc.role",
  "pk": 43
},
{
  "fields": {
    "project": 77,
    "person": 73,
    "role": "manager"
  },
  "model": "hwdoc.role",
  "pk": 44
},
{
  "fields": {
    "project": 80,
    "person": 72,
    "role": "manager"
  },
  "model": "hwdoc.role",
  "pk": 45
},
{
  "fields": {
    "project": 61,
    "person": 72,
    "role": "manager"
  },
  "model": "hwdoc.role",
  "pk": 46
},
{
  "fields": {
    "project": 63,
    "person": 72,
    "role": "manager"
  },
  "model": "hwdoc.role",
  "pk": 47
},
{
  "fields": {
    "name": "Vblvjzs7n8"
  },
  "model": "hwdoc.datacenter",
  "pk": 16
},
{
  "fields": {
    "name": "Zilyizij20"
  },
  "model": "hwdoc.datacenter",
  "pk": 17
},
{
  "fields": {
    "name": "Mveib8wtgu"
  },
  "model": "hwdoc.datacenter",
  "pk": 18
},
{
  "fields": {
    "name": "7t8efz"
  },
  "model": "hwdoc.datacenter",
  "pk": 19
},
{
  "fields": {
    "name": "3x0cxel28l"
  },
  "model": "hwdoc.datacenter",
  "pk": 20
},
{
  "fields": {
    "name": "HP"
  },
  "model": "hwdoc.vendor",
  "pk": 16
},
{
  "fields": {
    "name": "Dell"
  },
  "model": "hwdoc.vendor",
  "pk": 17
},
{
  "fields": {
    "name": "Fujitsu"
  },
  "model": "hwdoc.vendor",
  "pk": 18
},
{
  "fields": {
    "name": "Someother"
  },
  "model": "hwdoc.vendor",
  "pk": 19
},
{
  "fields": {
    "name": "IBM"
  },
  "model": "hwdoc.vendor",
  "pk": 20
},
{
  "fields": {
    "min_mounting_depth": 25,
    "vendor": 19,
    "name": "uk6ssj",
    "inrow_ac": false,
    "height": 42,
    "width": 50,
    "max_mounting_depth": 40
  },
  "model": "hwdoc.rackmodel",
  "pk": 61
},
{
  "fields": {
    "min_mounting_depth": 40,
    "vendor": 20,
    "name": "f1kgthv432",
    "inrow_ac": false,
    "height": 40,
    "width": 60,
    "max_mounting_depth": 40
  },
  "model": "hwdoc.rackmodel",
  "pk": 62
},
{
  "fields": {
    "min_mounting_depth": 25,
    "vendor": 18,
    "name": "kshd1ie2zl",
    "inrow_ac": true,
    "height": 52,
    "width": 50,
    "max_mounting_depth": 60
  },
  "model": "hwdoc.rackmodel",
  "pk": 63
},
{
  "fields": {
    "min_mounting_depth": 35,
    "vendor": 20,
    "name": "z4ksvs",
    "inrow_ac": false,
    "height": 52,
    "width": 50,
    "max_mounting_depth": 50
  },
  "model": "hwdoc.rackmodel",
  "pk": 64
},
{
  "fields": {
    "min_mounting_depth": 40,
    "vendor": 20,
    "name": "2b5zsxj9n",
    "inrow_ac": true,
    "height": 40,
    "width": 40,
    "max_mounting_depth": 40
  },
  "model": "hwdoc.rackmodel",
  "pk": 65
},
{
  "fields": {
    "min_mounting_depth": 20,
    "vendor": 16,
    "name": "wyv1uvfn40",
    "inrow_ac": false,
    "height": 42,
    "width": 40,
    "max_mounting_depth": 40
  },
  "model": "hwdoc.rackmodel",
  "pk": 66
},
{
  "fields": {
    "min_mounting_depth": 35,
    "vendor": 20,
    "name": "tid00lj",
    "inrow_ac": true,
    "height": 42,
    "width": 60,
    "max_mounting_depth": 50
  },
  "model": "hwdoc.rackmodel",
  "pk": 67
},
{
  "fields": {
    "min_mounting_depth": 40,
    "vendor": 17,
    "name": "taa0mdbl1",
    "inrow_ac": false,
    "height": 42,
    "width": 50,
    "max_mounting_depth": 60
  },
  "model": "hwdoc.rackmodel",
  "pk": 68
},
{
  "fields": {
    "min_mounting_depth": 35,
    "vendor": 16,
    "name": "9oyky4",
    "inrow_ac": false,
    "height": 50,
    "width": 60,
    "max_mounting_depth": 60
  },
  "model": "hwdoc.rackmodel",
  "pk": 69
},
{
  "fields": {
    "min_mounting_depth": 20,
    "vendor": 20,
    "name": "v7s9jk",
    "inrow_ac": false,
    "height": 52,
    "width": 60,
    "max_mounting_depth": 50
  },
  "model": "hwdoc.rackmodel",
  "pk": 70
},
{
  "fields": {
    "min_mounting_depth": 40,
    "vendor": 16,
    "name": "6vm5n3",
    "inrow_ac": false,
    "height": 30,
    "width": 50,
    "max_mounting_depth": 40
  },
  "model": "hwdoc.rackmodel",
  "pk": 71
},
{
  "fields": {
    "min_mounting_depth": 20,
    "vendor": 20,
    "name": "xi5nakezy",
    "inrow_ac": true,
    "height": 40,
    "width": 40,
    "max_mounting_depth": 60
  },
  "model": "hwdoc.rackmodel",
  "pk": 72
},
{
  "fields": {
    "min_mounting_depth": 35,
    "vendor": 20,
    "name": "h3s28dnduo",
    "inrow_ac": false,
    "height": 40,
    "width": 50,
    "max_mounting_depth": 40
  },
  "model": "hwdoc.rackmodel",
  "pk": 73
},
{
  "fields": {
    "min_mounting_depth": 20,
    "vendor": 20,
    "name": "copvthu3e",
    "inrow_ac": false,
    "height": 42,
    "width": 50,
    "max_mounting_depth": 50
  },
  "model": "hwdoc.rackmodel",
  "pk": 74
},
{
  "fields": {
    "min_mounting_depth": 20,
    "vendor": 16,
    "name": "6fopjdeymc",
    "inrow_ac": false,
    "height": 52,
    "width": 40,
    "max_mounting_depth": 60
  },
  "model": "hwdoc.rackmodel",
  "pk": 75
},
{
  "fields": {
    "min_mounting_depth": 40,
    "vendor": 18,
    "name": "gp0qkbt",
    "inrow_ac": false,
    "height": 50,
    "width": 60,
    "max_mounting_depth": 50
  },
  "model": "hwdoc.rackmodel",
  "pk": 76
},
{
  "fields": {
    "min_mounting_depth": 25,
    "vendor": 18,
    "name": "lu7j8s8i",
    "inrow_ac": true,
    "height": 50,
    "width": 60,
    "max_mounting_depth": 50
  },
  "model": "hwdoc.rackmodel",
  "pk": 77
},
{
  "fields": {
    "min_mounting_depth": 40,
    "vendor": 19,
    "name": "8bd4yqo",
    "inrow_ac": false,
    "height": 52,
    "width": 60,
    "max_mounting_depth": 60
  },
  "model": "hwdoc.rackmodel",
  "pk": 78
},
{
  "fields": {
    "min_mounting_depth": 40,
    "vendor": 20,
    "name": "i59gurw",
    "inrow_ac": false,
    "height": 50,
    "width": 60,
    "max_mounting_depth": 40
  },
  "model": "hwdoc.rackmodel",
  "pk": 79
},
{
  "fields": {
    "min_mounting_depth": 20,
    "vendor": 16,
    "name": "ih757vn9",
    "inrow_ac": false,
    "height": 42,
    "width": 60,
    "max_mounting_depth": 40
  },
  "model": "hwdoc.rackmodel",
  "pk": 80
},
{
  "fields": {
    "model": 73,
    "name": "474II",
    "mounted_depth": 60
  },
  "model": "hwdoc.rack",
  "pk": 241
},
{
  "fields": {
    "model": 66,
    "name": "EHIJZSWF",
    "mounted_depth": 60
  },
  "model": "hwdoc.rack",
  "pk": 242
},
{
  "fields": {
    "model": 65,
    "name": "1DZV",
    "mounted_depth": 60
  },
  "model": "hwdoc.rack",
  "pk": 243
},
{
  "fields": {
    "model": 71,
    "name": "RKPDCF5E",
    "mounted_depth": 60
  },
  "model": "hwdoc.rack",
  "pk": 244
},
{
  "fields": {
    "model": 75,
    "name": "CJW6D4C",
    "mounted_depth": 60
  },
  "model": "hwdoc.rack",
  "pk": 245
},
{
  "fields": {
    "model": 65,
    "name": "71V4UH",
    "mounted_depth": 60
  },
  "model": "hwdoc.rack",
  "pk": 246
},
{
  "fields": {
    "model": 64,
    "name": "YNLH3JD",
    "mounted_depth": 60
  },
  "model": "hwdoc.rack",
  "pk": 247
},
{
  "fields": {
    "model": 64,
    "name": "QRHM1",
    "mounted_depth": 60
  },
  "model": "hwdoc.rack",
  "pk": 248
},
{
  "fields": {
    "model": 69,
    "name": "9XE29U",
    "mounted_depth": 60
  },
  "model": "hwdoc.rack",
  "pk": 249
},
{
  "fields": {
    "model": 62,
    "name": "OCZGUJ6G",
    "mounted_depth": 60
  },
  "model": "hwdoc.rack",
  "pk": 250
},
{
  "fields": {
    "model": 80,
    "name": "57D82RXA",
    "mounted_depth": 60
  },
  "model": "hwdoc.rack",
  "pk": 251
},
{
  "fields": {
    "model": 79,
    "name": "Y19NUP",
    "mounted_depth": 60
  },
  "model": "hwdoc.rack",
  "pk": 252
},
{
  "fields": {
    "model": 70,
    "name": "9WS4",
    "mounted_depth": 60
  },
  "model": "hwdoc.rack",
  "pk": 253
},
{
  "fields": {
    "model": 62,
    "name": "RGEL6TJR",
    "mounted_depth": 60
  },
  "model": "hwdoc.rack",
  "pk": 254
},
{
  "fields": {
    "model": 68,
    "name": "DYV2U",
    "mounted_depth": 60
  },
  "model": "hwdoc.rack",
  "pk": 255
},
{
  "fields": {
    "model": 75,
    "name": "KK12XW",
    "mounted_depth": 60
  },
  "model": "hwdoc.rack",
  "pk": 256
},
{
  "fields": {
    "model": 62,
    "name": "CRAJRJ9",
    "mounted_depth": 60
  },
  "model": "hwdoc.rack",
  "pk": 257
},
{
  "fields": {
    "model": 77,
    "name": "Y70FLIND",
    "mounted_depth": 60
  },
  "model": "hwdoc.rack",
  "pk": 258
},
{
  "fields": {
    "model": 76,
    "name": "QI9VW",
    "mounted_depth": 60
  },
  "model": "hwdoc.rack",
  "pk": 259
},
{
  "fields": {
    "model": 70,
    "name": "9L35DVD",
    "mounted_depth": 60
  },
  "model": "hwdoc.rack",
  "pk": 260
},
{
  "fields": {
    "model": 79,
    "name": "QNWJFR5",
    "mounted_depth": 60
  },
  "model": "hwdoc.rack",
  "pk": 261
},
{
  "fields": {
    "model": 67,
    "name": "UW35CO",
    "mounted_depth": 60
  },
  "model": "hwdoc.rack",
  "pk": 262
},
{
  "fields": {
    "model": 80,
    "name": "GNUT",
    "mounted_depth": 60
  },
  "model": "hwdoc.rack",
  "pk": 263
},
{
  "fields": {
    "model": 65,
    "name": "RL1WIM",
    "mounted_depth": 60
  },
  "model": "hwdoc.rack",
  "pk": 264
},
{
  "fields": {
    "model": 65,
    "name": "V8BP6",
    "mounted_depth": 60
  },
  "model": "hwdoc.rack",
  "pk": 265
},
{
  "fields": {
    "model": 71,
    "name": "T5FT1",
    "mounted_depth": 60
  },
  "model": "hwdoc.rack",
  "pk": 266
},
{
  "fields": {
    "model": 79,
    "name": "FGOP",
    "mounted_depth": 60
  },
  "model": "hwdoc.rack",
  "pk": 267
},
{
  "fields": {
    "model": 70,
    "name": "ZU0B6793",
    "mounted_depth": 60
  },
  "model": "hwdoc.rack",
  "pk": 268
},
{
  "fields": {
    "model": 61,
    "name": "470EZGW2",
    "mounted_depth": 60
  },
  "model": "hwdoc.rack",
  "pk": 269
},
{
  "fields": {
    "model": 76,
    "name": "UA351O3W",
    "mounted_depth": 60
  },
  "model": "hwdoc.rack",
  "pk": 270
},
{
  "fields": {
    "model": 72,
    "name": "ZVY0ARJ",
    "mounted_depth": 60
  },
  "model": "hwdoc.rack",
  "pk": 271
},
{
  "fields": {
    "model": 74,
    "name": "OG18PH",
    "mounted_depth": 60
  },
  "model": "hwdoc.rack",
  "pk": 272
},
{
  "fields": {
    "model": 74,
    "name": "J3QW8R2",
    "mounted_depth": 60
  },
  "model": "hwdoc.rack",
  "pk": 273
},
{
  "fields": {
    "model": 72,
    "name": "10PIPBOA",
    "mounted_depth": 60
  },
  "model": "hwdoc.rack",
  "pk": 274
},
{
  "fields": {
    "model": 71,
    "name": "UKJZ26WZ",
    "mounted_depth": 60
  },
  "model": "hwdoc.rack",
  "pk": 275
},
{
  "fields": {
    "model": 70,
    "name": "LTVKT",
    "mounted_depth": 60
  },
  "model": "hwdoc.rack",
  "pk": 276
},
{
  "fields": {
    "model": 72,
    "name": "GD2NAXM",
    "mounted_depth": 60
  },
  "model": "hwdoc.rack",
  "pk": 277
},
{
  "fields": {
    "model": 70,
    "name": "CRGP5H",
    "mounted_depth": 60
  },
  "model": "hwdoc.rack",
  "pk": 278
},
{
  "fields": {
    "model": 79,
    "name": "7VLG1Q8",
    "mounted_depth": 60
  },
  "model": "hwdoc.rack",
  "pk": 279
},
{
  "fields": {
    "model": 77,
    "name": "U2RX",
    "mounted_depth": 60
  },
  "model": "hwdoc.rack",
  "pk": 280
},
{
  "fields": {
    "model": 66,
    "name": "RW4T3",
    "mounted_depth": 60
  },
  "model": "hwdoc.rack",
  "pk": 281
},
{
  "fields": {
    "model": 71,
    "name": "AE9K",
    "mounted_depth": 60
  },
  "model": "hwdoc.rack",
  "pk": 282
},
{
  "fields": {
    "model": 72,
    "name": "GQZZT5",
    "mounted_depth": 60
  },
  "model": "hwdoc.rack",
  "pk": 283
},
{
  "fields": {
    "model": 69,
    "name": "X6PUBP",
    "mounted_depth": 60
  },
  "model": "hwdoc.rack",
  "pk": 284
},
{
  "fields": {
    "model": 76,
    "name": "P5D1",
    "mounted_depth": 60
  },
  "model": "hwdoc.rack",
  "pk": 285
},
{
  "fields": {
    "model": 80,
    "name": "VFC1W",
    "mounted_depth": 60
  },
  "model": "hwdoc.rack",
  "pk": 286
},
{
  "fields": {
    "model": 67,
    "name": "555K3E",
    "mounted_depth": 60
  },
  "model": "hwdoc.rack",
  "pk": 287
},
{
  "fields": {
    "model": 66,
    "name": "GDWTX",
    "mounted_depth": 60
  },
  "model": "hwdoc.rack",
  "pk": 288
},
{
  "fields": {
    "model": 73,
    "name": "QVFT0",
    "mounted_depth": 60
  },
  "model": "hwdoc.rack",
  "pk": 289
},
{
  "fields": {
    "model": 67,
    "name": "JM4S",
    "mounted_depth": 60
  },
  "model": "hwdoc.rack",
  "pk": 290
},
{
  "fields": {
    "model": 73,
    "name": "SN45P",
    "mounted_depth": 60
  },
  "model": "hwdoc.rack",
  "pk": 291
},
{
  "fields": {
    "model": 63,
    "name": "A7CAD10O",
    "mounted_depth": 60
  },
  "model": "hwdoc.rack",
  "pk": 292
},
{
  "fields": {
    "model": 66,
    "name": "VQQ4ZBR7",
    "mounted_depth": 60
  },
  "model": "hwdoc.rack",
  "pk": 293
},
{
  "fields": {
    "model": 61,
    "name": "LBG1S",
    "mounted_depth": 60
  },
  "model": "hwdoc.rack",
  "pk": 294
},
{
  "fields": {
    "model": 67,
    "name": "IB97",
    "mounted_depth": 60
  },
  "model": "hwdoc.rack",
  "pk": 295
},
{
  "fields": {
    "model": 62,
    "name": "YM9T",
    "mounted_depth": 60
  },
  "model": "hwdoc.rack",
  "pk": 296
},
{
  "fields": {
    "model": 65,
    "name": "4BG13356",
    "mounted_depth": 60
  },
  "model": "hwdoc.rack",
  "pk": 297
},
{
  "fields": {
    "model": 72,
    "name": "VVQ1AO6A",
    "mounted_depth": 60
  },
  "model": "hwdoc.rack",
  "pk": 298
},
{
  "fields": {
    "model": 69,
    "name": "GAWKGOBT",
    "mounted_depth": 60
  },
  "model": "hwdoc.rack",
  "pk": 299
},
{
  "fields": {
    "model": 63,
    "name": "PFDET",
    "mounted_depth": 60
  },
  "model": "hwdoc.rack",
  "pk": 300
},
{
  "fields": {
    "model": 64,
    "name": "ARJYRDBD",
    "mounted_depth": 60
  },
  "model": "hwdoc.rack",
  "pk": 301
},
{
  "fields": {
    "model": 74,
    "name": "3JA5HB",
    "mounted_depth": 60
  },
  "model": "hwdoc.rack",
  "pk": 302
},
{
  "fields": {
    "model": 62,
    "name": "AUELYYUW",
    "mounted_depth": 60
  },
  "model": "hwdoc.rack",
  "pk": 303
},
{
  "fields": {
    "model": 65,
    "name": "EAGX4OG",
    "mounted_depth": 60
  },
  "model": "hwdoc.rack",
  "pk": 304
},
{
  "fields": {
    "model": 66,
    "name": "XP9I",
    "mounted_depth": 60
  },
  "model": "hwdoc.rack",
  "pk": 305
},
{
  "fields": {
    "model": 77,
    "name": "7QYAMHPG",
    "mounted_depth": 60
  },
  "model": "hwdoc.rack",
  "pk": 306
},
{
  "fields": {
    "model": 67,
    "name": "SE2UR",
    "mounted_depth": 60
  },
  "model": "hwdoc.rack",
  "pk": 307
},
{
  "fields": {
    "model": 75,
    "name": "LEJC1ZRU",
    "mounted_depth": 60
  },
  "model": "hwdoc.rack",
  "pk": 308
},
{
  "fields": {
    "model": 66,
    "name": "WW85F7",
    "mounted_depth": 60
  },
  "model": "hwdoc.rack",
  "pk": 309
},
{
  "fields": {
    "model": 70,
    "name": "037ARM7",
    "mounted_depth": 60
  },
  "model": "hwdoc.rack",
  "pk": 310
},
{
  "fields": {
    "model": 68,
    "name": "HCTBGKV8",
    "mounted_depth": 60
  },
  "model": "hwdoc.rack",
  "pk": 311
},
{
  "fields": {
    "model": 61,
    "name": "ZR75VSM",
    "mounted_depth": 60
  },
  "model": "hwdoc.rack",
  "pk": 312
},
{
  "fields": {
    "model": 72,
    "name": "3ZL6D",
    "mounted_depth": 60
  },
  "model": "hwdoc.rack",
  "pk": 313
},
{
  "fields": {
    "model": 67,
    "name": "LS954A",
    "mounted_depth": 60
  },
  "model": "hwdoc.rack",
  "pk": 314
},
{
  "fields": {
    "model": 71,
    "name": "7DDTQ2Z8",
    "mounted_depth": 60
  },
  "model": "hwdoc.rack",
  "pk": 315
},
{
  "fields": {
    "model": 79,
    "name": "I10MZY",
    "mounted_depth": 60
  },
  "model": "hwdoc.rack",
  "pk": 316
},
{
  "fields": {
    "model": 74,
    "name": "21DH",
    "mounted_depth": 60
  },
  "model": "hwdoc.rack",
  "pk": 317
},
{
  "fields": {
    "model": 76,
    "name": "QOTI",
    "mounted_depth": 60
  },
  "model": "hwdoc.rack",
  "pk": 318
},
{
  "fields": {
    "model": 61,
    "name": "U858XA",
    "mounted_depth": 60
  },
  "model": "hwdoc.rack",
  "pk": 319
},
{
  "fields": {
    "model": 79,
    "name": "EQ0YV8AI",
    "mounted_depth": 60
  },
  "model": "hwdoc.rack",
  "pk": 320
},
{
  "fields": {
    "name": "L82K5Y",
    "dc": 18
  },
  "model": "hwdoc.rackrow",
  "pk": 61
},
{
  "fields": {
    "name": "Y1AL93",
    "dc": 17
  },
  "model": "hwdoc.rackrow",
  "pk": 62
},
{
  "fields": {
    "name": "9NMFWK0",
    "dc": 19
  },
  "model": "hwdoc.rackrow",
  "pk": 63
},
{
  "fields": {
    "name": "YVWGJDJ",
    "dc": 18
  },
  "model": "hwdoc.rackrow",
  "pk": 64
},
{
  "fields": {
    "name": "M0E9NK05D",
    "dc": 16
  },
  "model": "hwdoc.rackrow",
  "pk": 65
},
{
  "fields": {
    "name": "20KA3UIFGL",
    "dc": 16
  },
  "model": "hwdoc.rackrow",
  "pk": 66
},
{
  "fields": {
    "name": "YO453QGC8",
    "dc": 16
  },
  "model": "hwdoc.rackrow",
  "pk": 67
},
{
  "fields": {
    "name": "R0OU430J8",
    "dc": 17
  },
  "model": "hwdoc.rackrow",
  "pk": 68
},
{
  "fields": {
    "name": "01IBXUU",
    "dc": 16
  },
  "model": "hwdoc.rackrow",
  "pk": 69
},
{
  "fields": {
    "name": "X7Z07ZGZ",
    "dc": 20
  },
  "model": "hwdoc.rackrow",
  "pk": 70
},
{
  "fields": {
    "name": "W1RZP5",
    "dc": 18
  },
  "model": "hwdoc.rackrow",
  "pk": 71
},
{
  "fields": {
    "name": "UOUD1UQ",
    "dc": 19
  },
  "model": "hwdoc.rackrow",
  "pk": 72
},
{
  "fields": {
    "name": "9U0OZBVA",
    "dc": 18
  },
  "model": "hwdoc.rackrow",
  "pk": 73
},
{
  "fields": {
    "name": "JOPJVX",
    "dc": 19
  },
  "model": "hwdoc.rackrow",
  "pk": 74
},
{
  "fields": {
    "name": "V58P7V2",
    "dc": 17
  },
  "model": "hwdoc.rackrow",
  "pk": 75
},
{
  "fields": {
    "name": "HUEMGP0O",
    "dc": 18
  },
  "model": "hwdoc.rackrow",
  "pk": 76
},
{
  "fields": {
    "name": "0O8HHNA",
    "dc": 17
  },
  "model": "hwdoc.rackrow",
  "pk": 77
},
{
  "fields": {
    "name": "Z6965LBM5",
    "dc": 16
  },
  "model": "hwdoc.rackrow",
  "pk": 78
},
{
  "fields": {
    "name": "OL5OMK106",
    "dc": 20
  },
  "model": "hwdoc.rackrow",
  "pk": 79
},
{
  "fields": {
    "name": "OCLSH9V",
    "dc": 16
  },
  "model": "hwdoc.rackrow",
  "pk": 80
},
{
  "fields": {
    "name": "Lhzk47",
    "dc": 20
  },
  "model": "hwdoc.storage",
  "pk": 22
},
{
  "fields": {
    "name": "Gwma7b7",
    "dc": 16
  },
  "model": "hwdoc.storage",
  "pk": 23
},
{
  "fields": {
    "name": "P2ofjw51d",
    "dc": 17
  },
  "model": "hwdoc.storage",
  "pk": 24
},
{
  "fields": {
    "name": "Mkfh2k",
    "dc": 18
  },
  "model": "hwdoc.storage",
  "pk": 25
},
{
  "fields": {
    "name": "2qobhm",
    "dc": 20
  },
  "model": "hwdoc.storage",
  "pk": 26
},
{
  "fields": {
    "name": "Tefn9j8",
    "dc": 19
  },
  "model": "hwdoc.storage",
  "pk": 27
},
{
  "fields": {
    "name": "Rgrpyw",
    "dc": 17
  },
  "model": "hwdoc.storage",
  "pk": 28
},
{
  "fields": {
    "position": 5,
    "rack": 241,
    "rr": 78
  },
  "model": "hwdoc.rackposition",
  "pk": 241
},
{
  "fields": {
    "position": 2,
    "rack": 242,
    "rr": 73
  },
  "model": "hwdoc.rackposition",
  "pk": 242
},
{
  "fields": {
    "position": 1,
    "rack": 243,
    "rr": 70
  },
  "model": "hwdoc.rackposition",
  "pk": 243
},
{
  "fields": {
    "position": 4,
    "rack": 244,
    "rr": 74
  },
  "model": "hwdoc.rackposition",
  "pk": 244
},
{
  "fields": {
    "position": 7,
    "rack": 245,
    "rr": 79
  },
  "model": "hwdoc.rackposition",
  "pk": 245
},
{
  "fields": {
    "position": 0,
    "rack": 246,
    "rr": 67
  },
  "model": "hwdoc.rackposition",
  "pk": 246
},
{
  "fields": {
    "position": 3,
    "rack": 247,
    "rr": 64
  },
  "model": "hwdoc.rackposition",
  "pk": 247
},
{
  "fields": {
    "position": 1,
    "rack": 248,
    "rr": 66
  },
  "model": "hwdoc.rackposition",
  "pk": 248
},
{
  "fields": {
    "position": 7,
    "rack": 249,
    "rr": 74
  },
  "model": "hwdoc.rackposition",
  "pk": 249
},
{
  "fields": {
    "position": 7,
    "rack": 250,
    "rr": 70
  },
  "model": "hwdoc.rackposition",
  "pk": 250
},
{
  "fields": {
    "position": 4,
    "rack": 251,
    "rr": 71
  },
  "model": "hwdoc.rackposition",
  "pk": 251
},
{
  "fields": {
    "position": 8,
    "rack": 252,
    "rr": 61
  },
  "model": "hwdoc.rackposition",
  "pk": 252
},
{
  "fields": {
    "position": 5,
    "rack": 253,
    "rr": 69
  },
  "model": "hwdoc.rackposition",
  "pk": 253
},
{
  "fields": {
    "position": 5,
    "rack": 254,
    "rr": 63
  },
  "model": "hwdoc.rackposition",
  "pk": 254
},
{
  "fields": {
    "position": 1,
    "rack": 255,
    "rr": 67
  },
  "model": "hwdoc.rackposition",
  "pk": 255
},
{
  "fields": {
    "position": 2,
    "rack": 256,
    "rr": 71
  },
  "model": "hwdoc.rackposition",
  "pk": 256
},
{
  "fields": {
    "position": 5,
    "rack": 257,
    "rr": 61
  },
  "model": "hwdoc.rackposition",
  "pk": 257
},
{
  "fields": {
    "position": 4,
    "rack": 258,
    "rr": 61
  },
  "model": "hwdoc.rackposition",
  "pk": 258
},
{
  "fields": {
    "position": 2,
    "rack": 259,
    "rr": 70
  },
  "model": "hwdoc.rackposition",
  "pk": 259
},
{
  "fields": {
    "position": 3,
    "rack": 260,
    "rr": 62
  },
  "model": "hwdoc.rackposition",
  "pk": 260
},
{
  "fields": {
    "position": 6,
    "rack": 261,
    "rr": 74
  },
  "model": "hwdoc.rackposition",
  "pk": 261
},
{
  "fields": {
    "position": 6,
    "rack": 262,
    "rr": 76
  },
  "model": "hwdoc.rackposition",
  "pk": 262
},
{
  "fields": {
    "position": 3,
    "rack": 263,
    "rr": 79
  },
  "model": "hwdoc.rackposition",
  "pk": 263
},
{
  "fields": {
    "position": 6,
    "rack": 264,
    "rr": 72
  },
  "model": "hwdoc.rackposition",
  "pk": 264
},
{
  "fields": {
    "position": 5,
    "rack": 265,
    "rr": 70
  },
  "model": "hwdoc.rackposition",
  "pk": 265
},
{
  "fields": {
    "position": 4,
    "rack": 266,
    "rr": 65
  },
  "model": "hwdoc.rackposition",
  "pk": 266
},
{
  "fields": {
    "position": 0,
    "rack": 267,
    "rr": 63
  },
  "model": "hwdoc.rackposition",
  "pk": 267
},
{
  "fields": {
    "position": 6,
    "rack": 268,
    "rr": 70
  },
  "model": "hwdoc.rackposition",
  "pk": 268
},
{
  "fields": {
    "position": 2,
    "rack": 269,
    "rr": 63
  },
  "model": "hwdoc.rackposition",
  "pk": 269
},
{
  "fields": {
    "position": 6,
    "rack": 270,
    "rr": 70
  },
  "model": "hwdoc.rackposition",
  "pk": 270
},
{
  "fields": {
    "position": 2,
    "rack": 271,
    "rr": 64
  },
  "model": "hwdoc.rackposition",
  "pk": 271
},
{
  "fields": {
    "position": 3,
    "rack": 272,
    "rr": 66
  },
  "model": "hwdoc.rackposition",
  "pk": 272
},
{
  "fields": {
    "position": 4,
    "rack": 273,
    "rr": 72
  },
  "model": "hwdoc.rackposition",
  "pk": 273
},
{
  "fields": {
    "position": 7,
    "rack": 274,
    "rr": 67
  },
  "model": "hwdoc.rackposition",
  "pk": 274
},
{
  "fields": {
    "position": 8,
    "rack": 275,
    "rr": 65
  },
  "model": "hwdoc.rackposition",
  "pk": 275
},
{
  "fields": {
    "position": 2,
    "rack": 276,
    "rr": 63
  },
  "model": "hwdoc.rackposition",
  "pk": 276
},
{
  "fields": {
    "position": 5,
    "rack": 277,
    "rr": 71
  },
  "model": "hwdoc.rackposition",
  "pk": 277
},
{
  "fields": {
    "position": 3,
    "rack": 278,
    "rr": 61
  },
  "model": "hwdoc.rackposition",
  "pk": 278
},
{
  "fields": {
    "position": 6,
    "rack": 279,
    "rr": 61
  },
  "model": "hwdoc.rackposition",
  "pk": 279
},
{
  "fields": {
    "position": 8,
    "rack": 280,
    "rr": 66
  },
  "model": "hwdoc.rackposition",
  "pk": 280
},
{
  "fields": {
    "position": 2,
    "rack": 281,
    "rr": 63
  },
  "model": "hwdoc.rackposition",
  "pk": 281
},
{
  "fields": {
    "position": 2,
    "rack": 282,
    "rr": 80
  },
  "model": "hwdoc.rackposition",
  "pk": 282
},
{
  "fields": {
    "position": 2,
    "rack": 283,
    "rr": 67
  },
  "model": "hwdoc.rackposition",
  "pk": 283
},
{
  "fields": {
    "position": 3,
    "rack": 284,
    "rr": 80
  },
  "model": "hwdoc.rackposition",
  "pk": 284
},
{
  "fields": {
    "position": 1,
    "rack": 285,
    "rr": 70
  },
  "model": "hwdoc.rackposition",
  "pk": 285
},
{
  "fields": {
    "position": 1,
    "rack": 286,
    "rr": 67
  },
  "model": "hwdoc.rackposition",
  "pk": 286
},
{
  "fields": {
    "position": 1,
    "rack": 287,
    "rr": 62
  },
  "model": "hwdoc.rackposition",
  "pk": 287
},
{
  "fields": {
    "position": 1,
    "rack": 288,
    "rr": 80
  },
  "model": "hwdoc.rackposition",
  "pk": 288
},
{
  "fields": {
    "position": 8,
    "rack": 289,
    "rr": 68
  },
  "model": "hwdoc.rackposition",
  "pk": 289
},
{
  "fields": {
    "position": 5,
    "rack": 290,
    "rr": 69
  },
  "model": "hwdoc.rackposition",
  "pk": 290
},
{
  "fields": {
    "position": 0,
    "rack": 291,
    "rr": 74
  },
  "model": "hwdoc.rackposition",
  "pk": 291
},
{
  "fields": {
    "position": 7,
    "rack": 292,
    "rr": 66
  },
  "model": "hwdoc.rackposition",
  "pk": 292
},
{
  "fields": {
    "position": 1,
    "rack": 293,
    "rr": 76
  },
  "model": "hwdoc.rackposition",
  "pk": 293
},
{
  "fields": {
    "position": 0,
    "rack": 294,
    "rr": 63
  },
  "model": "hwdoc.rackposition",
  "pk": 294
},
{
  "fields": {
    "position": 6,
    "rack": 295,
    "rr": 73
  },
  "model": "hwdoc.rackposition",
  "pk": 295
},
{
  "fields": {
    "position": 5,
    "rack": 296,
    "rr": 63
  },
  "model": "hwdoc.rackposition",
  "pk": 296
},
{
  "fields": {
    "position": 4,
    "rack": 297,
    "rr": 66
  },
  "model": "hwdoc.rackposition",
  "pk": 297
},
{
  "fields": {
    "position": 0,
    "rack": 298,
    "rr": 68
  },
  "model": "hwdoc.rackposition",
  "pk": 298
},
{
  "fields": {
    "position": 4,
    "rack": 299,
    "rr": 78
  },
  "model": "hwdoc.rackposition",
  "pk": 299
},
{
  "fields": {
    "position": 2,
    "rack": 300,
    "rr": 65
  },
  "model": "hwdoc.rackposition",
  "pk": 300
},
{
  "fields": {
    "position": 3,
    "rack": 301,
    "rr": 73
  },
  "model": "hwdoc.rackposition",
  "pk": 301
},
{
  "fields": {
    "position": 4,
    "rack": 302,
    "rr": 79
  },
  "model": "hwdoc.rackposition",
  "pk": 302
},
{
  "fields": {
    "position": 1,
    "rack": 303,
    "rr": 72
  },
  "model": "hwdoc.rackposition",
  "pk": 303
},
{
  "fields": {
    "position": 4,
    "rack": 304,
    "rr": 69
  },
  "model": "hwdoc.rackposition",
  "pk": 304
},
{
  "fields": {
    "position": 4,
    "rack": 305,
    "rr": 79
  },
  "model": "hwdoc.rackposition",
  "pk": 305
},
{
  "fields": {
    "position": 3,
    "rack": 306,
    "rr": 78
  },
  "model": "hwdoc.rackposition",
  "pk": 306
},
{
  "fields": {
    "position": 7,
    "rack": 307,
    "rr": 76
  },
  "model": "hwdoc.rackposition",
  "pk": 307
},
{
  "fields": {
    "position": 8,
    "rack": 308,
    "rr": 79
  },
  "model": "hwdoc.rackposition",
  "pk": 308
},
{
  "fields": {
    "position": 0,
    "rack": 309,
    "rr": 62
  },
  "model": "hwdoc.rackposition",
  "pk": 309
},
{
  "fields": {
    "position": 2,
    "rack": 310,
    "rr": 79
  },
  "model": "hwdoc.rackposition",
  "pk": 310
},
{
  "fields": {
    "position": 7,
    "rack": 311,
    "rr": 72
  },
  "model": "hwdoc.rackposition",
  "pk": 311
},
{
  "fields": {
    "position": 8,
    "rack": 312,
    "rr": 62
  },
  "model": "hwdoc.rackposition",
  "pk": 312
},
{
  "fields": {
    "position": 0,
    "rack": 313,
    "rr": 69
  },
  "model": "hwdoc.rackposition",
  "pk": 313
},
{
  "fields": {
    "position": 6,
    "rack": 314,
    "rr": 64
  },
  "model": "hwdoc.rackposition",
  "pk": 314
},
{
  "fields": {
    "position": 7,
    "rack": 315,
    "rr": 64
  },
  "model": "hwdoc.rackposition",
  "pk": 315
},
{
  "fields": {
    "position": 2,
    "rack": 316,
    "rr": 67
  },
  "model": "hwdoc.rackposition",
  "pk": 316
},
{
  "fields": {
    "position": 5,
    "rack": 317,
    "rr": 73
  },
  "model": "hwdoc.rackposition",
  "pk": 317
},
{
  "fields": {
    "position": 5,
    "rack": 318,
    "rr": 79
  },
  "model": "hwdoc.rackposition",
  "pk": 318
},
{
  "fields": {
    "position": 3,
    "rack": 319,
    "rr": 68
  },
  "model": "hwdoc.rackposition",
  "pk": 319
},
{
  "fields": {
    "position": 6,
    "rack": 320,
    "rr": 68
  },
  "model": "hwdoc.rackposition",
  "pk": 320
},
{
  "fields": {
    "u": 1,
    "vendor": 19,
    "name": "Random model 3"
  },
  "model": "hwdoc.equipmentmodel",
  "pk": 241
},
{
  "fields": {
    "u": 9,
    "vendor": 17,
    "name": "PowerEdge 1950"
  },
  "model": "hwdoc.equipmentmodel",
  "pk": 242
},
{
  "fields": {
    "u": 7,
    "vendor": 16,
    "name": "Proliant DL380 G1"
  },
  "model": "hwdoc.equipmentmodel",
  "pk": 243
},
{
  "fields": {
    "u": 8,
    "vendor": 19,
    "name": "Random model 1"
  },
  "model": "hwdoc.equipmentmodel",
  "pk": 244
},
{
  "fields": {
    "u": 6,
    "vendor": 16,
    "name": "Proliant DL385 G3"
  },
  "model": "hwdoc.equipmentmodel",
  "pk": 245
},
{
  "fields": {
    "u": 2,
    "vendor": 17,
    "name": "PowerEdge 2950"
  },
  "model": "hwdoc.equipmentmodel",
  "pk": 246
},
{
  "fields": {
    "u": 4,
    "vendor": 16,
    "name": "Proliant DL380 G3"
  },
  "model": "hwdoc.equipmentmodel",
  "pk": 247
},
{
  "fields": {
    "u": 3,
    "vendor": 16,
    "name": "Proliant DL380 G5"
  },
  "model": "hwdoc.equipmentmodel",
  "pk": 248
},
{
  "fields": {
    "u": 3,
    "vendor": 20,
    "name": "System x3550"
  },
  "model": "hwdoc.equipmentmodel",
  "pk": 249
},
{
  "fields": {
    "u": 1,
    "vendor": 16,
    "name": "Proliant DL380 G2"
  },
  "model": "hwdoc.equipmentmodel",
  "pk": 250
},
{
  "fields": {
    "u": 7,
    "vendor": 19,
    "name": "Random model 4"
  },
  "model": "hwdoc.equipmentmodel",
  "pk": 251
},
{
  "fields": {
    "u": 7,
    "vendor": 16,
    "name": "Proliant DL385 G4"
  },
  "model": "hwdoc.equipmentmodel",
  "pk": 252
},
{
  "fields": {
    "u": 2,
    "vendor": 18,
    "name": "PRIMERGY RX200 S5"
  },
  "model": "hwdoc.equipmentmodel",
  "pk": 253
},
{
  "fields": {
    "u": 2,
    "vendor": 16,
    "name": "Proliant DL380 G4"
  },
  "model": "hwdoc.equipmentmodel",
  "pk": 254
},
{
  "fields": {
    "u": 7,
    "vendor": 18,
    "name": "PRIMERGY RX200 S7"
  },
  "model": "hwdoc.equipmentmodel",
  "pk": 255
},
{
  "fields": {
    "u": 8,
    "vendor": 18,
    "name": "PRIMERGY RX200 S6"
  },
  "model": "hwdoc.equipmentmodel",
  "pk": 256
},
{
  "fields": {
    "u": 5,
    "vendor": 17,
    "name": "Poweredge R820"
  },
  "model": "hwdoc.equipmentmodel",
  "pk": 257
},
{
  "fields": {
    "u": 2,
    "vendor": 16,
    "name": "Proliant DL385 G5"
  },
  "model": "hwdoc.equipmentmodel",
  "pk": 258
},
{
  "fields": {
    "u": 10,
    "vendor": 19,
    "name": "Random model 2"
  },
  "model": "hwdoc.equipmentmodel",
  "pk": 259
},
{
  "fields": {
    "u": 9,
    "vendor": 17,
    "name": "Poweredge R610"
  },
  "model": "hwdoc.equipmentmodel",
  "pk": 260
},
{
  "fields": {
    "updated": "2015-11-25T13:25:48.532Z",
    "rack_front": true,
    "orientation": "Front",
    "storage": null,
    "comments": "",
    "rack": 254,
    "allocation": null,
    "added": "2015-11-25T13:25:48.531Z",
    "rack_back": true,
    "purpose": "",
    "rack_interior": true,
    "model": 254,
    "serial": "BKHSE9CZ",
    "unit": 27
  },
  "model": "hwdoc.equipment",
  "pk": 601
},
{
  "fields": {
    "updated": "2015-11-25T13:25:48.532Z",
    "rack_front": true,
    "orientation": "Front",
    "storage": null,
    "comments": "",
    "rack": 315,
    "allocation": 79,
    "added": "2015-11-25T13:25:48.532Z",
    "rack_back": true,
    "purpose": "",
    "rack_interior": true,
    "model": 260,
    "serial": "39S73ZCXH80W",
    "unit": 12
  },
  "model": "hwdoc.equipment",
  "pk": 602
},
{
  "fields": {
    "updated": "2015-11-25T13:25:48.532Z",
    "rack_front": true,
    "orientation": "Front",
    "storage": null,
    "comments": "Test comment",
    "rack": 281,
    "allocation": null,
    "added": "2015-11-25T13:25:48.532Z",
    "rack_back": true,
    "purpose": "",
    "rack_interior": true,
    "model": 255,
    "serial": "AJRQ63",
    "unit": 35
  },
  "model": "hwdoc.equipment",
  "pk": 603
},
{
  "fields": {
    "updated": "2015-11-25T13:25:48.532Z",
    "rack_front": true,
    "orientation": "Front",
    "storage": null,
    "comments": "",
    "rack": 278,
    "allocation": 72,
    "added": "2015-11-25T13:25:48.532Z",
    "rack_back": true,
    "purpose": "",
    "rack_interior": true,
    "model": 251,
    "serial": "SDZ5OQ8ACOQZ9DD",
    "unit": 34
  },
  "model": "hwdoc.equipment",
  "pk": 604
},
{
  "fields": {
    "updated": "2015-11-25T13:25:48.532Z",
    "rack_front": true,
    "orientation": "Front",
    "storage": null,
    "comments": "",
    "rack": 257,
    "allocation": 68,
    "added": "2015-11-25T13:25:48.532Z",
    "rack_back": true,
    "purpose": "",
    "rack_interior": true,
    "model": 241,
    "serial": "SMPXI9A",
    "unit": 40
  },
  "model": "hwdoc.equipment",
  "pk": 605
},
{
  "fields": {
    "updated": "2015-11-25T13:25:48.532Z",
    "rack_front": true,
    "orientation": "Front",
    "storage": null,
    "comments": "",
    "rack": 253,
    "allocation": 77,
    "added": "2015-11-25T13:25:48.532Z",
    "rack_back": true,
    "purpose": "",
    "rack_interior": true,
    "model": 251,
    "serial": "NK20594N",
    "unit": 5
  },
  "model": "hwdoc.equipment",
  "pk": 606
},
{
  "fields": {
    "updated": "2015-11-25T13:25:48.532Z",
    "rack_front": true,
    "orientation": "Front",
    "storage": null,
    "comments": "",
    "rack": 275,
    "allocation": null,
    "added": "2015-11-25T13:25:48.532Z",
    "rack_back": true,
    "purpose": "",
    "rack_interior": true,
    "model": 259,
    "serial": "NQOHRZEWQ2",
    "unit": 7
  },
  "model": "hwdoc.equipment",
  "pk": 607
},
{
  "fields": {
    "updated": "2015-11-25T13:25:48.532Z",
    "rack_front": true,
    "orientation": "Front",
    "storage": null,
    "comments": "",
    "rack": 288,
    "allocation": 66,
    "added": "2015-11-25T13:25:48.532Z",
    "rack_back": true,
    "purpose": "",
    "rack_interior": true,
    "model": 255,
    "serial": "DWRQLBSM9JUJB",
    "unit": 28
  },
  "model": "hwdoc.equipment",
  "pk": 608
},
{
  "fields": {
    "updated": "2015-11-25T13:25:48.532Z",
    "rack_front": true,
    "orientation": "Front",
    "storage": null,
    "comments": "",
    "rack": 284,
    "allocation": 78,
    "added": "2015-11-25T13:25:48.532Z",
    "rack_back": true,
    "purpose": "",
    "rack_interior": true,
    "model": 249,
    "serial": "ILO98T",
    "unit": 5
  },
  "model": "hwdoc.equipment",
  "pk": 609
},
{
  "fields": {
    "updated": "2015-11-25T13:25:48.532Z",
    "rack_front": true,
    "orientation": "Front",
    "storage": null,
    "comments": "",
    "rack": null,
    "allocation": 75,
    "added": "2015-11-25T13:25:48.532Z",
    "rack_back": true,
    "purpose": "",
    "rack_interior": true,
    "model": 249,
    "serial": "Q7I4R2T",
    "unit": null
  },
  "model": "hwdoc.equipment",
  "pk": 610
},
{
  "fields": {
    "updated": "2015-11-25T13:25:48.532Z",
    "rack_front": true,
    "orientation": "Front",
    "storage": null,
    "comments": "",
    "rack": 270,
    "allocation": 68,
    "added": "2015-11-25T13:25:48.532Z",
    "rack_back": true,
    "purpose": "",
    "rack_interior": true,
    "model": 249,
    "serial": "OY17L1YDRYTZLHT",
    "unit": 43
  },
  "model": "hwdoc.equipment",
  "pk": 611
},
{
  "fields": {
    "updated": "2015-11-25T13:25:48.532Z",
    "rack_front": true,
    "orientation": "Front",
    "storage": null,
    "comments": "",
    "rack": 305,
    "allocation": 71,
    "added": "2015-11-25T13:25:48.532Z",
    "rack_back": true,
    "purpose": "",
    "rack_interior": true,
    "model": 251,
    "serial": "HNIW463W",
    "unit": 10
  },
  "model": "hwdoc.equipment",
  "pk": 612
},
{
  "fields": {
    "updated": "2015-11-25T13:25:48.532Z",
    "rack_front": true,
    "orientation": "Front",
    "storage": null,
    "comments": "",
    "rack": 278,
    "allocation": 71,
    "added": "2015-11-25T13:25:48.532Z",
    "rack_back": true,
    "purpose": "",
    "rack_interior": true,
    "model": 244,
    "serial": "4YCORBZVZY3",
    "unit": 45
  },
  "model": "hwdoc.equipment",
  "pk": 613
},
{
  "fields": {
    "updated": "2015-11-25T13:25:48.532Z",
    "rack_front": true,
    "orientation": "Front",
    "storage": null,
    "comments": "",
    "rack": 241,
    "allocation": 64,
    "added": "2015-11-25T13:25:48.532Z",
    "rack_back": true,
    "purpose": "",
    "rack_interior": true,
    "model": 255,
    "serial": "7W0TS7QQ",
    "unit": 7
  },
  "model": "hwdoc.equipment",
  "pk": 614
},
{
  "fields": {
    "updated": "2015-11-25T13:25:48.533Z",
    "rack_front": true,
    "orientation": "Front",
    "storage": null,
    "comments": "",
    "rack": 286,
    "allocation": 75,
    "added": "2015-11-25T13:25:48.532Z",
    "rack_back": true,
    "purpose": "",
    "rack_interior": true,
    "model": 252,
    "serial": "U7AILR42G3AICH",
    "unit": 14
  },
  "model": "hwdoc.equipment",
  "pk": 615
},
{
  "fields": {
    "updated": "2015-11-25T13:25:48.533Z",
    "rack_front": true,
    "orientation": "Front",
    "storage": null,
    "comments": "",
    "rack": 248,
    "allocation": 61,
    "added": "2015-11-25T13:25:48.533Z",
    "rack_back": true,
    "purpose": "",
    "rack_interior": true,
    "model": 249,
    "serial": "OIRUA5SRBTTLQVE",
    "unit": 4
  },
  "model": "hwdoc.equipment",
  "pk": 616
},
{
  "fields": {
    "updated": "2015-11-25T13:25:48.533Z",
    "rack_front": true,
    "orientation": "Front",
    "storage": null,
    "comments": "",
    "rack": 245,
    "allocation": 64,
    "added": "2015-11-25T13:25:48.533Z",
    "rack_back": true,
    "purpose": "",
    "rack_interior": true,
    "model": 249,
    "serial": "VEKAREM",
    "unit": 49
  },
  "model": "hwdoc.equipment",
  "pk": 617
},
{
  "fields": {
    "updated": "2015-11-25T13:25:48.533Z",
    "rack_front": true,
    "orientation": "Front",
    "storage": null,
    "comments": "",
    "rack": 316,
    "allocation": 80,
    "added": "2015-11-25T13:25:48.533Z",
    "rack_back": true,
    "purpose": "",
    "rack_interior": true,
    "model": 255,
    "serial": "6YBEWH",
    "unit": 4
  },
  "model": "hwdoc.equipment",
  "pk": 618
},
{
  "fields": {
    "updated": "2015-11-25T13:25:48.533Z",
    "rack_front": true,
    "orientation": "Front",
    "storage": null,
    "comments": "",
    "rack": null,
    "allocation": null,
    "added": "2015-11-25T13:25:48.533Z",
    "rack_back": true,
    "purpose": "",
    "rack_interior": true,
    "model": 255,
    "serial": "SY83405OKE1HE6P",
    "unit": null
  },
  "model": "hwdoc.equipment",
  "pk": 619
},
{
  "fields": {
    "updated": "2015-11-25T13:25:48.533Z",
    "rack_front": true,
    "orientation": "Front",
    "storage": null,
    "comments": "",
    "rack": 266,
    "allocation": 76,
    "added": "2015-11-25T13:25:48.533Z",
    "rack_back": true,
    "purpose": "",
    "rack_interior": true,
    "model": 247,
    "serial": "KQEZX1H",
    "unit": 2
  },
  "model": "hwdoc.equipment",
  "pk": 620
},
{
  "fields": {
    "updated": "2015-11-25T13:25:48.533Z",
    "rack_front": true,
    "orientation": "Front",
    "storage": null,
    "comments": "",
    "rack": 319,
    "allocation": null,
    "added": "2015-11-25T13:25:48.533Z",
    "rack_back": true,
    "purpose": "",
    "rack_interior": true,
    "model": 257,
    "serial": "L56LVW6HYJN8",
    "unit": 2
  },
  "model": "hwdoc.equipment",
  "pk": 621
},
{
  "fields": {
    "updated": "2015-11-25T13:25:48.533Z",
    "rack_front": true,
    "orientation": "Front",
    "storage": null,
    "comments": "",
    "rack": 244,
    "allocation": 73,
    "added": "2015-11-25T13:25:48.533Z",
    "rack_back": true,
    "purpose": "",
    "rack_interior": true,
    "model": 246,
    "serial": "AOBXWOGO9NTK",
    "unit": 13
  },
  "model": "hwdoc.equipment",
  "pk": 622
},
{
  "fields": {
    "updated": "2015-11-25T13:25:48.533Z",
    "rack_front": true,
    "orientation": "Front",
    "storage": null,
    "comments": "",
    "rack": 263,
    "allocation": null,
    "added": "2015-11-25T13:25:48.533Z",
    "rack_back": true,
    "purpose": "",
    "rack_interior": true,
    "model": 253,
    "serial": "VMBW4PZIIWDVN",
    "unit": 9
  },
  "model": "hwdoc.equipment",
  "pk": 623
},
{
  "fields": {
    "updated": "2015-11-25T13:25:48.533Z",
    "rack_front": true,
    "orientation": "Front",
    "storage": null,
    "comments": "Test comment",
    "rack": null,
    "allocation": 75,
    "added": "2015-11-25T13:25:48.533Z",
    "rack_back": true,
    "purpose": "",
    "rack_interior": true,
    "model": 254,
    "serial": "NKT8CSKQ",
    "unit": null
  },
  "model": "hwdoc.equipment",
  "pk": 624
},
{
  "fields": {
    "updated": "2015-11-25T13:25:48.533Z",
    "rack_front": true,
    "orientation": "Front",
    "storage": null,
    "comments": "",
    "rack": 256,
    "allocation": 64,
    "added": "2015-11-25T13:25:48.533Z",
    "rack_back": true,
    "purpose": "",
    "rack_interior": true,
    "model": 253,
    "serial": "VD3H2K",
    "unit": 6
  },
  "model": "hwdoc.equipment",
  "pk": 625
},
{
  "fields": {
    "updated": "2015-11-25T13:25:48.533Z",
    "rack_front": true,
    "orientation": "Front",
    "storage": null,
    "comments": "",
    "rack": 251,
    "allocation": 61,
    "added": "2015-11-25T13:25:48.533Z",
    "rack_back": true,
    "purpose": "",
    "rack_interior": true,
    "model": 260,
    "serial": "2OSAU2GTM0",
    "unit": 13
  },
  "model": "hwdoc.equipment",
  "pk": 626
},
{
  "fields": {
    "updated": "2015-11-25T13:25:48.533Z",
    "rack_front": true,
    "orientation": "Front",
    "storage": null,
    "comments": "",
    "rack": null,
    "allocation": null,
    "added": "2015-11-25T13:25:48.533Z",
    "rack_back": true,
    "purpose": "",
    "rack_interior": true,
    "model": 243,
    "serial": "4MPU8BHH3MH3X",
    "unit": null
  },
  "model": "hwdoc.equipment",
  "pk": 627
},
{
  "fields": {
    "updated": "2015-11-25T13:25:48.533Z",
    "rack_front": true,
    "orientation": "Front",
    "storage": null,
    "comments": "",
    "rack": 288,
    "allocation": null,
    "added": "2015-11-25T13:25:48.533Z",
    "rack_back": true,
    "purpose": "",
    "rack_interior": true,
    "model": 259,
    "serial": "ORKYVGD",
    "unit": 16
  },
  "model": "hwdoc.equipment",
  "pk": 628
},
{
  "fields": {
    "updated": "2015-11-25T13:25:48.533Z",
    "rack_front": true,
    "orientation": "Front",
    "storage": null,
    "comments": "",
    "rack": 270,
    "allocation": 66,
    "added": "2015-11-25T13:25:48.533Z",
    "rack_back": true,
    "purpose": "",
    "rack_interior": true,
    "model": 247,
    "serial": "1TUUXMICFI",
    "unit": 18
  },
  "model": "hwdoc.equipment",
  "pk": 629
},
{
  "fields": {
    "updated": "2015-11-25T13:25:48.534Z",
    "rack_front": true,
    "orientation": "Front",
    "storage": null,
    "comments": "",
    "rack": 269,
    "allocation": 76,
    "added": "2015-11-25T13:25:48.534Z",
    "rack_back": true,
    "purpose": "",
    "rack_interior": true,
    "model": 249,
    "serial": "AGU3JQ728S2Z0V",
    "unit": 17
  },
  "model": "hwdoc.equipment",
  "pk": 630
},
{
  "fields": {
    "updated": "2015-11-25T13:25:48.534Z",
    "rack_front": true,
    "orientation": "Front",
    "storage": null,
    "comments": "",
    "rack": 256,
    "allocation": 71,
    "added": "2015-11-25T13:25:48.534Z",
    "rack_back": true,
    "purpose": "",
    "rack_interior": true,
    "model": 247,
    "serial": "X2RX0NBERLHD7",
    "unit": 4
  },
  "model": "hwdoc.equipment",
  "pk": 631
},
{
  "fields": {
    "updated": "2015-11-25T13:25:48.534Z",
    "rack_front": true,
    "orientation": "Front",
    "storage": null,
    "comments": "",
    "rack": 252,
    "allocation": 80,
    "added": "2015-11-25T13:25:48.534Z",
    "rack_back": true,
    "purpose": "",
    "rack_interior": true,
    "model": 249,
    "serial": "FP33I9",
    "unit": 18
  },
  "model": "hwdoc.equipment",
  "pk": 632
},
{
  "fields": {
    "updated": "2015-11-25T13:25:48.534Z",
    "rack_front": true,
    "orientation": "Front",
    "storage": null,
    "comments": "",
    "rack": 257,
    "allocation": null,
    "added": "2015-11-25T13:25:48.534Z",
    "rack_back": true,
    "purpose": "",
    "rack_interior": true,
    "model": 249,
    "serial": "SMZZ974Y3",
    "unit": 13
  },
  "model": "hwdoc.equipment",
  "pk": 633
},
{
  "fields": {
    "updated": "2015-11-25T13:25:48.534Z",
    "rack_front": true,
    "orientation": "Front",
    "storage": null,
    "comments": "",
    "rack": 252,
    "allocation": 79,
    "added": "2015-11-25T13:25:48.534Z",
    "rack_back": true,
    "purpose": "",
    "rack_interior": true,
    "model": 245,
    "serial": "KGTUJCRIY90K",
    "unit": 18
  },
  "model": "hwdoc.equipment",
  "pk": 634
},
{
  "fields": {
    "updated": "2015-11-25T13:25:48.534Z",
    "rack_front": true,
    "orientation": "Front",
    "storage": null,
    "comments": "",
    "rack": 251,
    "allocation": 61,
    "added": "2015-11-25T13:25:48.534Z",
    "rack_back": true,
    "purpose": "",
    "rack_interior": true,
    "model": 257,
    "serial": "E083HQ9QT",
    "unit": 7
  },
  "model": "hwdoc.equipment",
  "pk": 635
},
{
  "fields": {
    "updated": "2015-11-25T13:25:48.534Z",
    "rack_front": true,
    "orientation": "Front",
    "storage": null,
    "comments": "",
    "rack": 303,
    "allocation": null,
    "added": "2015-11-25T13:25:48.534Z",
    "rack_back": true,
    "purpose": "",
    "rack_interior": true,
    "model": 256,
    "serial": "G85EZUJA5DX",
    "unit": 17
  },
  "model": "hwdoc.equipment",
  "pk": 636
},
{
  "fields": {
    "updated": "2015-11-25T13:25:48.534Z",
    "rack_front": true,
    "orientation": "Front",
    "storage": null,
    "comments": "",
    "rack": null,
    "allocation": 63,
    "added": "2015-11-25T13:25:48.534Z",
    "rack_back": true,
    "purpose": "",
    "rack_interior": true,
    "model": 244,
    "serial": "LU52WL8Z",
    "unit": null
  },
  "model": "hwdoc.equipment",
  "pk": 637
},
{
  "fields": {
    "updated": "2015-11-25T13:25:48.534Z",
    "rack_front": true,
    "orientation": "Front",
    "storage": null,
    "comments": "",
    "rack": 294,
    "allocation": 63,
    "added": "2015-11-25T13:25:48.534Z",
    "rack_back": true,
    "purpose": "",
    "rack_interior": true,
    "model": 248,
    "serial": "A577NKQ397K3S9",
    "unit": 31
  },
  "model": "hwdoc.equipment",
  "pk": 638
},
{
  "fields": {
    "updated": "2015-11-25T13:25:48.534Z",
    "rack_front": true,
    "orientation": "Front",
    "storage": null,
    "comments": "",
    "rack": 281,
    "allocation": null,
    "added": "2015-11-25T13:25:48.534Z",
    "rack_back": true,
    "purpose": "",
    "rack_interior": true,
    "model": 260,
    "serial": "Z7IJ9P7",
    "unit": 21
  },
  "model": "hwdoc.equipment",
  "pk": 639
},
{
  "fields": {
    "updated": "2015-11-25T13:25:48.534Z",
    "rack_front": true,
    "orientation": "Front",
    "storage": 22,
    "comments": "",
    "rack": null,
    "allocation": 80,
    "added": "2015-11-25T13:25:48.534Z",
    "rack_back": true,
    "purpose": "",
    "rack_interior": true,
    "model": 245,
    "serial": "5UPMT97MTR86",
    "unit": null
  },
  "model": "hwdoc.equipment",
  "pk": 640
},
{
  "fields": {
    "updated": "2015-11-25T13:25:48.534Z",
    "rack_front": true,
    "orientation": "Front",
    "storage": null,
    "comments": "",
    "rack": 275,
    "allocation": 79,
    "added": "2015-11-25T13:25:48.534Z",
    "rack_back": true,
    "purpose": "",
    "rack_interior": true,
    "model": 246,
    "serial": "EZOFO4978WVF",
    "unit": 21
  },
  "model": "hwdoc.equipment",
  "pk": 641
},
{
  "fields": {
    "updated": "2015-11-25T13:25:48.534Z",
    "rack_front": true,
    "orientation": "Front",
    "storage": null,
    "comments": "",
    "rack": 294,
    "allocation": 71,
    "added": "2015-11-25T13:25:48.534Z",
    "rack_back": true,
    "purpose": "",
    "rack_interior": true,
    "model": 244,
    "serial": "X451NF2IP",
    "unit": 8
  },
  "model": "hwdoc.equipment",
  "pk": 642
},
{
  "fields": {
    "updated": "2015-11-25T13:25:48.534Z",
    "rack_front": true,
    "orientation": "Front",
    "storage": null,
    "comments": "",
    "rack": 268,
    "allocation": 61,
    "added": "2015-11-25T13:25:48.534Z",
    "rack_back": true,
    "purpose": "",
    "rack_interior": true,
    "model": 249,
    "serial": "KNAMW8ZQUTQ24",
    "unit": 22
  },
  "model": "hwdoc.equipment",
  "pk": 643
},
{
  "fields": {
    "updated": "2015-11-25T13:25:48.535Z",
    "rack_front": true,
    "orientation": "Front",
    "storage": null,
    "comments": "",
    "rack": 301,
    "allocation": 70,
    "added": "2015-11-25T13:25:48.535Z",
    "rack_back": true,
    "purpose": "",
    "rack_interior": true,
    "model": 259,
    "serial": "4GFIATMTWINLENO",
    "unit": 28
  },
  "model": "hwdoc.equipment",
  "pk": 644
},
{
  "fields": {
    "updated": "2015-11-25T13:25:48.535Z",
    "rack_front": true,
    "orientation": "Front",
    "storage": null,
    "comments": "",
    "rack": null,
    "allocation": 78,
    "added": "2015-11-25T13:25:48.535Z",
    "rack_back": true,
    "purpose": "",
    "rack_interior": true,
    "model": 247,
    "serial": "AUIY8YBZNBQCV",
    "unit": null
  },
  "model": "hwdoc.equipment",
  "pk": 645
},
{
  "fields": {
    "updated": "2015-11-25T13:25:48.535Z",
    "rack_front": true,
    "orientation": "Front",
    "storage": null,
    "comments": "",
    "rack": null,
    "allocation": 76,
    "added": "2015-11-25T13:25:48.535Z",
    "rack_back": true,
    "purpose": "",
    "rack_interior": true,
    "model": 256,
    "serial": "10JCLA2GHC",
    "unit": null
  },
  "model": "hwdoc.equipment",
  "pk": 646
},
{
  "fields": {
    "updated": "2015-11-25T13:25:48.535Z",
    "rack_front": true,
    "orientation": "Front",
    "storage": null,
    "comments": "",
    "rack": 294,
    "allocation": null,
    "added": "2015-11-25T13:25:48.535Z",
    "rack_back": true,
    "purpose": "",
    "rack_interior": true,
    "model": 248,
    "serial": "6OBNJ78AY6",
    "unit": 33
  },
  "model": "hwdoc.equipment",
  "pk": 647
},
{
  "fields": {
    "updated": "2015-11-25T13:25:48.535Z",
    "rack_front": true,
    "orientation": "Front",
    "storage": null,
    "comments": "",
    "rack": null,
    "allocation": 70,
    "added": "2015-11-25T13:25:48.535Z",
    "rack_back": true,
    "purpose": "",
    "rack_interior": true,
    "model": 251,
    "serial": "VKIXS8CP8W",
    "unit": null
  },
  "model": "hwdoc.equipment",
  "pk": 648
},
{
  "fields": {
    "updated": "2015-11-25T13:25:48.535Z",
    "rack_front": true,
    "orientation": "Front",
    "storage": null,
    "comments": "",
    "rack": 272,
    "allocation": null,
    "added": "2015-11-25T13:25:48.535Z",
    "rack_back": true,
    "purpose": "",
    "rack_interior": true,
    "model": 242,
    "serial": "LKEJA87YE",
    "unit": 1
  },
  "model": "hwdoc.equipment",
  "pk": 649
},
{
  "fields": {
    "updated": "2015-11-25T13:25:48.535Z",
    "rack_front": true,
    "orientation": "Front",
    "storage": null,
    "comments": "",
    "rack": 249,
    "allocation": null,
    "added": "2015-11-25T13:25:48.535Z",
    "rack_back": true,
    "purpose": "",
    "rack_interior": true,
    "model": 256,
    "serial": "YIPLSDF31YI7OM",
    "unit": 26
  },
  "model": "hwdoc.equipment",
  "pk": 650
},
{
  "fields": {
    "updated": "2015-11-25T13:25:48.535Z",
    "rack_front": true,
    "orientation": "Front",
    "storage": null,
    "comments": "",
    "rack": 241,
    "allocation": 63,
    "added": "2015-11-25T13:25:48.535Z",
    "rack_back": true,
    "purpose": "",
    "rack_interior": true,
    "model": 242,
    "serial": "5YL6RKBNR",
    "unit": 13
  },
  "model": "hwdoc.equipment",
  "pk": 651
},
{
  "fields": {
    "updated": "2015-11-25T13:25:48.535Z",
    "rack_front": true,
    "orientation": "Front",
    "storage": null,
    "comments": "",
    "rack": 318,
    "allocation": null,
    "added": "2015-11-25T13:25:48.535Z",
    "rack_back": true,
    "purpose": "",
    "rack_interior": true,
    "model": 249,
    "serial": "D6KF96MF4J",
    "unit": 34
  },
  "model": "hwdoc.equipment",
  "pk": 652
},
{
  "fields": {
    "updated": "2015-11-25T13:25:48.535Z",
    "rack_front": true,
    "orientation": "Front",
    "storage": null,
    "comments": "",
    "rack": 256,
    "allocation": 72,
    "added": "2015-11-25T13:25:48.535Z",
    "rack_back": true,
    "purpose": "",
    "rack_interior": true,
    "model": 259,
    "serial": "KDXYMPPRE99SB",
    "unit": 40
  },
  "model": "hwdoc.equipment",
  "pk": 653
},
{
  "fields": {
    "updated": "2015-11-25T13:25:48.535Z",
    "rack_front": true,
    "orientation": "Front",
    "storage": null,
    "comments": "",
    "rack": 303,
    "allocation": 71,
    "added": "2015-11-25T13:25:48.535Z",
    "rack_back": true,
    "purpose": "",
    "rack_interior": true,
    "model": 255,
    "serial": "C0CCW5Q",
    "unit": 26
  },
  "model": "hwdoc.equipment",
  "pk": 654
},
{
  "fields": {
    "updated": "2015-11-25T13:25:48.535Z",
    "rack_front": true,
    "orientation": "Front",
    "storage": null,
    "comments": "",
    "rack": 299,
    "allocation": 64,
    "added": "2015-11-25T13:25:48.535Z",
    "rack_back": true,
    "purpose": "",
    "rack_interior": true,
    "model": 257,
    "serial": "ORBUN9O",
    "unit": 15
  },
  "model": "hwdoc.equipment",
  "pk": 655
},
{
  "fields": {
    "updated": "2015-11-25T13:25:48.535Z",
    "rack_front": true,
    "orientation": "Front",
    "storage": null,
    "comments": "",
    "rack": 255,
    "allocation": 75,
    "added": "2015-11-25T13:25:48.535Z",
    "rack_back": true,
    "purpose": "",
    "rack_interior": true,
    "model": 255,
    "serial": "SMSU0UWMKBT527",
    "unit": 8
  },
  "model": "hwdoc.equipment",
  "pk": 656
},
{
  "fields": {
    "updated": "2015-11-25T13:25:48.535Z",
    "rack_front": true,
    "orientation": "Front",
    "storage": null,
    "comments": "Test comment",
    "rack": 296,
    "allocation": null,
    "added": "2015-11-25T13:25:48.535Z",
    "rack_back": true,
    "purpose": "",
    "rack_interior": true,
    "model": 241,
    "serial": "3Y69KPPF",
    "unit": 27
  },
  "model": "hwdoc.equipment",
  "pk": 657
},
{
  "fields": {
    "updated": "2015-11-25T13:25:48.535Z",
    "rack_front": true,
    "orientation": "Front",
    "storage": null,
    "comments": "Test comment",
    "rack": 247,
    "allocation": null,
    "added": "2015-11-25T13:25:48.535Z",
    "rack_back": true,
    "purpose": "",
    "rack_interior": true,
    "model": 246,
    "serial": "56QR0QC8",
    "unit": 46
  },
  "model": "hwdoc.equipment",
  "pk": 658
},
{
  "fields": {
    "updated": "2015-11-25T13:25:48.536Z",
    "rack_front": true,
    "orientation": "Front",
    "storage": null,
    "comments": "",
    "rack": 286,
    "allocation": 71,
    "added": "2015-11-25T13:25:48.535Z",
    "rack_back": true,
    "purpose": "",
    "rack_interior": true,
    "model": 242,
    "serial": "AABTNCMATU5JU",
    "unit": 18
  },
  "model": "hwdoc.equipment",
  "pk": 659
},
{
  "fields": {
    "updated": "2015-11-25T13:25:48.536Z",
    "rack_front": true,
    "orientation": "Front",
    "storage": null,
    "comments": "",
    "rack": 256,
    "allocation": null,
    "added": "2015-11-25T13:25:48.536Z",
    "rack_back": true,
    "purpose": "",
    "rack_interior": true,
    "model": 255,
    "serial": "SIW75TE7V7",
    "unit": 39
  },
  "model": "hwdoc.equipment",
  "pk": 660
},
{
  "fields": {
    "updated": "2015-11-25T13:25:48.536Z",
    "rack_front": true,
    "orientation": "Front",
    "storage": null,
    "comments": "",
    "rack": 318,
    "allocation": null,
    "added": "2015-11-25T13:25:48.536Z",
    "rack_back": true,
    "purpose": "",
    "rack_interior": true,
    "model": 249,
    "serial": "V93DH5AWBP",
    "unit": 15
  },
  "model": "hwdoc.equipment",
  "pk": 661
},
{
  "fields": {
    "updated": "2015-11-25T13:25:48.536Z",
    "rack_front": true,
    "orientation": "Front",
    "storage": null,
    "comments": "",
    "rack": 284,
    "allocation": null,
    "added": "2015-11-25T13:25:48.536Z",
    "rack_back": true,
    "purpose": "",
    "rack_interior": true,
    "model": 255,
    "serial": "2CKZKKBDA9L",
    "unit": 20
  },
  "model": "hwdoc.equipment",
  "pk": 662
},
{
  "fields": {
    "updated": "2015-11-25T13:25:48.536Z",
    "rack_front": true,
    "orientation": "Front",
    "storage": null,
    "comments": "",
    "rack": 252,
    "allocation": 69,
    "added": "2015-11-25T13:25:48.536Z",
    "rack_back": true,
    "purpose": "",
    "rack_interior": true,
    "model": 249,
    "serial": "IPGVQFVPTHQTL",
    "unit": 38
  },
  "model": "hwdoc.equipment",
  "pk": 663
},
{
  "fields": {
    "updated": "2015-11-25T13:25:48.536Z",
    "rack_front": true,
    "orientation": "Front",
    "storage": null,
    "comments": "",
    "rack": 310,
    "allocation": 68,
    "added": "2015-11-25T13:25:48.536Z",
    "rack_back": true,
    "purpose": "",
    "rack_interior": true,
    "model": 249,
    "serial": "7U18F0",
    "unit": 14
  },
  "model": "hwdoc.equipment",
  "pk": 664
},
{
  "fields": {
    "updated": "2015-11-25T13:25:48.536Z",
    "rack_front": true,
    "orientation": "Front",
    "storage": null,
    "comments": "",
    "rack": 256,
    "allocation": 65,
    "added": "2015-11-25T13:25:48.536Z",
    "rack_back": true,
    "purpose": "",
    "rack_interior": true,
    "model": 250,
    "serial": "97D8J7J",
    "unit": 38
  },
  "model": "hwdoc.equipment",
  "pk": 665
},
{
  "fields": {
    "updated": "2015-11-25T13:25:48.536Z",
    "rack_front": true,
    "orientation": "Front",
    "storage": null,
    "comments": "",
    "rack": 248,
    "allocation": null,
    "added": "2015-11-25T13:25:48.536Z",
    "rack_back": true,
    "purpose": "",
    "rack_interior": true,
    "model": 243,
    "serial": "7K7VKCXPM",
    "unit": 31
  },
  "model": "hwdoc.equipment",
  "pk": 666
},
{
  "fields": {
    "updated": "2015-11-25T13:25:48.536Z",
    "rack_front": true,
    "orientation": "Front",
    "storage": null,
    "comments": "",
    "rack": 263,
    "allocation": 62,
    "added": "2015-11-25T13:25:48.536Z",
    "rack_back": true,
    "purpose": "",
    "rack_interior": true,
    "model": 259,
    "serial": "N43CAW9L8YY8R",
    "unit": 18
  },
  "model": "hwdoc.equipment",
  "pk": 667
},
{
  "fields": {
    "updated": "2015-11-25T13:25:48.536Z",
    "rack_front": true,
    "orientation": "Front",
    "storage": null,
    "comments": "",
    "rack": 273,
    "allocation": 78,
    "added": "2015-11-25T13:25:48.536Z",
    "rack_back": true,
    "purpose": "",
    "rack_interior": true,
    "model": 251,
    "serial": "O54CBUKCPD",
    "unit": 16
  },
  "model": "hwdoc.equipment",
  "pk": 668
},
{
  "fields": {
    "updated": "2015-11-25T13:25:48.536Z",
    "rack_front": true,
    "orientation": "Front",
    "storage": null,
    "comments": "Test comment",
    "rack": 285,
    "allocation": 77,
    "added": "2015-11-25T13:25:48.536Z",
    "rack_back": true,
    "purpose": "",
    "rack_interior": true,
    "model": 253,
    "serial": "F5DHS9U3J8",
    "unit": 22
  },
  "model": "hwdoc.equipment",
  "pk": 669
},
{
  "fields": {
    "updated": "2015-11-25T13:25:48.536Z",
    "rack_front": true,
    "orientation": "Front",
    "storage": null,
    "comments": "",
    "rack": 245,
    "allocation": 70,
    "added": "2015-11-25T13:25:48.536Z",
    "rack_back": true,
    "purpose": "",
    "rack_interior": true,
    "model": 249,
    "serial": "LIMW8HF0",
    "unit": 46
  },
  "model": "hwdoc.equipment",
  "pk": 670
},
{
  "fields": {
    "updated": "2015-11-25T13:25:48.536Z",
    "rack_front": true,
    "orientation": "Front",
    "storage": null,
    "comments": "",
    "rack": null,
    "allocation": null,
    "added": "2015-11-25T13:25:48.536Z",
    "rack_back": true,
    "purpose": "",
    "rack_interior": true,
    "model": 256,
    "serial": "8WSCWR5HFD",
    "unit": null
  },
  "model": "hwdoc.equipment",
  "pk": 671
},
{
  "fields": {
    "updated": "2015-11-25T13:25:48.540Z",
    "rack_front": true,
    "orientation": "Front",
    "storage": null,
    "comments": "",
    "rack": null,
    "allocation": 75,
    "added": "2015-11-25T13:25:48.540Z",
    "rack_back": true,
    "purpose": "",
    "rack_interior": true,
    "model": 256,
    "serial": "AT2WLVHEPF",
    "unit": null
  },
  "model": "hwdoc.equipment",
  "pk": 672
},
{
  "fields": {
    "updated": "2015-11-25T13:25:48.541Z",
    "rack_front": true,
    "orientation": "Front",
    "storage": null,
    "comments": "",
    "rack": 250,
    "allocation": null,
    "added": "2015-11-25T13:25:48.541Z",
    "rack_back": true,
    "purpose": "",
    "rack_interior": true,
    "model": 256,
    "serial": "ZRA3PDCY0EEN277",
    "unit": 5
  },
  "model": "hwdoc.equipment",
  "pk": 673
},
{
  "fields": {
    "updated": "2015-11-25T13:25:48.541Z",
    "rack_front": true,
    "orientation": "Front",
    "storage": null,
    "comments": "",
    "rack": 256,
    "allocation": 66,
    "added": "2015-11-25T13:25:48.541Z",
    "rack_back": true,
    "purpose": "",
    "rack_interior": true,
    "model": 259,
    "serial": "GNVBTJ3W2ZL",
    "unit": 38
  },
  "model": "hwdoc.equipment",
  "pk": 674
},
{
  "fields": {
    "updated": "2015-11-25T13:25:48.541Z",
    "rack_front": true,
    "orientation": "Front",
    "storage": null,
    "comments": "",
    "rack": null,
    "allocation": 77,
    "added": "2015-11-25T13:25:48.541Z",
    "rack_back": true,
    "purpose": "",
    "rack_interior": true,
    "model": 252,
    "serial": "IXC4MMDWZ5YE8",
    "unit": null
  },
  "model": "hwdoc.equipment",
  "pk": 675
},
{
  "fields": {
    "updated": "2015-11-25T13:25:48.541Z",
    "rack_front": true,
    "orientation": "Front",
    "storage": null,
    "comments": "",
    "rack": 251,
    "allocation": 64,
    "added": "2015-11-25T13:25:48.541Z",
    "rack_back": true,
    "purpose": "",
    "rack_interior": true,
    "model": 249,
    "serial": "ANQNU9ZHCELR8N3",
    "unit": 19
  },
  "model": "hwdoc.equipment",
  "pk": 676
},
{
  "fields": {
    "updated": "2015-11-25T13:25:48.541Z",
    "rack_front": true,
    "orientation": "Front",
    "storage": null,
    "comments": "",
    "rack": 260,
    "allocation": 78,
    "added": "2015-11-25T13:25:48.541Z",
    "rack_back": true,
    "purpose": "",
    "rack_interior": true,
    "model": 253,
    "serial": "2OLK9JMWZC1Z9",
    "unit": 40
  },
  "model": "hwdoc.equipment",
  "pk": 677
},
{
  "fields": {
    "updated": "2015-11-25T13:25:48.541Z",
    "rack_front": true,
    "orientation": "Front",
    "storage": null,
    "comments": "",
    "rack": 312,
    "allocation": 63,
    "added": "2015-11-25T13:25:48.541Z",
    "rack_back": true,
    "purpose": "",
    "rack_interior": true,
    "model": 241,
    "serial": "4W2JHXD7OVD9",
    "unit": 35
  },
  "model": "hwdoc.equipment",
  "pk": 678
},
{
  "fields": {
    "updated": "2015-11-25T13:25:48.541Z",
    "rack_front": true,
    "orientation": "Front",
    "storage": null,
    "comments": "",
    "rack": 319,
    "allocation": 74,
    "added": "2015-11-25T13:25:48.541Z",
    "rack_back": true,
    "purpose": "",
    "rack_interior": true,
    "model": 250,
    "serial": "VWMTATN7",
    "unit": 13
  },
  "model": "hwdoc.equipment",
  "pk": 679
},
{
  "fields": {
    "updated": "2015-11-25T13:25:48.541Z",
    "rack_front": true,
    "orientation": "Front",
    "storage": null,
    "comments": "",
    "rack": 301,
    "allocation": 65,
    "added": "2015-11-25T13:25:48.541Z",
    "rack_back": true,
    "purpose": "",
    "rack_interior": true,
    "model": 248,
    "serial": "QO46AS4FVEYKPU",
    "unit": 37
  },
  "model": "hwdoc.equipment",
  "pk": 680
},
{
  "fields": {
    "updated": "2015-11-25T13:25:48.541Z",
    "rack_front": true,
    "orientation": "Front",
    "storage": null,
    "comments": "",
    "rack": 253,
    "allocation": 69,
    "added": "2015-11-25T13:25:48.541Z",
    "rack_back": true,
    "purpose": "",
    "rack_interior": true,
    "model": 249,
    "serial": "9HMN1SFN9",
    "unit": 23
  },
  "model": "hwdoc.equipment",
  "pk": 681
},
{
  "fields": {
    "updated": "2015-11-25T13:25:48.541Z",
    "rack_front": true,
    "orientation": "Front",
    "storage": null,
    "comments": "Test comment",
    "rack": null,
    "allocation": 63,
    "added": "2015-11-25T13:25:48.541Z",
    "rack_back": true,
    "purpose": "",
    "rack_interior": true,
    "model": 259,
    "serial": "BMTMQZB",
    "unit": null
  },
  "model": "hwdoc.equipment",
  "pk": 682
},
{
  "fields": {
    "updated": "2015-11-25T13:25:48.541Z",
    "rack_front": true,
    "orientation": "Front",
    "storage": null,
    "comments": "",
    "rack": null,
    "allocation": 78,
    "added": "2015-11-25T13:25:48.541Z",
    "rack_back": true,
    "purpose": "",
    "rack_interior": true,
    "model": 259,
    "serial": "Y761KCXB8HOT",
    "unit": null
  },
  "model": "hwdoc.equipment",
  "pk": 683
},
{
  "fields": {
    "updated": "2015-11-25T13:25:48.541Z",
    "rack_front": true,
    "orientation": "Front",
    "storage": null,
    "comments": "",
    "rack": 285,
    "allocation": null,
    "added": "2015-11-25T13:25:48.541Z",
    "rack_back": true,
    "purpose": "",
    "rack_interior": true,
    "model": 249,
    "serial": "JJU4CJ",
    "unit": 3
  },
  "model": "hwdoc.equipment",
  "pk": 684
},
{
  "fields": {
    "updated": "2015-11-25T13:25:48.541Z",
    "rack_front": true,
    "orientation": "Front",
    "storage": null,
    "comments": "",
    "rack": 254,
    "allocation": 80,
    "added": "2015-11-25T13:25:48.541Z",
    "rack_back": true,
    "purpose": "",
    "rack_interior": true,
    "model": 249,
    "serial": "QOMSA0PXLS54Q",
    "unit": 18
  },
  "model": "hwdoc.equipment",
  "pk": 685
},
{
  "fields": {
    "updated": "2015-11-25T13:25:48.542Z",
    "rack_front": true,
    "orientation": "Front",
    "storage": null,
    "comments": "",
    "rack": 255,
    "allocation": null,
    "added": "2015-11-25T13:25:48.542Z",
    "rack_back": true,
    "purpose": "",
    "rack_interior": true,
    "model": 257,
    "serial": "EHKHWMBHKT2ATTA",
    "unit": 26
  },
  "model": "hwdoc.equipment",
  "pk": 686
},
{
  "fields": {
    "updated": "2015-11-25T13:25:48.542Z",
    "rack_front": true,
    "orientation": "Front",
    "storage": null,
    "comments": "",
    "rack": 263,
    "allocation": 63,
    "added": "2015-11-25T13:25:48.542Z",
    "rack_back": true,
    "purpose": "",
    "rack_interior": true,
    "model": 241,
    "serial": "OXO495",
    "unit": 14
  },
  "model": "hwdoc.equipment",
  "pk": 687
},
{
  "fields": {
    "updated": "2015-11-25T13:25:48.542Z",
    "rack_front": true,
    "orientation": "Front",
    "storage": null,
    "comments": "",
    "rack": 281,
    "allocation": null,
    "added": "2015-11-25T13:25:48.542Z",
    "rack_back": true,
    "purpose": "",
    "rack_interior": true,
    "model": 246,
    "serial": "BWRCYVMP",
    "unit": 23
  },
  "model": "hwdoc.equipment",
  "pk": 688
},
{
  "fields": {
    "updated": "2015-11-25T13:25:48.542Z",
    "rack_front": true,
    "orientation": "Front",
    "storage": null,
    "comments": "",
    "rack": 255,
    "allocation": 65,
    "added": "2015-11-25T13:25:48.542Z",
    "rack_back": true,
    "purpose": "",
    "rack_interior": true,
    "model": 256,
    "serial": "F1BGJSFM",
    "unit": 17
  },
  "model": "hwdoc.equipment",
  "pk": 689
},
{
  "fields": {
    "updated": "2015-11-25T13:25:48.542Z",
    "rack_front": true,
    "orientation": "Front",
    "storage": null,
    "comments": "",
    "rack": 267,
    "allocation": 70,
    "added": "2015-11-25T13:25:48.542Z",
    "rack_back": true,
    "purpose": "",
    "rack_interior": true,
    "model": 259,
    "serial": "LBIR9Y2HW",
    "unit": 5
  },
  "model": "hwdoc.equipment",
  "pk": 690
},
{
  "fields": {
    "updated": "2015-11-25T13:25:48.542Z",
    "rack_front": true,
    "orientation": "Front",
    "storage": null,
    "comments": "",
    "rack": 275,
    "allocation": 77,
    "added": "2015-11-25T13:25:48.542Z",
    "rack_back": true,
    "purpose": "",
    "rack_interior": true,
    "model": 251,
    "serial": "5HZ3G36YV164E",
    "unit": 8
  },
  "model": "hwdoc.equipment",
  "pk": 691
},
{
  "fields": {
    "updated": "2015-11-25T13:25:48.542Z",
    "rack_front": true,
    "orientation": "Front",
    "storage": null,
    "comments": "",
    "rack": 293,
    "allocation": 66,
    "added": "2015-11-25T13:25:48.542Z",
    "rack_back": true,
    "purpose": "",
    "rack_interior": true,
    "model": 257,
    "serial": "W7J1R3",
    "unit": 15
  },
  "model": "hwdoc.equipment",
  "pk": 692
},
{
  "fields": {
    "updated": "2015-11-25T13:25:48.542Z",
    "rack_front": true,
    "orientation": "Front",
    "storage": null,
    "comments": "",
    "rack": 266,
    "allocation": 76,
    "added": "2015-11-25T13:25:48.542Z",
    "rack_back": true,
    "purpose": "",
    "rack_interior": true,
    "model": 253,
    "serial": "D6NR2EV5VXKV",
    "unit": 5
  },
  "model": "hwdoc.equipment",
  "pk": 693
},
{
  "fields": {
    "updated": "2015-11-25T13:25:48.542Z",
    "rack_front": true,
    "orientation": "Front",
    "storage": null,
    "comments": "",
    "rack": null,
    "allocation": null,
    "added": "2015-11-25T13:25:48.542Z",
    "rack_back": true,
    "purpose": "",
    "rack_interior": true,
    "model": 251,
    "serial": "47E7PVXP",
    "unit": null
  },
  "model": "hwdoc.equipment",
  "pk": 694
},
{
  "fields": {
    "updated": "2015-11-25T13:25:48.542Z",
    "rack_front": true,
    "orientation": "Front",
    "storage": null,
    "comments": "",
    "rack": 311,
    "allocation": 70,
    "added": "2015-11-25T13:25:48.542Z",
    "rack_back": true,
    "purpose": "",
    "rack_interior": true,
    "model": 254,
    "serial": "DY1O1E5WS",
    "unit": 9
  },
  "model": "hwdoc.equipment",
  "pk": 695
},
{
  "fields": {
    "updated": "2015-11-25T13:25:48.542Z",
    "rack_front": true,
    "orientation": "Front",
    "storage": null,
    "comments": "",
    "rack": 252,
    "allocation": null,
    "added": "2015-11-25T13:25:48.542Z",
    "rack_back": true,
    "purpose": "",
    "rack_interior": true,
    "model": 249,
    "serial": "V0TZY4LF6",
    "unit": 20
  },
  "model": "hwdoc.equipment",
  "pk": 696
},
{
  "fields": {
    "updated": "2015-11-25T13:25:48.542Z",
    "rack_front": true,
    "orientation": "Front",
    "storage": null,
    "comments": "",
    "rack": 301,
    "allocation": 61,
    "added": "2015-11-25T13:25:48.542Z",
    "rack_back": true,
    "purpose": "",
    "rack_interior": true,
    "model": 257,
    "serial": "IGR3KEWV",
    "unit": 33
  },
  "model": "hwdoc.equipment",
  "pk": 697
},
{
  "fields": {
    "updated": "2015-11-25T13:25:48.542Z",
    "rack_front": true,
    "orientation": "Front",
    "storage": null,
    "comments": "",
    "rack": 247,
    "allocation": null,
    "added": "2015-11-25T13:25:48.542Z",
    "rack_back": true,
    "purpose": "",
    "rack_interior": true,
    "model": 254,
    "serial": "F3NETNVIU",
    "unit": 18
  },
  "model": "hwdoc.equipment",
  "pk": 698
},
{
  "fields": {
    "updated": "2015-11-25T13:25:48.542Z",
    "rack_front": true,
    "orientation": "Front",
    "storage": null,
    "comments": "",
    "rack": 286,
    "allocation": null,
    "added": "2015-11-25T13:25:48.542Z",
    "rack_back": true,
    "purpose": "",
    "rack_interior": true,
    "model": 242,
    "serial": "JL3I7XEQ",
    "unit": 11
  },
  "model": "hwdoc.equipment",
  "pk": 699
},
{
  "fields": {
    "updated": "2015-11-25T13:25:48.543Z",
    "rack_front": true,
    "orientation": "Front",
    "storage": null,
    "comments": "",
    "rack": 263,
    "allocation": 77,
    "added": "2015-11-25T13:25:48.543Z",
    "rack_back": true,
    "purpose": "",
    "rack_interior": true,
    "model": 256,
    "serial": "VQN8N1N7NWP",
    "unit": 11
  },
  "model": "hwdoc.equipment",
  "pk": 700
},
{
  "fields": {
    "updated": "2015-11-25T13:25:48.543Z",
    "rack_front": true,
    "orientation": "Front",
    "storage": null,
    "comments": "",
    "rack": 302,
    "allocation": 67,
    "added": "2015-11-25T13:25:48.543Z",
    "rack_back": true,
    "purpose": "",
    "rack_interior": true,
    "model": 257,
    "serial": "2NNXAW7J4",
    "unit": 4
  },
  "model": "hwdoc.equipment",
  "pk": 701
},
{
  "fields": {
    "updated": "2015-11-25T13:25:48.543Z",
    "rack_front": true,
    "orientation": "Front",
    "storage": null,
    "comments": "",
    "rack": 268,
    "allocation": 74,
    "added": "2015-11-25T13:25:48.543Z",
    "rack_back": true,
    "purpose": "",
    "rack_interior": true,
    "model": 256,
    "serial": "AZC0H2ISLYYBQMC",
    "unit": 5
  },
  "model": "hwdoc.equipment",
  "pk": 702
},
{
  "fields": {
    "updated": "2015-11-25T13:25:48.543Z",
    "rack_front": true,
    "orientation": "Front",
    "storage": null,
    "comments": "",
    "rack": 261,
    "allocation": 74,
    "added": "2015-11-25T13:25:48.543Z",
    "rack_back": true,
    "purpose": "",
    "rack_interior": true,
    "model": 249,
    "serial": "2KXC5AU",
    "unit": 9
  },
  "model": "hwdoc.equipment",
  "pk": 703
},
{
  "fields": {
    "updated": "2015-11-25T13:25:48.543Z",
    "rack_front": true,
    "orientation": "Front",
    "storage": null,
    "comments": "",
    "rack": 318,
    "allocation": 73,
    "added": "2015-11-25T13:25:48.543Z",
    "rack_back": true,
    "purpose": "",
    "rack_interior": true,
    "model": 253,
    "serial": "4V5XI0HS57O3K8",
    "unit": 2
  },
  "model": "hwdoc.equipment",
  "pk": 704
},
{
  "fields": {
    "updated": "2015-11-25T13:25:48.543Z",
    "rack_front": true,
    "orientation": "Front",
    "storage": null,
    "comments": "",
    "rack": 251,
    "allocation": null,
    "added": "2015-11-25T13:25:48.543Z",
    "rack_back": true,
    "purpose": "",
    "rack_interior": true,
    "model": 244,
    "serial": "502JDDZP8KEH",
    "unit": 31
  },
  "model": "hwdoc.equipment",
  "pk": 705
},
{
  "fields": {
    "updated": "2015-11-25T13:25:48.543Z",
    "rack_front": true,
    "orientation": "Front",
    "storage": null,
    "comments": "Test comment",
    "rack": 281,
    "allocation": null,
    "added": "2015-11-25T13:25:48.543Z",
    "rack_back": true,
    "purpose": "",
    "rack_interior": true,
    "model": 245,
    "serial": "MZWZM6KBWS2L6P",
    "unit": 26
  },
  "model": "hwdoc.equipment",
  "pk": 706
},
{
  "fields": {
    "updated": "2015-11-25T13:25:48.543Z",
    "rack_front": true,
    "orientation": "Front",
    "storage": null,
    "comments": "",
    "rack": 266,
    "allocation": null,
    "added": "2015-11-25T13:25:48.543Z",
    "rack_back": true,
    "purpose": "",
    "rack_interior": true,
    "model": 249,
    "serial": "RX68GW2FZVKOL1D",
    "unit": 9
  },
  "model": "hwdoc.equipment",
  "pk": 707
},
{
  "fields": {
    "updated": "2015-11-25T13:25:48.543Z",
    "rack_front": true,
    "orientation": "Front",
    "storage": null,
    "comments": "",
    "rack": 288,
    "allocation": 62,
    "added": "2015-11-25T13:25:48.543Z",
    "rack_back": true,
    "purpose": "",
    "rack_interior": true,
    "model": 252,
    "serial": "LRM6Z9G9YE",
    "unit": 27
  },
  "model": "hwdoc.equipment",
  "pk": 708
},
{
  "fields": {
    "updated": "2015-11-25T13:25:48.543Z",
    "rack_front": true,
    "orientation": "Front",
    "storage": null,
    "comments": "",
    "rack": 309,
    "allocation": null,
    "added": "2015-11-25T13:25:48.543Z",
    "rack_back": true,
    "purpose": "",
    "rack_interior": true,
    "model": 256,
    "serial": "J9XBT8ZY",
    "unit": 1
  },
  "model": "hwdoc.equipment",
  "pk": 709
},
{
  "fields": {
    "updated": "2015-11-25T13:25:48.543Z",
    "rack_front": true,
    "orientation": "Front",
    "storage": null,
    "comments": "",
    "rack": 279,
    "allocation": 63,
    "added": "2015-11-25T13:25:48.543Z",
    "rack_back": true,
    "purpose": "",
    "rack_interior": true,
    "model": 250,
    "serial": "U03SZC94CN05D4G",
    "unit": 38
  },
  "model": "hwdoc.equipment",
  "pk": 710
},
{
  "fields": {
    "updated": "2015-11-25T13:25:48.543Z",
    "rack_front": true,
    "orientation": "Front",
    "storage": null,
    "comments": "",
    "rack": null,
    "allocation": null,
    "added": "2015-11-25T13:25:48.543Z",
    "rack_back": true,
    "purpose": "",
    "rack_interior": true,
    "model": 242,
    "serial": "AKWASXKE8TODNA8",
    "unit": null
  },
  "model": "hwdoc.equipment",
  "pk": 711
},
{
  "fields": {
    "updated": "2015-11-25T13:25:48.543Z",
    "rack_front": true,
    "orientation": "Front",
    "storage": null,
    "comments": "",
    "rack": 276,
    "allocation": 62,
    "added": "2015-11-25T13:25:48.543Z",
    "rack_back": true,
    "purpose": "",
    "rack_interior": true,
    "model": 256,
    "serial": "NNO8UZPD",
    "unit": 23
  },
  "model": "hwdoc.equipment",
  "pk": 712
},
{
  "fields": {
    "updated": "2015-11-25T13:25:48.543Z",
    "rack_front": true,
    "orientation": "Front",
    "storage": null,
    "comments": "Test comment",
    "rack": 293,
    "allocation": null,
    "added": "2015-11-25T13:25:48.543Z",
    "rack_back": true,
    "purpose": "",
    "rack_interior": true,
    "model": 252,
    "serial": "FUF929AI9V3L3",
    "unit": 33
  },
  "model": "hwdoc.equipment",
  "pk": 713
},
{
  "fields": {
    "updated": "2015-11-25T13:25:48.544Z",
    "rack_front": true,
    "orientation": "Front",
    "storage": null,
    "comments": "",
    "rack": null,
    "allocation": null,
    "added": "2015-11-25T13:25:48.544Z",
    "rack_back": true,
    "purpose": "",
    "rack_interior": true,
    "model": 259,
    "serial": "ZG52J2S7V",
    "unit": null
  },
  "model": "hwdoc.equipment",
  "pk": 714
},
{
  "fields": {
    "updated": "2015-11-25T13:25:48.544Z",
    "rack_front": true,
    "orientation": "Front",
    "storage": null,
    "comments": "",
    "rack": 244,
    "allocation": 65,
    "added": "2015-11-25T13:25:48.544Z",
    "rack_back": true,
    "purpose": "",
    "rack_interior": true,
    "model": 254,
    "serial": "PE2CDU",
    "unit": 5
  },
  "model": "hwdoc.equipment",
  "pk": 715
},
{
  "fields": {
    "updated": "2015-11-25T13:25:48.544Z",
    "rack_front": true,
    "orientation": "Front",
    "storage": null,
    "comments": "",
    "rack": 266,
    "allocation": 67,
    "added": "2015-11-25T13:25:48.544Z",
    "rack_back": true,
    "purpose": "",
    "rack_interior": true,
    "model": 249,
    "serial": "8Y6ZNY7GEUTL5",
    "unit": 7
  },
  "model": "hwdoc.equipment",
  "pk": 716
},
{
  "fields": {
    "updated": "2015-11-25T13:25:48.544Z",
    "rack_front": true,
    "orientation": "Front",
    "storage": null,
    "comments": "Test comment",
    "rack": 244,
    "allocation": null,
    "added": "2015-11-25T13:25:48.544Z",
    "rack_back": true,
    "purpose": "",
    "rack_interior": true,
    "model": 255,
    "serial": "E9VR17",
    "unit": 11
  },
  "model": "hwdoc.equipment",
  "pk": 717
},
{
  "fields": {
    "updated": "2015-11-25T13:25:48.544Z",
    "rack_front": true,
    "orientation": "Front",
    "storage": null,
    "comments": "",
    "rack": 259,
    "allocation": 70,
    "added": "2015-11-25T13:25:48.544Z",
    "rack_back": true,
    "purpose": "",
    "rack_interior": true,
    "model": 249,
    "serial": "XB0O569PRFND7G",
    "unit": 20
  },
  "model": "hwdoc.equipment",
  "pk": 718
},
{
  "fields": {
    "updated": "2015-11-25T13:25:48.544Z",
    "rack_front": true,
    "orientation": "Front",
    "storage": null,
    "comments": "",
    "rack": 242,
    "allocation": 68,
    "added": "2015-11-25T13:25:48.544Z",
    "rack_back": true,
    "purpose": "",
    "rack_interior": true,
    "model": 260,
    "serial": "YF7GV73VE34B822",
    "unit": 32
  },
  "model": "hwdoc.equipment",
  "pk": 719
},
{
  "fields": {
    "updated": "2015-11-25T13:25:48.544Z",
    "rack_front": true,
    "orientation": "Front",
    "storage": null,
    "comments": "",
    "rack": 294,
    "allocation": 74,
    "added": "2015-11-25T13:25:48.544Z",
    "rack_back": true,
    "purpose": "",
    "rack_interior": true,
    "model": 249,
    "serial": "IG0JJYLUCOXC64",
    "unit": 1
  },
  "model": "hwdoc.equipment",
  "pk": 720
},
{
  "fields": {
    "updated": "2015-11-25T13:25:48.544Z",
    "rack_front": true,
    "orientation": "Front",
    "storage": null,
    "comments": "Test comment",
    "rack": 293,
    "allocation": null,
    "added": "2015-11-25T13:25:48.544Z",
    "rack_back": true,
    "purpose": "",
    "rack_interior": true,
    "model": 241,
    "serial": "UKB6Q2",
    "unit": 20
  },
  "model": "hwdoc.equipment",
  "pk": 721
},
{
  "fields": {
    "updated": "2015-11-25T13:25:48.544Z",
    "rack_front": true,
    "orientation": "Front",
    "storage": null,
    "comments": "Test comment",
    "rack": null,
    "allocation": null,
    "added": "2015-11-25T13:25:48.544Z",
    "rack_back": true,
    "purpose": "",
    "rack_interior": true,
    "model": 259,
    "serial": "POREVJACSPTPI",
    "unit": null
  },
  "model": "hwdoc.equipment",
  "pk": 722
},
{
  "fields": {
    "updated": "2015-11-25T13:25:48.544Z",
    "rack_front": true,
    "orientation": "Front",
    "storage": null,
    "comments": "",
    "rack": 247,
    "allocation": 63,
    "added": "2015-11-25T13:25:48.544Z",
    "rack_back": true,
    "purpose": "",
    "rack_interior": true,
    "model": 250,
    "serial": "RPXM578",
    "unit": 38
  },
  "model": "hwdoc.equipment",
  "pk": 723
},
{
  "fields": {
    "updated": "2015-11-25T13:25:48.544Z",
    "rack_front": true,
    "orientation": "Front",
    "storage": null,
    "comments": "",
    "rack": 244,
    "allocation": null,
    "added": "2015-11-25T13:25:48.544Z",
    "rack_back": true,
    "purpose": "",
    "rack_interior": true,
    "model": 250,
    "serial": "MHTV89EA5TRMNG",
    "unit": 23
  },
  "model": "hwdoc.equipment",
  "pk": 724
},
{
  "fields": {
    "updated": "2015-11-25T13:25:48.544Z",
    "rack_front": true,
    "orientation": "Front",
    "storage": null,
    "comments": "Test comment",
    "rack": 285,
    "allocation": 68,
    "added": "2015-11-25T13:25:48.544Z",
    "rack_back": true,
    "purpose": "",
    "rack_interior": true,
    "model": 242,
    "serial": "TC9XA7",
    "unit": 1
  },
  "model": "hwdoc.equipment",
  "pk": 725
},
{
  "fields": {
    "updated": "2015-11-25T13:25:48.544Z",
    "rack_front": true,
    "orientation": "Front",
    "storage": null,
    "comments": "Test comment",
    "rack": null,
    "allocation": 63,
    "added": "2015-11-25T13:25:48.544Z",
    "rack_back": true,
    "purpose": "",
    "rack_interior": true,
    "model": 256,
    "serial": "NOQ2OL1T2TR7RO",
    "unit": null
  },
  "model": "hwdoc.equipment",
  "pk": 726
},
{
  "fields": {
    "updated": "2015-11-25T13:25:48.544Z",
    "rack_front": true,
    "orientation": "Front",
    "storage": null,
    "comments": "",
    "rack": 281,
    "allocation": null,
    "added": "2015-11-25T13:25:48.544Z",
    "rack_back": true,
    "purpose": "",
    "rack_interior": true,
    "model": 249,
    "serial": "N4JHNT101",
    "unit": 40
  },
  "model": "hwdoc.equipment",
  "pk": 727
},
{
  "fields": {
    "updated": "2015-11-25T13:25:48.545Z",
    "rack_front": true,
    "orientation": "Front",
    "storage": null,
    "comments": "",
    "rack": 288,
    "allocation": 76,
    "added": "2015-11-25T13:25:48.545Z",
    "rack_back": true,
    "purpose": "",
    "rack_interior": true,
    "model": 259,
    "serial": "1IGHV00H2N",
    "unit": 28
  },
  "model": "hwdoc.equipment",
  "pk": 728
},
{
  "fields": {
    "updated": "2015-11-25T13:25:48.545Z",
    "rack_front": true,
    "orientation": "Front",
    "storage": null,
    "comments": "",
    "rack": 320,
    "allocation": 77,
    "added": "2015-11-25T13:25:48.545Z",
    "rack_back": true,
    "purpose": "",
    "rack_interior": true,
    "model": 249,
    "serial": "L6H3KVP",
    "unit": 30
  },
  "model": "hwdoc.equipment",
  "pk": 729
},
{
  "fields": {
    "updated": "2015-11-25T13:25:48.545Z",
    "rack_front": true,
    "orientation": "Front",
    "storage": null,
    "comments": "",
    "rack": null,
    "allocation": 62,
    "added": "2015-11-25T13:25:48.545Z",
    "rack_back": true,
    "purpose": "",
    "rack_interior": true,
    "model": 251,
    "serial": "98HF4HBYQ06C88",
    "unit": null
  },
  "model": "hwdoc.equipment",
  "pk": 730
},
{
  "fields": {
    "updated": "2015-11-25T13:25:48.545Z",
    "rack_front": true,
    "orientation": "Front",
    "storage": null,
    "comments": "",
    "rack": 281,
    "allocation": 63,
    "added": "2015-11-25T13:25:48.545Z",
    "rack_back": true,
    "purpose": "",
    "rack_interior": true,
    "model": 241,
    "serial": "OQBRA92LE9HN",
    "unit": 36
  },
  "model": "hwdoc.equipment",
  "pk": 731
},
{
  "fields": {
    "updated": "2015-11-25T13:25:48.545Z",
    "rack_front": true,
    "orientation": "Front",
    "storage": null,
    "comments": "Test comment",
    "rack": 267,
    "allocation": 70,
    "added": "2015-11-25T13:25:48.545Z",
    "rack_back": true,
    "purpose": "",
    "rack_interior": true,
    "model": 246,
    "serial": "5VYIBGRSJCAGLU",
    "unit": 32
  },
  "model": "hwdoc.equipment",
  "pk": 732
},
{
  "fields": {
    "updated": "2015-11-25T13:25:48.545Z",
    "rack_front": true,
    "orientation": "Front",
    "storage": null,
    "comments": "",
    "rack": 284,
    "allocation": 69,
    "added": "2015-11-25T13:25:48.545Z",
    "rack_back": true,
    "purpose": "",
    "rack_interior": true,
    "model": 259,
    "serial": "1NLH8YJXQ21",
    "unit": 21
  },
  "model": "hwdoc.equipment",
  "pk": 733
},
{
  "fields": {
    "updated": "2015-11-25T13:25:48.545Z",
    "rack_front": true,
    "orientation": "Front",
    "storage": null,
    "comments": "",
    "rack": 254,
    "allocation": 76,
    "added": "2015-11-25T13:25:48.545Z",
    "rack_back": true,
    "purpose": "",
    "rack_interior": true,
    "model": 258,
    "serial": "PF6ZQ1TPN",
    "unit": 20
  },
  "model": "hwdoc.equipment",
  "pk": 734
},
{
  "fields": {
    "updated": "2015-11-25T13:25:48.545Z",
    "rack_front": true,
    "orientation": "Front",
    "storage": null,
    "comments": "",
    "rack": null,
    "allocation": null,
    "added": "2015-11-25T13:25:48.545Z",
    "rack_back": true,
    "purpose": "",
    "rack_interior": true,
    "model": 249,
    "serial": "6UB2QYABM45CJ8",
    "unit": null
  },
  "model": "hwdoc.equipment",
  "pk": 735
},
{
  "fields": {
    "updated": "2015-11-25T13:25:48.545Z",
    "rack_front": true,
    "orientation": "Front",
    "storage": null,
    "comments": "",
    "rack": 270,
    "allocation": null,
    "added": "2015-11-25T13:25:48.545Z",
    "rack_back": true,
    "purpose": "",
    "rack_interior": true,
    "model": 249,
    "serial": "3C5IOR8W572",
    "unit": 35
  },
  "model": "hwdoc.equipment",
  "pk": 736
},
{
  "fields": {
    "updated": "2015-11-25T13:25:48.545Z",
    "rack_front": true,
    "orientation": "Front",
    "storage": null,
    "comments": "Test comment",
    "rack": 244,
    "allocation": null,
    "added": "2015-11-25T13:25:48.545Z",
    "rack_back": true,
    "purpose": "",
    "rack_interior": true,
    "model": 241,
    "serial": "DJEP9XNO",
    "unit": 15
  },
  "model": "hwdoc.equipment",
  "pk": 737
},
{
  "fields": {
    "updated": "2015-11-25T13:25:48.545Z",
    "rack_front": true,
    "orientation": "Front",
    "storage": null,
    "comments": "",
    "rack": 278,
    "allocation": null,
    "added": "2015-11-25T13:25:48.545Z",
    "rack_back": true,
    "purpose": "",
    "rack_interior": true,
    "model": 249,
    "serial": "7GOL1UEPMAS43",
    "unit": 23
  },
  "model": "hwdoc.equipment",
  "pk": 738
},
{
  "fields": {
    "updated": "2015-11-25T13:25:48.545Z",
    "rack_front": true,
    "orientation": "Front",
    "storage": null,
    "comments": "",
    "rack": 308,
    "allocation": null,
    "added": "2015-11-25T13:25:48.545Z",
    "rack_back": true,
    "purpose": "",
    "rack_interior": true,
    "model": 247,
    "serial": "SOWOUQ454IZ",
    "unit": 44
  },
  "model": "hwdoc.equipment",
  "pk": 739
},
{
  "fields": {
    "updated": "2015-11-25T13:25:48.545Z",
    "rack_front": true,
    "orientation": "Front",
    "storage": null,
    "comments": "",
    "rack": null,
    "allocation": 71,
    "added": "2015-11-25T13:25:48.545Z",
    "rack_back": true,
    "purpose": "",
    "rack_interior": true,
    "model": 242,
    "serial": "ZY7XOQECH5G86FK",
    "unit": null
  },
  "model": "hwdoc.equipment",
  "pk": 740
},
{
  "fields": {
    "updated": "2015-11-25T13:25:48.545Z",
    "rack_front": true,
    "orientation": "Front",
    "storage": null,
    "comments": "",
    "rack": 319,
    "allocation": 66,
    "added": "2015-11-25T13:25:48.545Z",
    "rack_back": true,
    "purpose": "",
    "rack_interior": true,
    "model": 260,
    "serial": "0UMDLX99Q",
    "unit": 33
  },
  "model": "hwdoc.equipment",
  "pk": 741
},
{
  "fields": {
    "updated": "2015-11-25T13:25:48.546Z",
    "rack_front": true,
    "orientation": "Front",
    "storage": null,
    "comments": "",
    "rack": 279,
    "allocation": 75,
    "added": "2015-11-25T13:25:48.546Z",
    "rack_back": true,
    "purpose": "",
    "rack_interior": true,
    "model": 248,
    "serial": "32YH650",
    "unit": 33
  },
  "model": "hwdoc.equipment",
  "pk": 742
},
{
  "fields": {
    "updated": "2015-11-25T13:25:48.549Z",
    "rack_front": true,
    "orientation": "Front",
    "storage": null,
    "comments": "",
    "rack": 302,
    "allocation": 64,
    "added": "2015-11-25T13:25:48.549Z",
    "rack_back": true,
    "purpose": "",
    "rack_interior": true,
    "model": 249,
    "serial": "DW9AX2W6SC2M",
    "unit": 16
  },
  "model": "hwdoc.equipment",
  "pk": 743
},
{
  "fields": {
    "updated": "2015-11-25T13:25:48.549Z",
    "rack_front": true,
    "orientation": "Front",
    "storage": null,
    "comments": "",
    "rack": 315,
    "allocation": null,
    "added": "2015-11-25T13:25:48.549Z",
    "rack_back": true,
    "purpose": "",
    "rack_interior": true,
    "model": 249,
    "serial": "46ZETYUNJMZ76D",
    "unit": 7
  },
  "model": "hwdoc.equipment",
  "pk": 744
},
{
  "fields": {
    "updated": "2015-11-25T13:25:48.549Z",
    "rack_front": true,
    "orientation": "Front",
    "storage": null,
    "comments": "",
    "rack": 291,
    "allocation": 73,
    "added": "2015-11-25T13:25:48.549Z",
    "rack_back": true,
    "purpose": "",
    "rack_interior": true,
    "model": 245,
    "serial": "83ZHG0ZWB16OMES",
    "unit": 3
  },
  "model": "hwdoc.equipment",
  "pk": 745
},
{
  "fields": {
    "updated": "2015-11-25T13:25:48.549Z",
    "rack_front": true,
    "orientation": "Front",
    "storage": null,
    "comments": "",
    "rack": 250,
    "allocation": null,
    "added": "2015-11-25T13:25:48.549Z",
    "rack_back": true,
    "purpose": "",
    "rack_interior": true,
    "model": 257,
    "serial": "1K8AVJWM9L6",
    "unit": 33
  },
  "model": "hwdoc.equipment",
  "pk": 746
},
{
  "fields": {
    "updated": "2015-11-25T13:25:48.549Z",
    "rack_front": true,
    "orientation": "Front",
    "storage": null,
    "comments": "",
    "rack": 257,
    "allocation": 66,
    "added": "2015-11-25T13:25:48.549Z",
    "rack_back": true,
    "purpose": "",
    "rack_interior": true,
    "model": 253,
    "serial": "SQQ55GGKP7JR",
    "unit": 35
  },
  "model": "hwdoc.equipment",
  "pk": 747
},
{
  "fields": {
    "updated": "2015-11-25T13:25:48.549Z",
    "rack_front": true,
    "orientation": "Front",
    "storage": null,
    "comments": "",
    "rack": 291,
    "allocation": null,
    "added": "2015-11-25T13:25:48.549Z",
    "rack_back": true,
    "purpose": "",
    "rack_interior": true,
    "model": 256,
    "serial": "5D46F1KKJCYSFC",
    "unit": 23
  },
  "model": "hwdoc.equipment",
  "pk": 748
},
{
  "fields": {
    "updated": "2015-11-25T13:25:48.549Z",
    "rack_front": true,
    "orientation": "Front",
    "storage": null,
    "comments": "",
    "rack": 273,
    "allocation": null,
    "added": "2015-11-25T13:25:48.549Z",
    "rack_back": true,
    "purpose": "",
    "rack_interior": true,
    "model": 244,
    "serial": "YL08A8W",
    "unit": 4
  },
  "model": "hwdoc.equipment",
  "pk": 749
},
{
  "fields": {
    "updated": "2015-11-25T13:25:48.549Z",
    "rack_front": true,
    "orientation": "Front",
    "storage": null,
    "comments": "",
    "rack": 260,
    "allocation": null,
    "added": "2015-11-25T13:25:48.549Z",
    "rack_back": true,
    "purpose": "",
    "rack_interior": true,
    "model": 249,
    "serial": "Q92H3BO5",
    "unit": 39
  },
  "model": "hwdoc.equipment",
  "pk": 750
},
{
  "fields": {
    "updated": "2015-11-25T13:25:48.549Z",
    "rack_front": true,
    "orientation": "Front",
    "storage": null,
    "comments": "",
    "rack": null,
    "allocation": 74,
    "added": "2015-11-25T13:25:48.549Z",
    "rack_back": true,
    "purpose": "",
    "rack_interior": true,
    "model": 259,
    "serial": "BLZESERZWD",
    "unit": null
  },
  "model": "hwdoc.equipment",
  "pk": 751
},
{
  "fields": {
    "updated": "2015-11-25T13:25:48.549Z",
    "rack_front": true,
    "orientation": "Front",
    "storage": null,
    "comments": "",
    "rack": 315,
    "allocation": null,
    "added": "2015-11-25T13:25:48.549Z",
    "rack_back": true,
    "purpose": "",
    "rack_interior": true,
    "model": 256,
    "serial": "4BURPRS38",
    "unit": 23
  },
  "model": "hwdoc.equipment",
  "pk": 752
},
{
  "fields": {
    "updated": "2015-11-25T13:25:48.549Z",
    "rack_front": true,
    "orientation": "Front",
    "storage": null,
    "comments": "",
    "rack": 312,
    "allocation": 74,
    "added": "2015-11-25T13:25:48.549Z",
    "rack_back": true,
    "purpose": "",
    "rack_interior": true,
    "model": 248,
    "serial": "7U0HVWCC3M",
    "unit": 18
  },
  "model": "hwdoc.equipment",
  "pk": 753
},
{
  "fields": {
    "updated": "2015-11-25T13:25:48.549Z",
    "rack_front": true,
    "orientation": "Front",
    "storage": null,
    "comments": "",
    "rack": 296,
    "allocation": null,
    "added": "2015-11-25T13:25:48.549Z",
    "rack_back": true,
    "purpose": "",
    "rack_interior": true,
    "model": 256,
    "serial": "ZS9YAE",
    "unit": 17
  },
  "model": "hwdoc.equipment",
  "pk": 754
},
{
  "fields": {
    "updated": "2015-11-25T13:25:48.550Z",
    "rack_front": true,
    "orientation": "Front",
    "storage": null,
    "comments": "",
    "rack": 260,
    "allocation": null,
    "added": "2015-11-25T13:25:48.550Z",
    "rack_back": true,
    "purpose": "",
    "rack_interior": true,
    "model": 256,
    "serial": "WNAJOG1K8WEXB",
    "unit": 4
  },
  "model": "hwdoc.equipment",
  "pk": 755
},
{
  "fields": {
    "updated": "2015-11-25T13:25:48.550Z",
    "rack_front": true,
    "orientation": "Front",
    "storage": null,
    "comments": "",
    "rack": null,
    "allocation": 76,
    "added": "2015-11-25T13:25:48.550Z",
    "rack_back": true,
    "purpose": "",
    "rack_interior": true,
    "model": 245,
    "serial": "RYBMYXWO6RIP",
    "unit": null
  },
  "model": "hwdoc.equipment",
  "pk": 756
},
{
  "fields": {
    "updated": "2015-11-25T13:25:48.550Z",
    "rack_front": true,
    "orientation": "Front",
    "storage": null,
    "comments": "",
    "rack": 256,
    "allocation": null,
    "added": "2015-11-25T13:25:48.550Z",
    "rack_back": true,
    "purpose": "",
    "rack_interior": true,
    "model": 243,
    "serial": "VKU9Z7Q4U5SC",
    "unit": 23
  },
  "model": "hwdoc.equipment",
  "pk": 757
},
{
  "fields": {
    "updated": "2015-11-25T13:25:48.550Z",
    "rack_front": true,
    "orientation": "Front",
    "storage": null,
    "comments": "Test comment",
    "rack": 276,
    "allocation": 71,
    "added": "2015-11-25T13:25:48.550Z",
    "rack_back": true,
    "purpose": "",
    "rack_interior": true,
    "model": 250,
    "serial": "VF9LSU",
    "unit": 24
  },
  "model": "hwdoc.equipment",
  "pk": 758
},
{
  "fields": {
    "updated": "2015-11-25T13:25:48.550Z",
    "rack_front": true,
    "orientation": "Front",
    "storage": null,
    "comments": "",
    "rack": 278,
    "allocation": 66,
    "added": "2015-11-25T13:25:48.550Z",
    "rack_back": true,
    "purpose": "",
    "rack_interior": true,
    "model": 257,
    "serial": "GI6RILXNCFT3C",
    "unit": 11
  },
  "model": "hwdoc.equipment",
  "pk": 759
},
{
  "fields": {
    "updated": "2015-11-25T13:25:48.550Z",
    "rack_front": true,
    "orientation": "Front",
    "storage": null,
    "comments": "",
    "rack": 247,
    "allocation": 67,
    "added": "2015-11-25T13:25:48.550Z",
    "rack_back": true,
    "purpose": "",
    "rack_interior": true,
    "model": 246,
    "serial": "9BWLKHZ8ZF5U1LR",
    "unit": 37
  },
  "model": "hwdoc.equipment",
  "pk": 760
},
{
  "fields": {
    "updated": "2015-11-25T13:25:48.550Z",
    "rack_front": true,
    "orientation": "Front",
    "storage": null,
    "comments": "",
    "rack": 254,
    "allocation": 62,
    "added": "2015-11-25T13:25:48.550Z",
    "rack_back": true,
    "purpose": "",
    "rack_interior": true,
    "model": 253,
    "serial": "4D38ZH9",
    "unit": 23
  },
  "model": "hwdoc.equipment",
  "pk": 761
},
{
  "fields": {
    "updated": "2015-11-25T13:25:48.550Z",
    "rack_front": true,
    "orientation": "Front",
    "storage": null,
    "comments": "",
    "rack": 302,
    "allocation": null,
    "added": "2015-11-25T13:25:48.550Z",
    "rack_back": true,
    "purpose": "",
    "rack_interior": true,
    "model": 251,
    "serial": "9D81VE4NRZYPGS",
    "unit": 36
  },
  "model": "hwdoc.equipment",
  "pk": 762
},
{
  "fields": {
    "updated": "2015-11-25T13:25:48.550Z",
    "rack_front": true,
    "orientation": "Front",
    "storage": null,
    "comments": "",
    "rack": 308,
    "allocation": 74,
    "added": "2015-11-25T13:25:48.550Z",
    "rack_back": true,
    "purpose": "",
    "rack_interior": true,
    "model": 253,
    "serial": "FBKWGJ2V0B4JZ2K",
    "unit": 42
  },
  "model": "hwdoc.equipment",
  "pk": 763
},
{
  "fields": {
    "updated": "2015-11-25T13:25:48.550Z",
    "rack_front": true,
    "orientation": "Front",
    "storage": null,
    "comments": "",
    "rack": 267,
    "allocation": null,
    "added": "2015-11-25T13:25:48.550Z",
    "rack_back": true,
    "purpose": "",
    "rack_interior": true,
    "model": 257,
    "serial": "00Q6BR40YZ",
    "unit": 37
  },
  "model": "hwdoc.equipment",
  "pk": 764
},
{
  "fields": {
    "updated": "2015-11-25T13:25:48.550Z",
    "rack_front": true,
    "orientation": "Front",
    "storage": 22,
    "comments": "",
    "rack": null,
    "allocation": 65,
    "added": "2015-11-25T13:25:48.550Z",
    "rack_back": true,
    "purpose": "",
    "rack_interior": true,
    "model": 247,
    "serial": "0A757SA7",
    "unit": null
  },
  "model": "hwdoc.equipment",
  "pk": 765
},
{
  "fields": {
    "updated": "2015-11-25T13:25:48.550Z",
    "rack_front": true,
    "orientation": "Front",
    "storage": null,
    "comments": "",
    "rack": 303,
    "allocation": null,
    "added": "2015-11-25T13:25:48.550Z",
    "rack_back": true,
    "purpose": "",
    "rack_interior": true,
    "model": 249,
    "serial": "N1HJ5CHPQ4",
    "unit": 12
  },
  "model": "hwdoc.equipment",
  "pk": 766
},
{
  "fields": {
    "updated": "2015-11-25T13:25:48.550Z",
    "rack_front": true,
    "orientation": "Front",
    "storage": null,
    "comments": "",
    "rack": 255,
    "allocation": 62,
    "added": "2015-11-25T13:25:48.550Z",
    "rack_back": true,
    "purpose": "",
    "rack_interior": true,
    "model": 249,
    "serial": "VLNZYR9XIMXCGW",
    "unit": 30
  },
  "model": "hwdoc.equipment",
  "pk": 767
},
{
  "fields": {
    "updated": "2015-11-25T13:25:48.550Z",
    "rack_front": true,
    "orientation": "Front",
    "storage": null,
    "comments": "",
    "rack": 288,
    "allocation": null,
    "added": "2015-11-25T13:25:48.550Z",
    "rack_back": true,
    "purpose": "",
    "rack_interior": true,
    "model": 242,
    "serial": "4BNBGR62",
    "unit": 22
  },
  "model": "hwdoc.equipment",
  "pk": 768
},
{
  "fields": {
    "updated": "2015-11-25T13:25:48.551Z",
    "rack_front": true,
    "orientation": "Front",
    "storage": null,
    "comments": "",
    "rack": 288,
    "allocation": null,
    "added": "2015-11-25T13:25:48.550Z",
    "rack_back": true,
    "purpose": "",
    "rack_interior": true,
    "model": 257,
    "serial": "4RQQ1S9F60TZ2",
    "unit": 35
  },
  "model": "hwdoc.equipment",
  "pk": 769
},
{
  "fields": {
    "updated": "2015-11-25T13:25:48.551Z",
    "rack_front": true,
    "orientation": "Front",
    "storage": null,
    "comments": "",
    "rack": null,
    "allocation": 75,
    "added": "2015-11-25T13:25:48.551Z",
    "rack_back": true,
    "purpose": "",
    "rack_interior": true,
    "model": 243,
    "serial": "UDLFV0MSDZE8",
    "unit": null
  },
  "model": "hwdoc.equipment",
  "pk": 770
},
{
  "fields": {
    "updated": "2015-11-25T13:25:48.551Z",
    "rack_front": true,
    "orientation": "Front",
    "storage": null,
    "comments": "",
    "rack": 269,
    "allocation": null,
    "added": "2015-11-25T13:25:48.551Z",
    "rack_back": true,
    "purpose": "",
    "rack_interior": true,
    "model": 249,
    "serial": "SY7OQKHP",
    "unit": 6
  },
  "model": "hwdoc.equipment",
  "pk": 771
},
{
  "fields": {
    "updated": "2015-11-25T13:25:48.551Z",
    "rack_front": true,
    "orientation": "Front",
    "storage": null,
    "comments": "",
    "rack": 260,
    "allocation": null,
    "added": "2015-11-25T13:25:48.551Z",
    "rack_back": true,
    "purpose": "",
    "rack_interior": true,
    "model": 243,
    "serial": "UO4TATBTW",
    "unit": 42
  },
  "model": "hwdoc.equipment",
  "pk": 772
},
{
  "fields": {
    "updated": "2015-11-25T13:25:48.551Z",
    "rack_front": true,
    "orientation": "Front",
    "storage": null,
    "comments": "",
    "rack": 293,
    "allocation": 68,
    "added": "2015-11-25T13:25:48.551Z",
    "rack_back": true,
    "purpose": "",
    "rack_interior": true,
    "model": 249,
    "serial": "453CETOC",
    "unit": 15
  },
  "model": "hwdoc.equipment",
  "pk": 773
},
{
  "fields": {
    "updated": "2015-11-25T13:25:48.551Z",
    "rack_front": true,
    "orientation": "Front",
    "storage": null,
    "comments": "",
    "rack": 272,
    "allocation": 62,
    "added": "2015-11-25T13:25:48.551Z",
    "rack_back": true,
    "purpose": "",
    "rack_interior": true,
    "model": 246,
    "serial": "FT13UFPTPL5G4D",
    "unit": 29
  },
  "model": "hwdoc.equipment",
  "pk": 774
},
{
  "fields": {
    "updated": "2015-11-25T13:25:48.551Z",
    "rack_front": true,
    "orientation": "Front",
    "storage": null,
    "comments": "",
    "rack": 250,
    "allocation": null,
    "added": "2015-11-25T13:25:48.551Z",
    "rack_back": true,
    "purpose": "",
    "rack_interior": true,
    "model": 251,
    "serial": "D54V6NZ42TZB",
    "unit": 29
  },
  "model": "hwdoc.equipment",
  "pk": 775
},
{
  "fields": {
    "updated": "2015-11-25T13:25:48.551Z",
    "rack_front": true,
    "orientation": "Front",
    "storage": null,
    "comments": "",
    "rack": 310,
    "allocation": 69,
    "added": "2015-11-25T13:25:48.551Z",
    "rack_back": true,
    "purpose": "",
    "rack_interior": true,
    "model": 256,
    "serial": "J8P1TGAJ08Q",
    "unit": 16
  },
  "model": "hwdoc.equipment",
  "pk": 776
},
{
  "fields": {
    "updated": "2015-11-25T13:25:48.551Z",
    "rack_front": true,
    "orientation": "Front",
    "storage": null,
    "comments": "",
    "rack": 320,
    "allocation": 61,
    "added": "2015-11-25T13:25:48.551Z",
    "rack_back": true,
    "purpose": "",
    "rack_interior": true,
    "model": 252,
    "serial": "X66RX83SE",
    "unit": 24
  },
  "model": "hwdoc.equipment",
  "pk": 777
},
{
  "fields": {
    "updated": "2015-11-25T13:25:48.551Z",
    "rack_front": true,
    "orientation": "Front",
    "storage": null,
    "comments": "",
    "rack": 320,
    "allocation": 69,
    "added": "2015-11-25T13:25:48.551Z",
    "rack_back": true,
    "purpose": "",
    "rack_interior": true,
    "model": 249,
    "serial": "Q8QVROGSPB8",
    "unit": 7
  },
  "model": "hwdoc.equipment",
  "pk": 778
},
{
  "fields": {
    "updated": "2015-11-25T13:25:48.551Z",
    "rack_front": true,
    "orientation": "Front",
    "storage": null,
    "comments": "",
    "rack": 248,
    "allocation": null,
    "added": "2015-11-25T13:25:48.551Z",
    "rack_back": true,
    "purpose": "",
    "rack_interior": true,
    "model": 243,
    "serial": "IJ546OB6R",
    "unit": 43
  },
  "model": "hwdoc.equipment",
  "pk": 779
},
{
  "fields": {
    "updated": "2015-11-25T13:25:48.551Z",
    "rack_front": true,
    "orientation": "Front",
    "storage": null,
    "comments": "",
    "rack": 248,
    "allocation": 76,
    "added": "2015-11-25T13:25:48.551Z",
    "rack_back": true,
    "purpose": "",
    "rack_interior": true,
    "model": 246,
    "serial": "CWVNWC",
    "unit": 51
  },
  "model": "hwdoc.equipment",
  "pk": 780
},
{
  "fields": {
    "updated": "2015-11-25T13:25:48.551Z",
    "rack_front": true,
    "orientation": "Front",
    "storage": null,
    "comments": "",
    "rack": 309,
    "allocation": null,
    "added": "2015-11-25T13:25:48.551Z",
    "rack_back": true,
    "purpose": "",
    "rack_interior": true,
    "model": 241,
    "serial": "WT5YDIPDOCC39",
    "unit": 24
  },
  "model": "hwdoc.equipment",
  "pk": 781
},
{
  "fields": {
    "updated": "2015-11-25T13:25:48.551Z",
    "rack_front": true,
    "orientation": "Front",
    "storage": null,
    "comments": "",
    "rack": 281,
    "allocation": 74,
    "added": "2015-11-25T13:25:48.551Z",
    "rack_back": true,
    "purpose": "",
    "rack_interior": true,
    "model": 251,
    "serial": "LMHTLN9ZFF0I9Q",
    "unit": 30
  },
  "model": "hwdoc.equipment",
  "pk": 782
},
{
  "fields": {
    "updated": "2015-11-25T13:25:48.551Z",
    "rack_front": true,
    "orientation": "Front",
    "storage": null,
    "comments": "",
    "rack": 278,
    "allocation": null,
    "added": "2015-11-25T13:25:48.551Z",
    "rack_back": true,
    "purpose": "",
    "rack_interior": true,
    "model": 246,
    "serial": "V385FFOEL16EMUJ",
    "unit": 45
  },
  "model": "hwdoc.equipment",
  "pk": 783
},
{
  "fields": {
    "updated": "2015-11-25T13:25:48.552Z",
    "rack_front": true,
    "orientation": "Front",
    "storage": null,
    "comments": "Test comment",
    "rack": 294,
    "allocation": null,
    "added": "2015-11-25T13:25:48.551Z",
    "rack_back": true,
    "purpose": "",
    "rack_interior": true,
    "model": 246,
    "serial": "WK9BLLTNS",
    "unit": 18
  },
  "model": "hwdoc.equipment",
  "pk": 784
},
{
  "fields": {
    "updated": "2015-11-25T13:25:48.552Z",
    "rack_front": true,
    "orientation": "Front",
    "storage": null,
    "comments": "",
    "rack": 288,
    "allocation": 76,
    "added": "2015-11-25T13:25:48.552Z",
    "rack_back": true,
    "purpose": "",
    "rack_interior": true,
    "model": 250,
    "serial": "2IAM3W6M",
    "unit": 37
  },
  "model": "hwdoc.equipment",
  "pk": 785
},
{
  "fields": {
    "updated": "2015-11-25T13:25:48.552Z",
    "rack_front": true,
    "orientation": "Front",
    "storage": null,
    "comments": "",
    "rack": 316,
    "allocation": null,
    "added": "2015-11-25T13:25:48.552Z",
    "rack_back": true,
    "purpose": "",
    "rack_interior": true,
    "model": 249,
    "serial": "LR0TYTLAPRE7W0T",
    "unit": 13
  },
  "model": "hwdoc.equipment",
  "pk": 786
},
{
  "fields": {
    "updated": "2015-11-25T13:25:48.552Z",
    "rack_front": true,
    "orientation": "Front",
    "storage": null,
    "comments": "",
    "rack": 251,
    "allocation": 69,
    "added": "2015-11-25T13:25:48.552Z",
    "rack_back": true,
    "purpose": "",
    "rack_interior": true,
    "model": 256,
    "serial": "0M1Z655C3",
    "unit": 26
  },
  "model": "hwdoc.equipment",
  "pk": 787
},
{
  "fields": {
    "updated": "2015-11-25T13:25:48.552Z",
    "rack_front": true,
    "orientation": "Front",
    "storage": null,
    "comments": "",
    "rack": 278,
    "allocation": 78,
    "added": "2015-11-25T13:25:48.552Z",
    "rack_back": true,
    "purpose": "",
    "rack_interior": true,
    "model": 249,
    "serial": "INLX21QRW",
    "unit": 14
  },
  "model": "hwdoc.equipment",
  "pk": 788
},
{
  "fields": {
    "updated": "2015-11-25T13:25:48.552Z",
    "rack_front": true,
    "orientation": "Front",
    "storage": null,
    "comments": "",
    "rack": 269,
    "allocation": null,
    "added": "2015-11-25T13:25:48.552Z",
    "rack_back": true,
    "purpose": "",
    "rack_interior": true,
    "model": 255,
    "serial": "4Y335Q4TIY4MQMR",
    "unit": 6
  },
  "model": "hwdoc.equipment",
  "pk": 789
},
{
  "fields": {
    "updated": "2015-11-25T13:25:48.552Z",
    "rack_front": true,
    "orientation": "Front",
    "storage": null,
    "comments": "",
    "rack": 253,
    "allocation": null,
    "added": "2015-11-25T13:25:48.552Z",
    "rack_back": true,
    "purpose": "",
    "rack_interior": true,
    "model": 259,
    "serial": "768N6M3S",
    "unit": 22
  },
  "model": "hwdoc.equipment",
  "pk": 790
},
{
  "fields": {
    "updated": "2015-11-25T13:25:48.552Z",
    "rack_front": true,
    "orientation": "Front",
    "storage": null,
    "comments": "",
    "rack": 257,
    "allocation": null,
    "added": "2015-11-25T13:25:48.552Z",
    "rack_back": true,
    "purpose": "",
    "rack_interior": true,
    "model": 249,
    "serial": "LF3ND4AOS",
    "unit": 28
  },
  "model": "hwdoc.equipment",
  "pk": 791
},
{
  "fields": {
    "updated": "2015-11-25T13:25:48.552Z",
    "rack_front": true,
    "orientation": "Front",
    "storage": null,
    "comments": "",
    "rack": null,
    "allocation": null,
    "added": "2015-11-25T13:25:48.552Z",
    "rack_back": true,
    "purpose": "",
    "rack_interior": true,
    "model": 259,
    "serial": "0W32QEL4HTZKDF",
    "unit": null
  },
  "model": "hwdoc.equipment",
  "pk": 792
},
{
  "fields": {
    "updated": "2015-11-25T13:25:48.552Z",
    "rack_front": true,
    "orientation": "Front",
    "storage": null,
    "comments": "",
    "rack": 308,
    "allocation": null,
    "added": "2015-11-25T13:25:48.552Z",
    "rack_back": true,
    "purpose": "",
    "rack_interior": true,
    "model": 259,
    "serial": "ECSMETH6J6KR",
    "unit": 12
  },
  "model": "hwdoc.equipment",
  "pk": 793
},
{
  "fields": {
    "updated": "2015-11-25T13:25:48.552Z",
    "rack_front": true,
    "orientation": "Front",
    "storage": null,
    "comments": "",
    "rack": 256,
    "allocation": 61,
    "added": "2015-11-25T13:25:48.552Z",
    "rack_back": true,
    "purpose": "",
    "rack_interior": true,
    "model": 249,
    "serial": "Z7M2C6N4K",
    "unit": 39
  },
  "model": "hwdoc.equipment",
  "pk": 794
},
{
  "fields": {
    "updated": "2015-11-25T13:25:48.552Z",
    "rack_front": true,
    "orientation": "Front",
    "storage": null,
    "comments": "",
    "rack": 289,
    "allocation": null,
    "added": "2015-11-25T13:25:48.552Z",
    "rack_back": true,
    "purpose": "",
    "rack_interior": true,
    "model": 260,
    "serial": "BZ7NE6L4D",
    "unit": 23
  },
  "model": "hwdoc.equipment",
  "pk": 795
},
{
  "fields": {
    "updated": "2015-11-25T13:25:48.552Z",
    "rack_front": true,
    "orientation": "Front",
    "storage": null,
    "comments": "",
    "rack": 279,
    "allocation": null,
    "added": "2015-11-25T13:25:48.552Z",
    "rack_back": true,
    "purpose": "",
    "rack_interior": true,
    "model": 250,
    "serial": "VTT1U7KGN",
    "unit": 23
  },
  "model": "hwdoc.equipment",
  "pk": 796
},
{
  "fields": {
    "updated": "2015-11-25T13:25:48.552Z",
    "rack_front": true,
    "orientation": "Front",
    "storage": null,
    "comments": "",
    "rack": 296,
    "allocation": 74,
    "added": "2015-11-25T13:25:48.552Z",
    "rack_back": true,
    "purpose": "",
    "rack_interior": true,
    "model": 255,
    "serial": "DXAD2ZAMLOQQNFY",
    "unit": 3
  },
  "model": "hwdoc.equipment",
  "pk": 797
},
{
  "fields": {
    "updated": "2015-11-25T13:25:48.552Z",
    "rack_front": true,
    "orientation": "Front",
    "storage": null,
    "comments": "",
    "rack": 275,
    "allocation": 63,
    "added": "2015-11-25T13:25:48.552Z",
    "rack_back": true,
    "purpose": "",
    "rack_interior": true,
    "model": 246,
    "serial": "R6BWDP3V",
    "unit": 28
  },
  "model": "hwdoc.equipment",
  "pk": 798
},
{
  "fields": {
    "updated": "2015-11-25T13:25:48.553Z",
    "rack_front": true,
    "orientation": "Front",
    "storage": null,
    "comments": "",
    "rack": 269,
    "allocation": 70,
    "added": "2015-11-25T13:25:48.552Z",
    "rack_back": true,
    "purpose": "",
    "rack_interior": true,
    "model": 244,
    "serial": "8TXQ0FKI",
    "unit": 16
  },
  "model": "hwdoc.equipment",
  "pk": 799
},
{
  "fields": {
    "updated": "2015-11-25T13:25:48.553Z",
    "rack_front": true,
    "orientation": "Front",
    "storage": null,
    "comments": "",
    "rack": null,
    "allocation": null,
    "added": "2015-11-25T13:25:48.553Z",
    "rack_back": true,
    "purpose": "",
    "rack_interior": true,
    "model": 255,
    "serial": "C0178KVMAPKET2",
    "unit": null
  },
  "model": "hwdoc.equipment",
  "pk": 800
},
{
  "fields": {
    "username": "",
    "updated": "2015-11-25T13:25:48.577Z",
    "added": "2015-11-25T13:25:48.577Z",
    "license": "",
    "raid_license": "",
    "hostname": "k7amhkejw3ui80.example.com",
    "equipment": 792,
    "mac": "",
    "password": "",
    "method": "dummy"
  },
  "model": "hwdoc.servermanagement",
  "pk": 421
},
{
  "fields": {
    "username": "",
    "updated": "2015-11-25T13:25:48.577Z",
    "added": "2015-11-25T13:25:48.577Z",
    "license": "",
    "raid_license": "",
    "hostname": "ecs8jhgo1j.example.com",
    "equipment": 638,
    "mac": "",
    "password": "",
    "method": "dummy"
  },
  "model": "hwdoc.servermanagement",
  "pk": 422
},
{
  "fields": {
    "username": "",
    "updated": "2015-11-25T13:25:48.577Z",
    "added": "2015-11-25T13:25:48.577Z",
    "license": "",
    "raid_license": "",
    "hostname": "yn6wy0q8x1qlhy9.example.com",
    "equipment": 608,
    "mac": "",
    "password": "",
    "method": "dummy"
  },
  "model": "hwdoc.servermanagement",
  "pk": 423
},
{
  "fields": {
    "username": "",
    "updated": "2015-11-25T13:25:48.577Z",
    "added": "2015-11-25T13:25:48.577Z",
    "license": "",
    "raid_license": "",
    "hostname": "nmty2h4t397desgmvptw.example.com",
    "equipment": 733,
    "mac": "",
    "password": "",
    "method": "dummy"
  },
  "model": "hwdoc.servermanagement",
  "pk": 424
},
{
  "fields": {
    "username": "",
    "updated": "2015-11-25T13:25:48.577Z",
    "added": "2015-11-25T13:25:48.577Z",
    "license": "",
    "raid_license": "",
    "hostname": "gjo34j4g.example.com",
    "equipment": 628,
    "mac": "",
    "password": "",
    "method": "dummy"
  },
  "model": "hwdoc.servermanagement",
  "pk": 425
},
{
  "fields": {
    "username": "",
    "updated": "2015-11-25T13:25:48.577Z",
    "added": "2015-11-25T13:25:48.577Z",
    "license": "",
    "raid_license": "",
    "hostname": "8rcetn.example.com",
    "equipment": 634,
    "mac": "",
    "password": "",
    "method": "dummy"
  },
  "model": "hwdoc.servermanagement",
  "pk": 426
},
{
  "fields": {
    "username": "",
    "updated": "2015-11-25T13:25:48.577Z",
    "added": "2015-11-25T13:25:48.577Z",
    "license": "",
    "raid_license": "",
    "hostname": "aztst5d8r.example.com",
    "equipment": 722,
    "mac": "",
    "password": "",
    "method": "dummy"
  },
  "model": "hwdoc.servermanagement",
  "pk": 427
},
{
  "fields": {
    "username": "",
    "updated": "2015-11-25T13:25:48.577Z",
    "added": "2015-11-25T13:25:48.577Z",
    "license": "",
    "raid_license": "",
    "hostname": "t1k1v6e5kh4h.example.com",
    "equipment": 730,
    "mac": "",
    "password": "",
    "method": "dummy"
  },
  "model": "hwdoc.servermanagement",
  "pk": 428
},
{
  "fields": {
    "username": "",
    "updated": "2015-11-25T13:25:48.577Z",
    "added": "2015-11-25T13:25:48.577Z",
    "license": "",
    "raid_license": "",
    "hostname": "yp0zsryc63joxhn.example.com",
    "equipment": 790,
    "mac": "",
    "password": "",
    "method": "dummy"
  },
  "model": "hwdoc.servermanagement",
  "pk": 429
},
{
  "fields": {
    "username": "",
    "updated": "2015-11-25T13:25:48.578Z",
    "added": "2015-11-25T13:25:48.577Z",
    "license": "",
    "raid_license": "",
    "hostname": "g3nbzyea.example.com",
    "equipment": 667,
    "mac": "",
    "password": "",
    "method": "dummy"
  },
  "model": "hwdoc.servermanagement",
  "pk": 430
},
{
  "fields": {
    "username": "",
    "updated": "2015-11-25T13:25:48.578Z",
    "added": "2015-11-25T13:25:48.578Z",
    "license": "",
    "raid_license": "",
    "hostname": "3s2coxz.example.com",
    "equipment": 602,
    "mac": "",
    "password": "",
    "method": "dummy"
  },
  "model": "hwdoc.servermanagement",
  "pk": 431
},
{
  "fields": {
    "username": "",
    "updated": "2015-11-25T13:25:48.578Z",
    "added": "2015-11-25T13:25:48.578Z",
    "license": "",
    "raid_license": "",
    "hostname": "bs3pzics614cmqmjj.example.com",
    "equipment": 636,
    "mac": "",
    "password": "",
    "method": "dummy"
  },
  "model": "hwdoc.servermanagement",
  "pk": 432
},
{
  "fields": {
    "username": "",
    "updated": "2015-11-25T13:25:48.578Z",
    "added": "2015-11-25T13:25:48.578Z",
    "license": "",
    "raid_license": "",
    "hostname": "ec2zcv4fqu3giy2uz.example.com",
    "equipment": 610,
    "mac": "",
    "password": "",
    "method": "dummy"
  },
  "model": "hwdoc.servermanagement",
  "pk": 433
},
{
  "fields": {
    "username": "",
    "updated": "2015-11-25T13:25:48.578Z",
    "added": "2015-11-25T13:25:48.578Z",
    "license": "",
    "raid_license": "",
    "hostname": "k3uynw6rm7.example.com",
    "equipment": 724,
    "mac": "",
    "password": "",
    "method": "dummy"
  },
  "model": "hwdoc.servermanagement",
  "pk": 434
},
{
  "fields": {
    "username": "",
    "updated": "2015-11-25T13:25:48.578Z",
    "added": "2015-11-25T13:25:48.578Z",
    "license": "",
    "raid_license": "",
    "hostname": "x84hc2f5f6fzppg.example.com",
    "equipment": 663,
    "mac": "",
    "password": "",
    "method": "dummy"
  },
  "model": "hwdoc.servermanagement",
  "pk": 435
},
{
  "fields": {
    "username": "",
    "updated": "2015-11-25T13:25:48.578Z",
    "added": "2015-11-25T13:25:48.578Z",
    "license": "",
    "raid_license": "",
    "hostname": "cn747i08yaufm5c.example.com",
    "equipment": 708,
    "mac": "",
    "password": "",
    "method": "dummy"
  },
  "model": "hwdoc.servermanagement",
  "pk": 436
},
{
  "fields": {
    "username": "",
    "updated": "2015-11-25T13:25:48.578Z",
    "added": "2015-11-25T13:25:48.578Z",
    "license": "",
    "raid_license": "",
    "hostname": "c9wkk58ipmtkgmqn.example.com",
    "equipment": 732,
    "mac": "",
    "password": "",
    "method": "dummy"
  },
  "model": "hwdoc.servermanagement",
  "pk": 437
},
{
  "fields": {
    "username": "",
    "updated": "2015-11-25T13:25:48.578Z",
    "added": "2015-11-25T13:25:48.578Z",
    "license": "",
    "raid_license": "",
    "hostname": "fjmykjobmzt9zeb2.example.com",
    "equipment": 678,
    "mac": "",
    "password": "",
    "method": "dummy"
  },
  "model": "hwdoc.servermanagement",
  "pk": 438
},
{
  "fields": {
    "username": "",
    "updated": "2015-11-25T13:25:48.578Z",
    "added": "2015-11-25T13:25:48.578Z",
    "license": "",
    "raid_license": "",
    "hostname": "synvudd9g9l.example.com",
    "equipment": 612,
    "mac": "",
    "password": "",
    "method": "dummy"
  },
  "model": "hwdoc.servermanagement",
  "pk": 439
},
{
  "fields": {
    "username": "",
    "updated": "2015-11-25T13:25:48.578Z",
    "added": "2015-11-25T13:25:48.578Z",
    "license": "",
    "raid_license": "",
    "hostname": "zouoide.example.com",
    "equipment": 784,
    "mac": "",
    "password": "",
    "method": "dummy"
  },
  "model": "hwdoc.servermanagement",
  "pk": 440
},
{
  "fields": {
    "username": "",
    "updated": "2015-11-25T13:25:48.578Z",
    "added": "2015-11-25T13:25:48.578Z",
    "license": "",
    "raid_license": "",
    "hostname": "433oi6aa65ji.example.com",
    "equipment": 772,
    "mac": "",
    "password": "",
    "method": "dummy"
  },
  "model": "hwdoc.servermanagement",
  "pk": 441
},
{
  "fields": {
    "username": "",
    "updated": "2015-11-25T13:25:48.578Z",
    "added": "2015-11-25T13:25:48.578Z",
    "license": "",
    "raid_license": "",
    "hostname": "oy2kjc9aotccx4mm.example.com",
    "equipment": 743,
    "mac": "",
    "password": "",
    "method": "dummy"
  },
  "model": "hwdoc.servermanagement",
  "pk": 442
},
{
  "fields": {
    "username": "",
    "updated": "2015-11-25T13:25:48.578Z",
    "added": "2015-11-25T13:25:48.578Z",
    "license": "",
    "raid_license": "",
    "hostname": "0pn226hx4nga2.example.com",
    "equipment": 740,
    "mac": "",
    "password": "",
    "method": "dummy"
  },
  "model": "hwdoc.servermanagement",
  "pk": 443
},
{
  "fields": {
    "username": "",
    "updated": "2015-11-25T13:25:48.578Z",
    "added": "2015-11-25T13:25:48.578Z",
    "license": "",
    "raid_license": "",
    "hostname": "p50h765p8.example.com",
    "equipment": 765,
    "mac": "",
    "password": "",
    "method": "dummy"
  },
  "model": "hwdoc.servermanagement",
  "pk": 444
},
{
  "fields": {
    "username": "",
    "updated": "2015-11-25T13:25:48.578Z",
    "added": "2015-11-25T13:25:48.578Z",
    "license": "",
    "raid_license": "",
    "hostname": "2ae7cv.example.com",
    "equipment": 614,
    "mac": "",
    "password": "",
    "method": "dummy"
  },
  "model": "hwdoc.servermanagement",
  "pk": 445
},
{
  "fields": {
    "username": "",
    "updated": "2015-11-25T13:25:48.578Z",
    "added": "2015-11-25T13:25:48.578Z",
    "license": "",
    "raid_license": "",
    "hostname": "vxq995z5pi6y3agv4ot.example.com",
    "equipment": 753,
    "mac": "",
    "password": "",
    "method": "dummy"
  },
  "model": "hwdoc.servermanagement",
  "pk": 446
},
{
  "fields": {
    "username": "",
    "updated": "2015-11-25T13:25:48.578Z",
    "added": "2015-11-25T13:25:48.578Z",
    "license": "",
    "raid_license": "",
    "hostname": "5g2p0zexw.example.com",
    "equipment": 674,
    "mac": "",
    "password": "",
    "method": "dummy"
  },
  "model": "hwdoc.servermanagement",
  "pk": 447
},
{
  "fields": {
    "username": "",
    "updated": "2015-11-25T13:25:48.579Z",
    "added": "2015-11-25T13:25:48.579Z",
    "license": "",
    "raid_license": "",
    "hostname": "mg1ij41.example.com",
    "equipment": 761,
    "mac": "",
    "password": "",
    "method": "dummy"
  },
  "model": "hwdoc.servermanagement",
  "pk": 448
},
{
  "fields": {
    "username": "",
    "updated": "2015-11-25T13:25:48.579Z",
    "added": "2015-11-25T13:25:48.579Z",
    "license": "",
    "raid_license": "",
    "hostname": "kr4wax.example.com",
    "equipment": 781,
    "mac": "",
    "password": "",
    "method": "dummy"
  },
  "model": "hwdoc.servermanagement",
  "pk": 449
},
{
  "fields": {
    "username": "",
    "updated": "2015-11-25T13:25:48.579Z",
    "added": "2015-11-25T13:25:48.579Z",
    "license": "",
    "raid_license": "",
    "hostname": "wc69c1y7w660l.example.com",
    "equipment": 776,
    "mac": "",
    "password": "",
    "method": "dummy"
  },
  "model": "hwdoc.servermanagement",
  "pk": 450
},
{
  "fields": {
    "username": "",
    "updated": "2015-11-25T13:25:48.579Z",
    "added": "2015-11-25T13:25:48.579Z",
    "license": "",
    "raid_license": "",
    "hostname": "b37493jtzep.example.com",
    "equipment": 749,
    "mac": "",
    "password": "",
    "method": "dummy"
  },
  "model": "hwdoc.servermanagement",
  "pk": 451
},
{
  "fields": {
    "username": "",
    "updated": "2015-11-25T13:25:48.579Z",
    "added": "2015-11-25T13:25:48.579Z",
    "license": "",
    "raid_license": "",
    "hostname": "2or4rbs.example.com",
    "equipment": 666,
    "mac": "",
    "password": "",
    "method": "dummy"
  },
  "model": "hwdoc.servermanagement",
  "pk": 452
},
{
  "fields": {
    "username": "",
    "updated": "2015-11-25T13:25:48.579Z",
    "added": "2015-11-25T13:25:48.579Z",
    "license": "",
    "raid_license": "",
    "hostname": "klk33dh78vjk.example.com",
    "equipment": 718,
    "mac": "",
    "password": "",
    "method": "dummy"
  },
  "model": "hwdoc.servermanagement",
  "pk": 453
},
{
  "fields": {
    "username": "",
    "updated": "2015-11-25T13:25:48.579Z",
    "added": "2015-11-25T13:25:48.579Z",
    "license": "",
    "raid_license": "",
    "hostname": "x4f92zgg8vgz5afah.example.com",
    "equipment": 760,
    "mac": "",
    "password": "",
    "method": "dummy"
  },
  "model": "hwdoc.servermanagement",
  "pk": 454
},
{
  "fields": {
    "username": "",
    "updated": "2015-11-25T13:25:48.579Z",
    "added": "2015-11-25T13:25:48.579Z",
    "license": "",
    "raid_license": "",
    "hostname": "sf667b19s.example.com",
    "equipment": 698,
    "mac": "",
    "password": "",
    "method": "dummy"
  },
  "model": "hwdoc.servermanagement",
  "pk": 455
},
{
  "fields": {
    "username": "",
    "updated": "2015-11-25T13:25:48.579Z",
    "added": "2015-11-25T13:25:48.579Z",
    "license": "",
    "raid_license": "",
    "hostname": "llftppeaipgbf8fs7hp7.example.com",
    "equipment": 739,
    "mac": "",
    "password": "",
    "method": "dummy"
  },
  "model": "hwdoc.servermanagement",
  "pk": 456
},
{
  "fields": {
    "username": "",
    "updated": "2015-11-25T13:25:48.579Z",
    "added": "2015-11-25T13:25:48.579Z",
    "license": "",
    "raid_license": "",
    "hostname": "vfeus1vx0.example.com",
    "equipment": 603,
    "mac": "",
    "password": "",
    "method": "dummy"
  },
  "model": "hwdoc.servermanagement",
  "pk": 457
},
{
  "fields": {
    "username": "",
    "updated": "2015-11-25T13:25:48.579Z",
    "added": "2015-11-25T13:25:48.579Z",
    "license": "",
    "raid_license": "",
    "hostname": "ceslfl.example.com",
    "equipment": 665,
    "mac": "",
    "password": "",
    "method": "dummy"
  },
  "model": "hwdoc.servermanagement",
  "pk": 458
},
{
  "fields": {
    "username": "",
    "updated": "2015-11-25T13:25:48.579Z",
    "added": "2015-11-25T13:25:48.579Z",
    "license": "",
    "raid_license": "",
    "hostname": "ualrvx5rm5v26zwn82.example.com",
    "equipment": 692,
    "mac": "",
    "password": "",
    "method": "dummy"
  },
  "model": "hwdoc.servermanagement",
  "pk": 459
},
{
  "fields": {
    "username": "",
    "updated": "2015-11-25T13:25:48.579Z",
    "added": "2015-11-25T13:25:48.579Z",
    "license": "",
    "raid_license": "",
    "hostname": "g9pv1k2hlk8c6.example.com",
    "equipment": 656,
    "mac": "",
    "password": "",
    "method": "dummy"
  },
  "model": "hwdoc.servermanagement",
  "pk": 460
},
{
  "fields": {
    "username": "",
    "updated": "2015-11-25T13:25:48.579Z",
    "added": "2015-11-25T13:25:48.579Z",
    "license": "",
    "raid_license": "",
    "hostname": "2qdzeyqcoh5o226wm.example.com",
    "equipment": 764,
    "mac": "",
    "password": "",
    "method": "dummy"
  },
  "model": "hwdoc.servermanagement",
  "pk": 461
},
{
  "fields": {
    "username": "",
    "updated": "2015-11-25T13:25:48.579Z",
    "added": "2015-11-25T13:25:48.579Z",
    "license": "",
    "raid_license": "",
    "hostname": "j6qkfv6oa7.example.com",
    "equipment": 777,
    "mac": "",
    "password": "",
    "method": "dummy"
  },
  "model": "hwdoc.servermanagement",
  "pk": 462
},
{
  "fields": {
    "username": "",
    "updated": "2015-11-25T13:25:48.579Z",
    "added": "2015-11-25T13:25:48.579Z",
    "license": "",
    "raid_license": "",
    "hostname": "wmonx05.example.com",
    "equipment": 611,
    "mac": "",
    "password": "",
    "method": "dummy"
  },
  "model": "hwdoc.servermanagement",
  "pk": 463
},
{
  "fields": {
    "username": "",
    "updated": "2015-11-25T13:25:48.579Z",
    "added": "2015-11-25T13:25:48.579Z",
    "license": "",
    "raid_license": "",
    "hostname": "kdgqd2tvwzce5.example.com",
    "equipment": 794,
    "mac": "",
    "password": "",
    "method": "dummy"
  },
  "model": "hwdoc.servermanagement",
  "pk": 464
},
{
  "fields": {
    "username": "",
    "updated": "2015-11-25T13:25:48.579Z",
    "added": "2015-11-25T13:25:48.579Z",
    "license": "",
    "raid_license": "",
    "hostname": "yebhmyp8jpxzozg5.example.com",
    "equipment": 622,
    "mac": "",
    "password": "",
    "method": "dummy"
  },
  "model": "hwdoc.servermanagement",
  "pk": 465
},
{
  "fields": {
    "username": "",
    "updated": "2015-11-25T13:25:48.579Z",
    "added": "2015-11-25T13:25:48.579Z",
    "license": "",
    "raid_license": "",
    "hostname": "uubnp0s.example.com",
    "equipment": 626,
    "mac": "",
    "password": "",
    "method": "dummy"
  },
  "model": "hwdoc.servermanagement",
  "pk": 466
},
{
  "fields": {
    "username": "",
    "updated": "2015-11-25T13:25:48.580Z",
    "added": "2015-11-25T13:25:48.580Z",
    "license": "",
    "raid_license": "",
    "hostname": "xq4uvfh3c3q0.example.com",
    "equipment": 630,
    "mac": "",
    "password": "",
    "method": "dummy"
  },
  "model": "hwdoc.servermanagement",
  "pk": 467
},
{
  "fields": {
    "username": "",
    "updated": "2015-11-25T13:25:48.580Z",
    "added": "2015-11-25T13:25:48.580Z",
    "license": "",
    "raid_license": "",
    "hostname": "88hk45v6saw.example.com",
    "equipment": 661,
    "mac": "",
    "password": "",
    "method": "dummy"
  },
  "model": "hwdoc.servermanagement",
  "pk": 468
},
{
  "fields": {
    "username": "",
    "updated": "2015-11-25T13:25:48.580Z",
    "added": "2015-11-25T13:25:48.580Z",
    "license": "",
    "raid_license": "",
    "hostname": "ait00srpe1o048.example.com",
    "equipment": 741,
    "mac": "",
    "password": "",
    "method": "dummy"
  },
  "model": "hwdoc.servermanagement",
  "pk": 469
},
{
  "fields": {
    "username": "",
    "updated": "2015-11-25T13:25:48.580Z",
    "added": "2015-11-25T13:25:48.580Z",
    "license": "",
    "raid_license": "",
    "hostname": "w7n3ptw231.example.com",
    "equipment": 683,
    "mac": "",
    "password": "",
    "method": "dummy"
  },
  "model": "hwdoc.servermanagement",
  "pk": 470
},
{
  "fields": {
    "username": "",
    "updated": "2015-11-25T13:25:48.580Z",
    "added": "2015-11-25T13:25:48.580Z",
    "license": "",
    "raid_license": "",
    "hostname": "l9z8lwy.example.com",
    "equipment": 629,
    "mac": "",
    "password": "",
    "method": "dummy"
  },
  "model": "hwdoc.servermanagement",
  "pk": 471
},
{
  "fields": {
    "username": "",
    "updated": "2015-11-25T13:25:48.580Z",
    "added": "2015-11-25T13:25:48.580Z",
    "license": "",
    "raid_license": "",
    "hostname": "1h3flxlz0vu44imi4.example.com",
    "equipment": 728,
    "mac": "",
    "password": "",
    "method": "dummy"
  },
  "model": "hwdoc.servermanagement",
  "pk": 472
},
{
  "fields": {
    "username": "",
    "updated": "2015-11-25T13:25:48.580Z",
    "added": "2015-11-25T13:25:48.580Z",
    "license": "",
    "raid_license": "",
    "hostname": "54zbp2ili8lt7214ke.example.com",
    "equipment": 755,
    "mac": "",
    "password": "",
    "method": "dummy"
  },
  "model": "hwdoc.servermanagement",
  "pk": 473
},
{
  "fields": {
    "username": "",
    "updated": "2015-11-25T13:25:48.580Z",
    "added": "2015-11-25T13:25:48.580Z",
    "license": "",
    "raid_license": "",
    "hostname": "m8x25d274heynqxw.example.com",
    "equipment": 793,
    "mac": "",
    "password": "",
    "method": "dummy"
  },
  "model": "hwdoc.servermanagement",
  "pk": 474
},
{
  "fields": {
    "username": "",
    "updated": "2015-11-25T13:25:48.580Z",
    "added": "2015-11-25T13:25:48.580Z",
    "license": "",
    "raid_license": "",
    "hostname": "v59aycqbmzq5vf5f9du7.example.com",
    "equipment": 750,
    "mac": "",
    "password": "",
    "method": "dummy"
  },
  "model": "hwdoc.servermanagement",
  "pk": 475
},
{
  "fields": {
    "username": "",
    "updated": "2015-11-25T13:25:48.580Z",
    "added": "2015-11-25T13:25:48.580Z",
    "license": "",
    "raid_license": "",
    "hostname": "k6durz097ds0s6.example.com",
    "equipment": 788,
    "mac": "",
    "password": "",
    "method": "dummy"
  },
  "model": "hwdoc.servermanagement",
  "pk": 476
},
{
  "fields": {
    "username": "",
    "updated": "2015-11-25T13:25:48.580Z",
    "added": "2015-11-25T13:25:48.580Z",
    "license": "",
    "raid_license": "",
    "hostname": "nvek17i40u77dvrmzh2.example.com",
    "equipment": 800,
    "mac": "",
    "password": "",
    "method": "dummy"
  },
  "model": "hwdoc.servermanagement",
  "pk": 477
},
{
  "fields": {
    "username": "",
    "updated": "2015-11-25T13:25:48.580Z",
    "added": "2015-11-25T13:25:48.580Z",
    "license": "",
    "raid_license": "",
    "hostname": "m33mxqzivr.example.com",
    "equipment": 712,
    "mac": "",
    "password": "",
    "method": "dummy"
  },
  "model": "hwdoc.servermanagement",
  "pk": 478
},
{
  "fields": {
    "username": "",
    "updated": "2015-11-25T13:25:48.580Z",
    "added": "2015-11-25T13:25:48.580Z",
    "license": "",
    "raid_license": "",
    "hostname": "9wrujnu3p7ttzshi1.example.com",
    "equipment": 779,
    "mac": "",
    "password": "",
    "method": "dummy"
  },
  "model": "hwdoc.servermanagement",
  "pk": 479
},
{
  "fields": {
    "username": "",
    "updated": "2015-11-25T13:25:48.580Z",
    "added": "2015-11-25T13:25:48.580Z",
    "license": "",
    "raid_license": "",
    "hostname": "n5b61i0an.example.com",
    "equipment": 601,
    "mac": "",
    "password": "",
    "method": "dummy"
  },
  "model": "hwdoc.servermanagement",
  "pk": 480
},
{
  "fields": {
    "username": "",
    "updated": "2015-11-25T13:25:48.580Z",
    "added": "2015-11-25T13:25:48.580Z",
    "license": "",
    "raid_license": "",
    "hostname": "1mghlwzjy3lqr5nar.example.com",
    "equipment": 745,
    "mac": "",
    "password": "",
    "method": "dummy"
  },
  "model": "hwdoc.servermanagement",
  "pk": 481
},
{
  "fields": {
    "username": "",
    "updated": "2015-11-25T13:25:48.580Z",
    "added": "2015-11-25T13:25:48.580Z",
    "license": "",
    "raid_license": "",
    "hostname": "4p5acv7hpthaq1l6.example.com",
    "equipment": 705,
    "mac": "",
    "password": "",
    "method": "dummy"
  },
  "model": "hwdoc.servermanagement",
  "pk": 482
},
{
  "fields": {
    "username": "",
    "updated": "2015-11-25T13:25:48.580Z",
    "added": "2015-11-25T13:25:48.580Z",
    "license": "",
    "raid_license": "",
    "hostname": "udjoewmus6.example.com",
    "equipment": 702,
    "mac": "",
    "password": "",
    "method": "dummy"
  },
  "model": "hwdoc.servermanagement",
  "pk": 483
},
{
  "fields": {
    "username": "",
    "updated": "2015-11-25T13:25:48.580Z",
    "added": "2015-11-25T13:25:48.580Z",
    "license": "",
    "raid_license": "",
    "hostname": "qpotm4avjm.example.com",
    "equipment": 736,
    "mac": "",
    "password": "",
    "method": "dummy"
  },
  "model": "hwdoc.servermanagement",
  "pk": 484
},
{
  "fields": {
    "username": "",
    "updated": "2015-11-25T13:25:48.580Z",
    "added": "2015-11-25T13:25:48.580Z",
    "license": "",
    "raid_license": "",
    "hostname": "se8kq9cfmbt0q0wa8.example.com",
    "equipment": 659,
    "mac": "",
    "password": "",
    "method": "dummy"
  },
  "model": "hwdoc.servermanagement",
  "pk": 485
},
{
  "fields": {
    "username": "",
    "updated": "2015-11-25T13:25:48.581Z",
    "added": "2015-11-25T13:25:48.581Z",
    "license": "",
    "raid_license": "",
    "hostname": "844565uk.example.com",
    "equipment": 691,
    "mac": "",
    "password": "",
    "method": "dummy"
  },
  "model": "hwdoc.servermanagement",
  "pk": 486
},
{
  "fields": {
    "username": "",
    "updated": "2015-11-25T13:25:48.581Z",
    "added": "2015-11-25T13:25:48.581Z",
    "license": "",
    "raid_license": "",
    "hostname": "a55wi9v4xlwab108.example.com",
    "equipment": 715,
    "mac": "",
    "password": "",
    "method": "dummy"
  },
  "model": "hwdoc.servermanagement",
  "pk": 487
},
{
  "fields": {
    "username": "",
    "updated": "2015-11-25T13:25:48.581Z",
    "added": "2015-11-25T13:25:48.581Z",
    "license": "",
    "raid_license": "",
    "hostname": "3leczz5tq6apm.example.com",
    "equipment": 697,
    "mac": "",
    "password": "",
    "method": "dummy"
  },
  "model": "hwdoc.servermanagement",
  "pk": 488
},
{
  "fields": {
    "username": "",
    "updated": "2015-11-25T13:25:48.581Z",
    "added": "2015-11-25T13:25:48.581Z",
    "license": "",
    "raid_license": "",
    "hostname": "m8bvco03qfod.example.com",
    "equipment": 773,
    "mac": "",
    "password": "",
    "method": "dummy"
  },
  "model": "hwdoc.servermanagement",
  "pk": 489
},
{
  "fields": {
    "username": "",
    "updated": "2015-11-25T13:25:48.581Z",
    "added": "2015-11-25T13:25:48.581Z",
    "license": "",
    "raid_license": "",
    "hostname": "sauzow.example.com",
    "equipment": 783,
    "mac": "",
    "password": "",
    "method": "dummy"
  },
  "model": "hwdoc.servermanagement",
  "pk": 490
},
{
  "fields": {
    "username": "",
    "updated": "2015-11-25T13:25:48.581Z",
    "added": "2015-11-25T13:25:48.581Z",
    "license": "",
    "raid_license": "",
    "hostname": "h3auyvjtjiqy9fez8sdw.example.com",
    "equipment": 780,
    "mac": "",
    "password": "",
    "method": "dummy"
  },
  "model": "hwdoc.servermanagement",
  "pk": 491
},
{
  "fields": {
    "username": "",
    "updated": "2015-11-25T13:25:48.581Z",
    "added": "2015-11-25T13:25:48.581Z",
    "license": "",
    "raid_license": "",
    "hostname": "zvs6leqixl79cwe.example.com",
    "equipment": 796,
    "mac": "",
    "password": "",
    "method": "dummy"
  },
  "model": "hwdoc.servermanagement",
  "pk": 492
},
{
  "fields": {
    "username": "",
    "updated": "2015-11-25T13:25:48.581Z",
    "added": "2015-11-25T13:25:48.581Z",
    "license": "",
    "raid_license": "",
    "hostname": "c8q0vugkk55h0lhrj7.example.com",
    "equipment": 770,
    "mac": "",
    "password": "",
    "method": "dummy"
  },
  "model": "hwdoc.servermanagement",
  "pk": 493
},
{
  "fields": {
    "username": "",
    "updated": "2015-11-25T13:25:48.581Z",
    "added": "2015-11-25T13:25:48.581Z",
    "license": "",
    "raid_license": "",
    "hostname": "hnu7jt6.example.com",
    "equipment": 651,
    "mac": "",
    "password": "",
    "method": "dummy"
  },
  "model": "hwdoc.servermanagement",
  "pk": 494
},
{
  "fields": {
    "username": "",
    "updated": "2015-11-25T13:25:48.581Z",
    "added": "2015-11-25T13:25:48.581Z",
    "license": "",
    "raid_license": "",
    "hostname": "2lnhpbw0v06g9e26gaxt.example.com",
    "equipment": 707,
    "mac": "",
    "password": "",
    "method": "dummy"
  },
  "model": "hwdoc.servermanagement",
  "pk": 495
},
{
  "fields": {
    "username": "",
    "updated": "2015-11-25T13:25:48.581Z",
    "added": "2015-11-25T13:25:48.581Z",
    "license": "",
    "raid_license": "",
    "hostname": "smqm9bk9mz9g.example.com",
    "equipment": 774,
    "mac": "",
    "password": "",
    "method": "dummy"
  },
  "model": "hwdoc.servermanagement",
  "pk": 496
},
{
  "fields": {
    "username": "",
    "updated": "2015-11-25T13:25:48.581Z",
    "added": "2015-11-25T13:25:48.581Z",
    "license": "",
    "raid_license": "",
    "hostname": "zqre2z30piqn47z9m3y2.example.com",
    "equipment": 672,
    "mac": "",
    "password": "",
    "method": "dummy"
  },
  "model": "hwdoc.servermanagement",
  "pk": 497
},
{
  "fields": {
    "username": "",
    "updated": "2015-11-25T13:25:48.581Z",
    "added": "2015-11-25T13:25:48.581Z",
    "license": "",
    "raid_license": "",
    "hostname": "ouq53ouk0gue.example.com",
    "equipment": 633,
    "mac": "",
    "password": "",
    "method": "dummy"
  },
  "model": "hwdoc.servermanagement",
  "pk": 498
},
{
  "fields": {
    "username": "",
    "updated": "2015-11-25T13:25:48.581Z",
    "added": "2015-11-25T13:25:48.581Z",
    "license": "",
    "raid_license": "",
    "hostname": "wqt58agyjrn.example.com",
    "equipment": 798,
    "mac": "",
    "password": "",
    "method": "dummy"
  },
  "model": "hwdoc.servermanagement",
  "pk": 499
},
{
  "fields": {
    "username": "",
    "updated": "2015-11-25T13:25:48.581Z",
    "added": "2015-11-25T13:25:48.581Z",
    "license": "",
    "raid_license": "",
    "hostname": "bq0fq67ewv399gg7fod.example.com",
    "equipment": 789,
    "mac": "",
    "password": "",
    "method": "dummy"
  },
  "model": "hwdoc.servermanagement",
  "pk": 500
},
{
  "fields": {
    "username": "",
    "updated": "2015-11-25T13:25:48.581Z",
    "added": "2015-11-25T13:25:48.581Z",
    "license": "",
    "raid_license": "",
    "hostname": "pi5kda9ihcqd2xm5gqtf.example.com",
    "equipment": 746,
    "mac": "",
    "password": "",
    "method": "dummy"
  },
  "model": "hwdoc.servermanagement",
  "pk": 501
},
{
  "fields": {
    "username": "",
    "updated": "2015-11-25T13:25:48.581Z",
    "added": "2015-11-25T13:25:48.581Z",
    "license": "",
    "raid_license": "",
    "hostname": "d027wk4bpc5gbtzpi.example.com",
    "equipment": 767,
    "mac": "",
    "password": "",
    "method": "dummy"
  },
  "model": "hwdoc.servermanagement",
  "pk": 502
},
{
  "fields": {
    "username": "",
    "updated": "2015-11-25T13:25:48.581Z",
    "added": "2015-11-25T13:25:48.581Z",
    "license": "",
    "raid_license": "",
    "hostname": "lophcxc6uxis174b6.example.com",
    "equipment": 653,
    "mac": "",
    "password": "",
    "method": "dummy"
  },
  "model": "hwdoc.servermanagement",
  "pk": 503
},
{
  "fields": {
    "username": "",
    "updated": "2015-11-25T13:25:48.582Z",
    "added": "2015-11-25T13:25:48.582Z",
    "license": "",
    "raid_license": "",
    "hostname": "o5mqz76.example.com",
    "equipment": 637,
    "mac": "",
    "password": "",
    "method": "dummy"
  },
  "model": "hwdoc.servermanagement",
  "pk": 504
},
{
  "fields": {
    "username": "",
    "updated": "2015-11-25T13:25:48.582Z",
    "added": "2015-11-25T13:25:48.582Z",
    "license": "",
    "raid_license": "",
    "hostname": "et5lr6phem.example.com",
    "equipment": 771,
    "mac": "",
    "password": "",
    "method": "dummy"
  },
  "model": "hwdoc.servermanagement",
  "pk": 505
},
{
  "fields": {
    "username": "",
    "updated": "2015-11-25T13:25:48.582Z",
    "added": "2015-11-25T13:25:48.582Z",
    "license": "",
    "raid_license": "",
    "hostname": "lf2ftguxy1p4.example.com",
    "equipment": 699,
    "mac": "",
    "password": "",
    "method": "dummy"
  },
  "model": "hwdoc.servermanagement",
  "pk": 506
},
{
  "fields": {
    "username": "",
    "updated": "2015-11-25T13:25:48.582Z",
    "added": "2015-11-25T13:25:48.582Z",
    "license": "",
    "raid_license": "",
    "hostname": "1ek3d14w7slvizvy.example.com",
    "equipment": 671,
    "mac": "",
    "password": "",
    "method": "dummy"
  },
  "model": "hwdoc.servermanagement",
  "pk": 507
},
{
  "fields": {
    "username": "",
    "updated": "2015-11-25T13:25:48.582Z",
    "added": "2015-11-25T13:25:48.582Z",
    "license": "",
    "raid_license": "",
    "hostname": "azfaghs0as.example.com",
    "equipment": 706,
    "mac": "",
    "password": "",
    "method": "dummy"
  },
  "model": "hwdoc.servermanagement",
  "pk": 508
},
{
  "fields": {
    "username": "",
    "updated": "2015-11-25T13:25:48.582Z",
    "added": "2015-11-25T13:25:48.582Z",
    "license": "",
    "raid_license": "",
    "hostname": "neva156soi6s16js3.example.com",
    "equipment": 758,
    "mac": "",
    "password": "",
    "method": "dummy"
  },
  "model": "hwdoc.servermanagement",
  "pk": 509
},
{
  "fields": {
    "username": "",
    "updated": "2015-11-25T13:25:48.582Z",
    "added": "2015-11-25T13:25:48.582Z",
    "license": "",
    "raid_license": "",
    "hostname": "w11cm57c.example.com",
    "equipment": 640,
    "mac": "",
    "password": "",
    "method": "dummy"
  },
  "model": "hwdoc.servermanagement",
  "pk": 510
},
{
  "fields": {
    "username": "",
    "updated": "2015-11-25T13:25:48.582Z",
    "added": "2015-11-25T13:25:48.582Z",
    "license": "",
    "raid_license": "",
    "hostname": "neugovihoz4ocsd32pd1.example.com",
    "equipment": 752,
    "mac": "",
    "password": "",
    "method": "dummy"
  },
  "model": "hwdoc.servermanagement",
  "pk": 511
},
{
  "fields": {
    "username": "",
    "updated": "2015-11-25T13:25:48.582Z",
    "added": "2015-11-25T13:25:48.582Z",
    "license": "",
    "raid_license": "",
    "hostname": "wuhdkr2l4z9ckk90e.example.com",
    "equipment": 607,
    "mac": "",
    "password": "",
    "method": "dummy"
  },
  "model": "hwdoc.servermanagement",
  "pk": 512
},
{
  "fields": {
    "username": "",
    "updated": "2015-11-25T13:25:48.582Z",
    "added": "2015-11-25T13:25:48.582Z",
    "license": "",
    "raid_license": "",
    "hostname": "yjwmgu84zbz8xfc58q9.example.com",
    "equipment": 775,
    "mac": "",
    "password": "",
    "method": "dummy"
  },
  "model": "hwdoc.servermanagement",
  "pk": 513
},
{
  "fields": {
    "username": "",
    "updated": "2015-11-25T13:25:48.582Z",
    "added": "2015-11-25T13:25:48.582Z",
    "license": "",
    "raid_license": "",
    "hostname": "2xlhg4jvz.example.com",
    "equipment": 620,
    "mac": "",
    "password": "",
    "method": "dummy"
  },
  "model": "hwdoc.servermanagement",
  "pk": 514
},
{
  "fields": {
    "username": "",
    "updated": "2015-11-25T13:25:48.582Z",
    "added": "2015-11-25T13:25:48.582Z",
    "license": "",
    "raid_license": "",
    "hostname": "t0yvb3s1rpnc.example.com",
    "equipment": 711,
    "mac": "",
    "password": "",
    "method": "dummy"
  },
  "model": "hwdoc.servermanagement",
  "pk": 515
},
{
  "fields": {
    "username": "",
    "updated": "2015-11-25T13:25:48.582Z",
    "added": "2015-11-25T13:25:48.582Z",
    "license": "",
    "raid_license": "",
    "hostname": "n1hghd71l95.example.com",
    "equipment": 694,
    "mac": "",
    "password": "",
    "method": "dummy"
  },
  "model": "hwdoc.servermanagement",
  "pk": 516
},
{
  "fields": {
    "username": "",
    "updated": "2015-11-25T13:25:48.582Z",
    "added": "2015-11-25T13:25:48.582Z",
    "license": "",
    "raid_license": "",
    "hostname": "oy99d90roys2s84y21.example.com",
    "equipment": 615,
    "mac": "",
    "password": "",
    "method": "dummy"
  },
  "model": "hwdoc.servermanagement",
  "pk": 517
},
{
  "fields": {
    "username": "",
    "updated": "2015-11-25T13:25:48.582Z",
    "added": "2015-11-25T13:25:48.582Z",
    "license": "",
    "raid_license": "",
    "hostname": "3rkm5rxatw.example.com",
    "equipment": 782,
    "mac": "",
    "password": "",
    "method": "dummy"
  },
  "model": "hwdoc.servermanagement",
  "pk": 518
},
{
  "fields": {
    "username": "",
    "updated": "2015-11-25T13:25:48.582Z",
    "added": "2015-11-25T13:25:48.582Z",
    "license": "",
    "raid_license": "",
    "hostname": "rnb9r30sw644tkgw.example.com",
    "equipment": 701,
    "mac": "",
    "password": "",
    "method": "dummy"
  },
  "model": "hwdoc.servermanagement",
  "pk": 519
},
{
  "fields": {
    "username": "",
    "updated": "2015-11-25T13:25:48.587Z",
    "added": "2015-11-25T13:25:48.587Z",
    "license": "",
    "raid_license": "",
    "hostname": "bklh5p.example.com",
    "equipment": 669,
    "mac": "",
    "password": "",
    "method": "dummy"
  },
  "model": "hwdoc.servermanagement",
  "pk": 520
},
{
  "fields": {
    "username": "",
    "updated": "2015-11-25T13:25:48.587Z",
    "added": "2015-11-25T13:25:48.587Z",
    "license": "",
    "raid_license": "",
    "hostname": "toi3f2cjsvj.example.com",
    "equipment": 735,
    "mac": "",
    "password": "",
    "method": "dummy"
  },
  "model": "hwdoc.servermanagement",
  "pk": 521
},
{
  "fields": {
    "username": "",
    "updated": "2015-11-25T13:25:48.587Z",
    "added": "2015-11-25T13:25:48.587Z",
    "license": "",
    "raid_license": "",
    "hostname": "ro0ywwiy.example.com",
    "equipment": 690,
    "mac": "",
    "password": "",
    "method": "dummy"
  },
  "model": "hwdoc.servermanagement",
  "pk": 522
},
{
  "fields": {
    "username": "",
    "updated": "2015-11-25T13:25:48.587Z",
    "added": "2015-11-25T13:25:48.587Z",
    "license": "",
    "raid_license": "",
    "hostname": "k900afb3ex6.example.com",
    "equipment": 664,
    "mac": "",
    "password": "",
    "method": "dummy"
  },
  "model": "hwdoc.servermanagement",
  "pk": 523
},
{
  "fields": {
    "username": "",
    "updated": "2015-11-25T13:25:48.587Z",
    "added": "2015-11-25T13:25:48.587Z",
    "license": "",
    "raid_license": "",
    "hostname": "5ozrixtj910rm5kwia.example.com",
    "equipment": 737,
    "mac": "",
    "password": "",
    "method": "dummy"
  },
  "model": "hwdoc.servermanagement",
  "pk": 524
},
{
  "fields": {
    "username": "",
    "updated": "2015-11-25T13:25:48.587Z",
    "added": "2015-11-25T13:25:48.587Z",
    "license": "",
    "raid_license": "",
    "hostname": "v23znxlk8aot2.example.com",
    "equipment": 605,
    "mac": "",
    "password": "",
    "method": "dummy"
  },
  "model": "hwdoc.servermanagement",
  "pk": 525
},
{
  "fields": {
    "username": "",
    "updated": "2015-11-25T13:25:48.587Z",
    "added": "2015-11-25T13:25:48.587Z",
    "license": "",
    "raid_license": "",
    "hostname": "14n2fbeuf7vofh0a7p.example.com",
    "equipment": 679,
    "mac": "",
    "password": "",
    "method": "dummy"
  },
  "model": "hwdoc.servermanagement",
  "pk": 526
},
{
  "fields": {
    "username": "",
    "updated": "2015-11-25T13:25:48.587Z",
    "added": "2015-11-25T13:25:48.587Z",
    "license": "",
    "raid_license": "",
    "hostname": "4ijmyq9q6b5uvvjkyqfb.example.com",
    "equipment": 686,
    "mac": "",
    "password": "",
    "method": "dummy"
  },
  "model": "hwdoc.servermanagement",
  "pk": 527
},
{
  "fields": {
    "username": "",
    "updated": "2015-11-25T13:25:48.587Z",
    "added": "2015-11-25T13:25:48.587Z",
    "license": "",
    "raid_license": "",
    "hostname": "021y2jven.example.com",
    "equipment": 738,
    "mac": "",
    "password": "",
    "method": "dummy"
  },
  "model": "hwdoc.servermanagement",
  "pk": 528
},
{
  "fields": {
    "username": "",
    "updated": "2015-11-25T13:25:48.588Z",
    "added": "2015-11-25T13:25:48.588Z",
    "license": "",
    "raid_license": "",
    "hostname": "isoywybjlpbrd3.example.com",
    "equipment": 606,
    "mac": "",
    "password": "",
    "method": "dummy"
  },
  "model": "hwdoc.servermanagement",
  "pk": 529
},
{
  "fields": {
    "username": "",
    "updated": "2015-11-25T13:25:48.588Z",
    "added": "2015-11-25T13:25:48.588Z",
    "license": "",
    "raid_license": "",
    "hostname": "hyrkmxm3kw8jivp4s.example.com",
    "equipment": 689,
    "mac": "",
    "password": "",
    "method": "dummy"
  },
  "model": "hwdoc.servermanagement",
  "pk": 530
},
{
  "fields": {
    "username": "",
    "updated": "2015-11-25T13:25:48.588Z",
    "added": "2015-11-25T13:25:48.588Z",
    "license": "",
    "raid_license": "",
    "hostname": "6h1lc3t.example.com",
    "equipment": 644,
    "mac": "",
    "password": "",
    "method": "dummy"
  },
  "model": "hwdoc.servermanagement",
  "pk": 531
},
{
  "fields": {
    "username": "",
    "updated": "2015-11-25T13:25:48.588Z",
    "added": "2015-11-25T13:25:48.588Z",
    "license": "",
    "raid_license": "",
    "hostname": "40ujjqc45g9xav8j.example.com",
    "equipment": 748,
    "mac": "",
    "password": "",
    "method": "dummy"
  },
  "model": "hwdoc.servermanagement",
  "pk": 532
},
{
  "fields": {
    "username": "",
    "updated": "2015-11-25T13:25:48.588Z",
    "added": "2015-11-25T13:25:48.588Z",
    "license": "",
    "raid_license": "",
    "hostname": "j6dbqvg1kj4u.example.com",
    "equipment": 778,
    "mac": "",
    "password": "",
    "method": "dummy"
  },
  "model": "hwdoc.servermanagement",
  "pk": 533
},
{
  "fields": {
    "username": "",
    "updated": "2015-11-25T13:25:48.588Z",
    "added": "2015-11-25T13:25:48.588Z",
    "license": "",
    "raid_license": "",
    "hostname": "qe5f6pofdmrnfut8.example.com",
    "equipment": 731,
    "mac": "",
    "password": "",
    "method": "dummy"
  },
  "model": "hwdoc.servermanagement",
  "pk": 534
},
{
  "fields": {
    "username": "",
    "updated": "2015-11-25T13:25:48.588Z",
    "added": "2015-11-25T13:25:48.588Z",
    "license": "",
    "raid_license": "",
    "hostname": "cvxvyfb5hj1et6xmw4qr.example.com",
    "equipment": 632,
    "mac": "",
    "password": "",
    "method": "dummy"
  },
  "model": "hwdoc.servermanagement",
  "pk": 535
},
{
  "fields": {
    "username": "",
    "updated": "2015-11-25T13:25:48.588Z",
    "added": "2015-11-25T13:25:48.588Z",
    "license": "",
    "raid_license": "",
    "hostname": "ainnsodqiv6ec0vgq.example.com",
    "equipment": 631,
    "mac": "",
    "password": "",
    "method": "dummy"
  },
  "model": "hwdoc.servermanagement",
  "pk": 536
},
{
  "fields": {
    "username": "",
    "updated": "2015-11-25T13:25:48.588Z",
    "added": "2015-11-25T13:25:48.588Z",
    "license": "",
    "raid_license": "",
    "hostname": "fdh872gi.example.com",
    "equipment": 623,
    "mac": "",
    "password": "",
    "method": "dummy"
  },
  "model": "hwdoc.servermanagement",
  "pk": 537
},
{
  "fields": {
    "username": "",
    "updated": "2015-11-25T13:25:48.588Z",
    "added": "2015-11-25T13:25:48.588Z",
    "license": "",
    "raid_license": "",
    "hostname": "whm764x7eaak.example.com",
    "equipment": 785,
    "mac": "",
    "password": "",
    "method": "dummy"
  },
  "model": "hwdoc.servermanagement",
  "pk": 538
},
{
  "fields": {
    "username": "",
    "updated": "2015-11-25T13:25:48.588Z",
    "added": "2015-11-25T13:25:48.588Z",
    "license": "",
    "raid_license": "",
    "hostname": "zvtf4xlhdt5gq.example.com",
    "equipment": 725,
    "mac": "",
    "password": "",
    "method": "dummy"
  },
  "model": "hwdoc.servermanagement",
  "pk": 539
},
{
  "fields": {
    "username": "",
    "updated": "2015-11-25T13:25:48.588Z",
    "added": "2015-11-25T13:25:48.588Z",
    "license": "",
    "raid_license": "",
    "hostname": "1g7r7gy1.example.com",
    "equipment": 643,
    "mac": "",
    "password": "",
    "method": "dummy"
  },
  "model": "hwdoc.servermanagement",
  "pk": 540
},
{
  "fields": {
    "username": "",
    "updated": "2015-11-25T13:25:48.588Z",
    "added": "2015-11-25T13:25:48.588Z",
    "license": "",
    "raid_license": "",
    "hostname": "chwyh5som.example.com",
    "equipment": 676,
    "mac": "",
    "password": "",
    "method": "dummy"
  },
  "model": "hwdoc.servermanagement",
  "pk": 541
},
{
  "fields": {
    "username": "",
    "updated": "2015-11-25T13:25:48.588Z",
    "added": "2015-11-25T13:25:48.588Z",
    "license": "",
    "raid_license": "",
    "hostname": "hextyhh52m6qe.example.com",
    "equipment": 700,
    "mac": "",
    "password": "",
    "method": "dummy"
  },
  "model": "hwdoc.servermanagement",
  "pk": 542
},
{
  "fields": {
    "username": "",
    "updated": "2015-11-25T13:25:48.588Z",
    "added": "2015-11-25T13:25:48.588Z",
    "license": "",
    "raid_license": "",
    "hostname": "n6ypcr9s2yrnmcgvmm2f.example.com",
    "equipment": 720,
    "mac": "",
    "password": "",
    "method": "dummy"
  },
  "model": "hwdoc.servermanagement",
  "pk": 543
},
{
  "fields": {
    "username": "",
    "updated": "2015-11-25T13:25:48.588Z",
    "added": "2015-11-25T13:25:48.588Z",
    "license": "",
    "raid_license": "",
    "hostname": "nbd88oiwlmcxgfj3r.example.com",
    "equipment": 747,
    "mac": "",
    "password": "",
    "method": "dummy"
  },
  "model": "hwdoc.servermanagement",
  "pk": 544
},
{
  "fields": {
    "username": "",
    "updated": "2015-11-25T13:25:48.588Z",
    "added": "2015-11-25T13:25:48.588Z",
    "license": "",
    "raid_license": "",
    "hostname": "pe0wpybwohth.example.com",
    "equipment": 687,
    "mac": "",
    "password": "",
    "method": "dummy"
  },
  "model": "hwdoc.servermanagement",
  "pk": 545
},
{
  "fields": {
    "username": "",
    "updated": "2015-11-25T13:25:48.588Z",
    "added": "2015-11-25T13:25:48.588Z",
    "license": "",
    "raid_license": "",
    "hostname": "4jn1u4aveipd0i20i.example.com",
    "equipment": 682,
    "mac": "",
    "password": "",
    "method": "dummy"
  },
  "model": "hwdoc.servermanagement",
  "pk": 546
},
{
  "fields": {
    "username": "",
    "updated": "2015-11-25T13:25:48.589Z",
    "added": "2015-11-25T13:25:48.588Z",
    "license": "",
    "raid_license": "",
    "hostname": "0o3xs13.example.com",
    "equipment": 695,
    "mac": "",
    "password": "",
    "method": "dummy"
  },
  "model": "hwdoc.servermanagement",
  "pk": 547
},
{
  "fields": {
    "username": "",
    "updated": "2015-11-25T13:25:48.589Z",
    "added": "2015-11-25T13:25:48.589Z",
    "license": "",
    "raid_license": "",
    "hostname": "8xv9dkonk0z321.example.com",
    "equipment": 766,
    "mac": "",
    "password": "",
    "method": "dummy"
  },
  "model": "hwdoc.servermanagement",
  "pk": 548
},
{
  "fields": {
    "username": "",
    "updated": "2015-11-25T13:25:48.589Z",
    "added": "2015-11-25T13:25:48.589Z",
    "license": "",
    "raid_license": "",
    "hostname": "xa5qprl47.example.com",
    "equipment": 621,
    "mac": "",
    "password": "",
    "method": "dummy"
  },
  "model": "hwdoc.servermanagement",
  "pk": 549
},
{
  "fields": {
    "username": "",
    "updated": "2015-11-25T13:25:48.589Z",
    "added": "2015-11-25T13:25:48.589Z",
    "license": "",
    "raid_license": "",
    "hostname": "5ammuofamszj6ahl7e.example.com",
    "equipment": 675,
    "mac": "",
    "password": "",
    "method": "dummy"
  },
  "model": "hwdoc.servermanagement",
  "pk": 550
},
{
  "fields": {
    "username": "",
    "updated": "2015-11-25T13:25:48.589Z",
    "added": "2015-11-25T13:25:48.589Z",
    "license": "",
    "raid_license": "",
    "hostname": "ma66zcdeiu.example.com",
    "equipment": 609,
    "mac": "",
    "password": "",
    "method": "dummy"
  },
  "model": "hwdoc.servermanagement",
  "pk": 551
},
{
  "fields": {
    "username": "",
    "updated": "2015-11-25T13:25:48.589Z",
    "added": "2015-11-25T13:25:48.589Z",
    "license": "",
    "raid_license": "",
    "hostname": "7mobtzuj1b.example.com",
    "equipment": 660,
    "mac": "",
    "password": "",
    "method": "dummy"
  },
  "model": "hwdoc.servermanagement",
  "pk": 552
},
{
  "fields": {
    "username": "",
    "updated": "2015-11-25T13:25:48.589Z",
    "added": "2015-11-25T13:25:48.589Z",
    "license": "",
    "raid_license": "",
    "hostname": "pcd4eibj242zf1casnk.example.com",
    "equipment": 721,
    "mac": "",
    "password": "",
    "method": "dummy"
  },
  "model": "hwdoc.servermanagement",
  "pk": 553
},
{
  "fields": {
    "username": "",
    "updated": "2015-11-25T13:25:48.589Z",
    "added": "2015-11-25T13:25:48.589Z",
    "license": "",
    "raid_license": "",
    "hostname": "mg1uhvk8lzu5ng.example.com",
    "equipment": 726,
    "mac": "",
    "password": "",
    "method": "dummy"
  },
  "model": "hwdoc.servermanagement",
  "pk": 554
},
{
  "fields": {
    "username": "",
    "updated": "2015-11-25T13:25:48.589Z",
    "added": "2015-11-25T13:25:48.589Z",
    "license": "",
    "raid_license": "",
    "hostname": "7y38p9iznivfphr4h.example.com",
    "equipment": 688,
    "mac": "",
    "password": "",
    "method": "dummy"
  },
  "model": "hwdoc.servermanagement",
  "pk": 555
},
{
  "fields": {
    "username": "",
    "updated": "2015-11-25T13:25:48.589Z",
    "added": "2015-11-25T13:25:48.589Z",
    "license": "",
    "raid_license": "",
    "hostname": "qgfammyy.example.com",
    "equipment": 649,
    "mac": "",
    "password": "",
    "method": "dummy"
  },
  "model": "hwdoc.servermanagement",
  "pk": 556
},
{
  "fields": {
    "username": "",
    "updated": "2015-11-25T13:25:48.589Z",
    "added": "2015-11-25T13:25:48.589Z",
    "license": "",
    "raid_license": "",
    "hostname": "0w79dho3n.example.com",
    "equipment": 723,
    "mac": "",
    "password": "",
    "method": "dummy"
  },
  "model": "hwdoc.servermanagement",
  "pk": 557
},
{
  "fields": {
    "username": "",
    "updated": "2015-11-25T13:25:48.589Z",
    "added": "2015-11-25T13:25:48.589Z",
    "license": "",
    "raid_license": "",
    "hostname": "9895v11hxhbrh.example.com",
    "equipment": 763,
    "mac": "",
    "password": "",
    "method": "dummy"
  },
  "model": "hwdoc.servermanagement",
  "pk": 558
},
{
  "fields": {
    "username": "",
    "updated": "2015-11-25T13:25:48.589Z",
    "added": "2015-11-25T13:25:48.589Z",
    "license": "",
    "raid_license": "",
    "hostname": "u8lrjs5z5.example.com",
    "equipment": 680,
    "mac": "",
    "password": "",
    "method": "dummy"
  },
  "model": "hwdoc.servermanagement",
  "pk": 559
},
{
  "fields": {
    "username": "",
    "updated": "2015-11-25T13:25:48.589Z",
    "added": "2015-11-25T13:25:48.589Z",
    "license": "",
    "raid_license": "",
    "hostname": "55z0sp5vy5w1.example.com",
    "equipment": 677,
    "mac": "",
    "password": "",
    "method": "dummy"
  },
  "model": "hwdoc.servermanagement",
  "pk": 560
}
]
